ISO-10303-21;
HEADER;
/* Generated by software containing ST-Developer
 * from STEP Tools, Inc. (www.steptools.com) 
 */

FILE_DESCRIPTION(
/* description */ (''),
/* implementation_level */ '2;1');

FILE_NAME(
/* name */ '',
/* time_stamp */ '2026-03-12T12:49:56+08:00',
/* author */ ('user'),
/* organization */ (''),
/* preprocessor_version */ 'ST-DEVELOPER v20',
/* originating_system */ 'Autodesk Inventor 2025',
/* authorisation */ '');

FILE_SCHEMA (('AUTOMOTIVE_DESIGN { 1 0 10303 214 3 1 1 }'));
ENDSEC;

DATA;
#10=MECHANICAL_DESIGN_GEOMETRIC_PRESENTATION_REPRESENTATION('',(#13,#14),
#2809);
#11=SHAPE_REPRESENTATION_RELATIONSHIP('SRR','None',#2816,#12);
#12=ADVANCED_BREP_SHAPE_REPRESENTATION('',(#15,#16),#2808);
#13=STYLED_ITEM('',(#2825),#15);
#14=STYLED_ITEM('',(#2825),#16);
#15=MANIFOLD_SOLID_BREP('\X2\5BE69AD4\X0\1',#1579);
#16=MANIFOLD_SOLID_BREP('\X2\5BE69AD4\X0\3',#1580);
#17=CONICAL_SURFACE('',#1634,1.25,0.34906585039886);
#18=CONICAL_SURFACE('',#1699,1.25,0.34906585039886);
#19=B_SPLINE_SURFACE_WITH_KNOTS('',3,1,((#2272,#2273),(#2274,#2275),(#2276,
#2277),(#2278,#2279)),.UNSPECIFIED.,.F.,.F.,.F.,(4,4),(2,2),(0.,0.0351083960004023),
(0.,0.0145425226030779),.UNSPECIFIED.);
#20=B_SPLINE_SURFACE_WITH_KNOTS('',3,1,((#2630,#2631),(#2632,#2633),(#2634,
#2635),(#2636,#2637)),.UNSPECIFIED.,.F.,.F.,.F.,(4,4),(2,2),(0.,0.0351083960004023),
(0.,0.0145425226030779),.UNSPECIFIED.);
#21=B_SPLINE_CURVE_WITH_KNOTS('',3,(#2265,#2266,#2267,#2268,#2269,#2270,
#2271),.UNSPECIFIED.,.F.,.F.,(4,3,4),(0.,0.00843968214893545,0.0134709132548437),
 .UNSPECIFIED.);
#22=B_SPLINE_CURVE_WITH_KNOTS('',3,(#2281,#2282,#2283,#2284,#2285,#2286,
#2287),.UNSPECIFIED.,.F.,.F.,(4,3,4),(-0.012497646076559,-0.00622312957747029,
0.),.UNSPECIFIED.);
#23=B_SPLINE_CURVE_WITH_KNOTS('',3,(#2317,#2318,#2319,#2320,#2321,#2322,
#2323,#2324,#2325,#2326,#2327,#2328),.UNSPECIFIED.,.F.,.F.,(4,2,2,2,2,4),
(-0.0940036194534467,-0.0699401350824827,-0.0469306433807616,-0.0351979825355712,
-0.0234653216903808,0.),.UNSPECIFIED.);
#24=B_SPLINE_CURVE_WITH_KNOTS('',3,(#2330,#2331,#2332,#2333,#2334,#2335,
#2336,#2337,#2338,#2339,#2340,#2341,#2342,#2343,#2344,#2345,#2346,#2347,
#2348,#2349,#2350,#2351,#2352,#2353,#2354,#2355,#2356,#2357,#2358,#2359,
#2360,#2361,#2362,#2363,#2364,#2365,#2366,#2367),.UNSPECIFIED.,.F.,.F.,
(4,2,2,2,2,2,2,2,2,2,2,2,2,2,2,2,2,2,4),(-0.522390816395786,-0.422270655579695,
-0.372210575171649,-0.347180534967626,-0.322150494763603,-0.306439230511575,
-0.290727966259546,-0.269922009431376,-0.264451734004011,-0.261195408197893,
-0.257939082391775,-0.25246880696441,-0.23166285013624,-0.215951585884212,
-0.200240321632183,-0.17521028142816,-0.150180241224137,-0.100120160816091,
-0.0760088162330155),.UNSPECIFIED.);
#25=B_SPLINE_CURVE_WITH_KNOTS('',3,(#2368,#2369,#2370,#2371),
 .UNSPECIFIED.,.F.,.F.,(4,4),(0.,1.02103172871233),.UNSPECIFIED.);
#26=B_SPLINE_CURVE_WITH_KNOTS('',3,(#2372,#2373,#2374,#2375,#2376,#2377,
#2378,#2379),.UNSPECIFIED.,.F.,.F.,(4,2,2,4),(-0.205080702793681,-0.19372728433833,
-0.170717792636609,-0.146654308265645),.UNSPECIFIED.);
#27=B_SPLINE_CURVE_WITH_KNOTS('',3,(#2383,#2384,#2385,#2386,#2387,#2388,
#2389,#2390,#2391,#2392),.UNSPECIFIED.,.F.,.F.,(4,3,3,4),(0.,7.82159412598025E-5,
0.000151707771809918,0.000199162903760465),.UNSPECIFIED.);
#28=B_SPLINE_CURVE_WITH_KNOTS('',3,(#2396,#2397,#2398,#2399,#2400,#2401,
#2402,#2403,#2404,#2405,#2406,#2407),.UNSPECIFIED.,.F.,.F.,(4,2,2,2,2,4),
(2.26474405500302,2.30795740565339,2.36091165260655,2.38738877608312,2.4138658995597,
2.43496135299334),.UNSPECIFIED.);
#29=B_SPLINE_CURVE_WITH_KNOTS('',3,(#2412,#2413,#2414,#2415,#2416,#2417,
#2418,#2419,#2420,#2421),.UNSPECIFIED.,.F.,.F.,(4,2,2,2,4),(0.,0.0187139048463075,
0.037427809692615,0.0582926822965746,0.0791575549005341),.UNSPECIFIED.);
#30=B_SPLINE_CURVE_WITH_KNOTS('',3,(#2620,#2621,#2622,#2623,#2624,#2625,
#2626),.UNSPECIFIED.,.F.,.F.,(4,3,4),(0.,0.00843968214893545,0.0134709132548437),
 .UNSPECIFIED.);
#31=B_SPLINE_CURVE_WITH_KNOTS('',3,(#2640,#2641,#2642,#2643,#2644,#2645,
#2646),.UNSPECIFIED.,.F.,.F.,(4,3,4),(-0.012497646076559,-0.00622312957747029,
0.),.UNSPECIFIED.);
#32=B_SPLINE_CURVE_WITH_KNOTS('',3,(#2676,#2677,#2678,#2679,#2680,#2681,
#2682,#2683),.UNSPECIFIED.,.F.,.F.,(4,2,2,4),(-0.205080702793681,-0.19372728433833,
-0.170717792636609,-0.146654308265645),.UNSPECIFIED.);
#33=B_SPLINE_CURVE_WITH_KNOTS('',3,(#2685,#2686,#2687,#2688),
 .UNSPECIFIED.,.F.,.F.,(4,4),(0.,1.02103172871233),.UNSPECIFIED.);
#34=B_SPLINE_CURVE_WITH_KNOTS('',3,(#2689,#2690,#2691,#2692,#2693,#2694,
#2695,#2696,#2697,#2698,#2699,#2700,#2701,#2702,#2703,#2704,#2705,#2706,
#2707,#2708,#2709,#2710,#2711,#2712,#2713,#2714,#2715,#2716,#2717,#2718,
#2719,#2720,#2721,#2722,#2723,#2724,#2725,#2726),.UNSPECIFIED.,.F.,.F.,
(4,2,2,2,2,2,2,2,2,2,2,2,2,2,2,2,2,2,4),(-0.522390816395786,-0.422270655579695,
-0.372210575171649,-0.347180534967626,-0.322150494763603,-0.306439230511575,
-0.290727966259546,-0.269922009431376,-0.264451734004011,-0.261195408197893,
-0.257939082391775,-0.25246880696441,-0.23166285013624,-0.215951585884212,
-0.200240321632183,-0.17521028142816,-0.150180241224137,-0.100120160816091,
-0.0760088162330155),.UNSPECIFIED.);
#35=B_SPLINE_CURVE_WITH_KNOTS('',3,(#2727,#2728,#2729,#2730,#2731,#2732,
#2733,#2734,#2735,#2736,#2737,#2738),.UNSPECIFIED.,.F.,.F.,(4,2,2,2,2,4),
(-0.0940036194534467,-0.0699401350824827,-0.0469306433807616,-0.0351979825355712,
-0.0234653216903808,0.),.UNSPECIFIED.);
#36=B_SPLINE_CURVE_WITH_KNOTS('',3,(#2742,#2743,#2744,#2745,#2746,#2747,
#2748,#2749,#2750,#2751),.UNSPECIFIED.,.F.,.F.,(4,3,3,4),(0.,7.82159412598011E-5,
0.000151707771809923,0.000199162903760465),.UNSPECIFIED.);
#37=B_SPLINE_CURVE_WITH_KNOTS('',3,(#2754,#2755,#2756,#2757,#2758,#2759,
#2760,#2761,#2762,#2763),.UNSPECIFIED.,.F.,.F.,(4,2,2,2,4),(0.,0.0187139048463075,
0.037427809692615,0.0582926822965746,0.0791575549005341),.UNSPECIFIED.);
#38=B_SPLINE_CURVE_WITH_KNOTS('',3,(#2769,#2770,#2771,#2772,#2773,#2774,
#2775,#2776,#2777,#2778,#2779,#2780),.UNSPECIFIED.,.F.,.F.,(4,2,2,2,2,4),
(2.26474405500302,2.30795740565339,2.36091165260655,2.38738877608312,2.4138658995597,
2.43496135299334),.UNSPECIFIED.);
#39=ELLIPSE('',#1631,0.752236967852911,0.5);
#40=ELLIPSE('',#1640,117.684572316191,1.25);
#41=ELLIPSE('',#1641,14.3421415570883,1.25);
#42=ELLIPSE('',#1642,220.289679768119,1.25);
#43=ELLIPSE('',#1651,0.503754912729424,0.5);
#44=ELLIPSE('',#1654,1.33665881210785,1.25);
#45=ELLIPSE('',#1657,1.33665881210785,1.25);
#46=ELLIPSE('',#1686,1.33665881210785,1.25);
#47=ELLIPSE('',#1691,1.33665881210785,1.25);
#48=ELLIPSE('',#1694,0.752236967852911,0.5);
#49=ELLIPSE('',#1706,220.289679768119,1.25);
#50=ELLIPSE('',#1707,14.3421415570883,1.25);
#51=ELLIPSE('',#1708,117.684572316191,1.25);
#52=ELLIPSE('',#1715,0.503754912729424,0.5);
#53=(
BOUNDED_CURVE()
B_SPLINE_CURVE(2,(#2238,#2239,#2240),.UNSPECIFIED.,.F.,.F.)
B_SPLINE_CURVE_WITH_KNOTS((3,3),(-2.60234797974036,-1.79805746801368),
 .UNSPECIFIED.)
CURVE()
GEOMETRIC_REPRESENTATION_ITEM()
RATIONAL_B_SPLINE_CURVE((1.75162158366374,2.21520520583342,2.32044033574995))
REPRESENTATION_ITEM('')
);
#54=(
BOUNDED_CURVE()
B_SPLINE_CURVE(2,(#2249,#2250,#2251),.UNSPECIFIED.,.F.,.F.)
B_SPLINE_CURVE_WITH_KNOTS((3,3),(0.29986282390999,1.10827418395967),
 .UNSPECIFIED.)
CURVE()
GEOMETRIC_REPRESENTATION_ITEM()
RATIONAL_B_SPLINE_CURVE((1.9700670965774,3.16541097887772,3.75537603936889))
REPRESENTATION_ITEM('')
);
#55=(
BOUNDED_CURVE()
B_SPLINE_CURVE(2,(#2302,#2303,#2304),.UNSPECIFIED.,.F.,.F.)
B_SPLINE_CURVE_WITH_KNOTS((3,3),(1.90892241026881,1.96592742114845),
 .UNSPECIFIED.)
CURVE()
GEOMETRIC_REPRESENTATION_ITEM()
RATIONAL_B_SPLINE_CURVE((2.63032429949713,2.1948944487722,1.73200477132537))
REPRESENTATION_ITEM('')
);
#56=(
BOUNDED_CURVE()
B_SPLINE_CURVE(2,(#2571,#2572,#2573),.UNSPECIFIED.,.F.,.F.)
B_SPLINE_CURVE_WITH_KNOTS((3,3),(0.29986282390999,1.10827418395967),
 .UNSPECIFIED.)
CURVE()
GEOMETRIC_REPRESENTATION_ITEM()
RATIONAL_B_SPLINE_CURVE((1.9700670965774,3.16541097887772,3.75537603936889))
REPRESENTATION_ITEM('')
);
#57=(
BOUNDED_CURVE()
B_SPLINE_CURVE(2,(#2607,#2608,#2609),.UNSPECIFIED.,.F.,.F.)
B_SPLINE_CURVE_WITH_KNOTS((3,3),(-2.60234797974036,-1.79805746801368),
 .UNSPECIFIED.)
CURVE()
GEOMETRIC_REPRESENTATION_ITEM()
RATIONAL_B_SPLINE_CURVE((1.75162158366374,2.21520520583342,2.32044033574995))
REPRESENTATION_ITEM('')
);
#58=(
BOUNDED_CURVE()
B_SPLINE_CURVE(2,(#2658,#2659,#2660),.UNSPECIFIED.,.F.,.F.)
B_SPLINE_CURVE_WITH_KNOTS((3,3),(1.90892241026881,1.96592742114845),
 .UNSPECIFIED.)
CURVE()
GEOMETRIC_REPRESENTATION_ITEM()
RATIONAL_B_SPLINE_CURVE((2.63032429949713,2.1948944487722,1.73200477132537))
REPRESENTATION_ITEM('')
);
#59=FACE_BOUND('',#228,.T.);
#60=FACE_BOUND('',#229,.T.);
#61=FACE_BOUND('',#233,.T.);
#62=FACE_BOUND('',#234,.T.);
#63=FACE_BOUND('',#273,.T.);
#64=FACE_BOUND('',#274,.T.);
#65=FACE_BOUND('',#278,.T.);
#66=FACE_BOUND('',#279,.T.);
#67=PLANE('',#1609);
#68=PLANE('',#1610);
#69=PLANE('',#1611);
#70=PLANE('',#1612);
#71=PLANE('',#1613);
#72=PLANE('',#1614);
#73=PLANE('',#1615);
#74=PLANE('',#1616);
#75=PLANE('',#1617);
#76=PLANE('',#1618);
#77=PLANE('',#1619);
#78=PLANE('',#1620);
#79=PLANE('',#1621);
#80=PLANE('',#1622);
#81=PLANE('',#1623);
#82=PLANE('',#1625);
#83=PLANE('',#1626);
#84=PLANE('',#1627);
#85=PLANE('',#1628);
#86=PLANE('',#1630);
#87=PLANE('',#1632);
#88=PLANE('',#1633);
#89=PLANE('',#1636);
#90=PLANE('',#1644);
#91=PLANE('',#1645);
#92=PLANE('',#1648);
#93=PLANE('',#1652);
#94=PLANE('',#1653);
#95=PLANE('',#1656);
#96=PLANE('',#1659);
#97=PLANE('',#1660);
#98=PLANE('',#1662);
#99=PLANE('',#1669);
#100=PLANE('',#1670);
#101=PLANE('',#1671);
#102=PLANE('',#1672);
#103=PLANE('',#1673);
#104=PLANE('',#1674);
#105=PLANE('',#1675);
#106=PLANE('',#1676);
#107=PLANE('',#1677);
#108=PLANE('',#1678);
#109=PLANE('',#1679);
#110=PLANE('',#1680);
#111=PLANE('',#1681);
#112=PLANE('',#1682);
#113=PLANE('',#1683);
#114=PLANE('',#1685);
#115=PLANE('',#1687);
#116=PLANE('',#1688);
#117=PLANE('',#1692);
#118=PLANE('',#1693);
#119=PLANE('',#1695);
#120=PLANE('',#1696);
#121=PLANE('',#1698);
#122=PLANE('',#1701);
#123=PLANE('',#1709);
#124=PLANE('',#1710);
#125=PLANE('',#1712);
#126=PLANE('',#1716);
#127=PLANE('',#1717);
#128=PLANE('',#1719);
#129=PLANE('',#1720);
#130=PLANE('',#1722);
#131=FACE_OUTER_BOUND('',#217,.T.);
#132=FACE_OUTER_BOUND('',#218,.T.);
#133=FACE_OUTER_BOUND('',#219,.T.);
#134=FACE_OUTER_BOUND('',#220,.T.);
#135=FACE_OUTER_BOUND('',#221,.T.);
#136=FACE_OUTER_BOUND('',#222,.T.);
#137=FACE_OUTER_BOUND('',#223,.T.);
#138=FACE_OUTER_BOUND('',#224,.T.);
#139=FACE_OUTER_BOUND('',#225,.T.);
#140=FACE_OUTER_BOUND('',#226,.T.);
#141=FACE_OUTER_BOUND('',#227,.T.);
#142=FACE_OUTER_BOUND('',#230,.T.);
#143=FACE_OUTER_BOUND('',#231,.T.);
#144=FACE_OUTER_BOUND('',#232,.T.);
#145=FACE_OUTER_BOUND('',#235,.T.);
#146=FACE_OUTER_BOUND('',#236,.T.);
#147=FACE_OUTER_BOUND('',#237,.T.);
#148=FACE_OUTER_BOUND('',#238,.T.);
#149=FACE_OUTER_BOUND('',#239,.T.);
#150=FACE_OUTER_BOUND('',#240,.T.);
#151=FACE_OUTER_BOUND('',#241,.T.);
#152=FACE_OUTER_BOUND('',#242,.T.);
#153=FACE_OUTER_BOUND('',#243,.T.);
#154=FACE_OUTER_BOUND('',#244,.T.);
#155=FACE_OUTER_BOUND('',#245,.T.);
#156=FACE_OUTER_BOUND('',#246,.T.);
#157=FACE_OUTER_BOUND('',#247,.T.);
#158=FACE_OUTER_BOUND('',#248,.T.);
#159=FACE_OUTER_BOUND('',#249,.T.);
#160=FACE_OUTER_BOUND('',#250,.T.);
#161=FACE_OUTER_BOUND('',#251,.T.);
#162=FACE_OUTER_BOUND('',#252,.T.);
#163=FACE_OUTER_BOUND('',#253,.T.);
#164=FACE_OUTER_BOUND('',#254,.T.);
#165=FACE_OUTER_BOUND('',#255,.T.);
#166=FACE_OUTER_BOUND('',#256,.T.);
#167=FACE_OUTER_BOUND('',#257,.T.);
#168=FACE_OUTER_BOUND('',#258,.T.);
#169=FACE_OUTER_BOUND('',#259,.T.);
#170=FACE_OUTER_BOUND('',#260,.T.);
#171=FACE_OUTER_BOUND('',#261,.T.);
#172=FACE_OUTER_BOUND('',#262,.T.);
#173=FACE_OUTER_BOUND('',#263,.T.);
#174=FACE_OUTER_BOUND('',#264,.T.);
#175=FACE_OUTER_BOUND('',#265,.T.);
#176=FACE_OUTER_BOUND('',#266,.T.);
#177=FACE_OUTER_BOUND('',#267,.T.);
#178=FACE_OUTER_BOUND('',#268,.T.);
#179=FACE_OUTER_BOUND('',#269,.T.);
#180=FACE_OUTER_BOUND('',#270,.T.);
#181=FACE_OUTER_BOUND('',#271,.T.);
#182=FACE_OUTER_BOUND('',#272,.T.);
#183=FACE_OUTER_BOUND('',#275,.T.);
#184=FACE_OUTER_BOUND('',#276,.T.);
#185=FACE_OUTER_BOUND('',#277,.T.);
#186=FACE_OUTER_BOUND('',#280,.T.);
#187=FACE_OUTER_BOUND('',#281,.T.);
#188=FACE_OUTER_BOUND('',#282,.T.);
#189=FACE_OUTER_BOUND('',#283,.T.);
#190=FACE_OUTER_BOUND('',#284,.T.);
#191=FACE_OUTER_BOUND('',#285,.T.);
#192=FACE_OUTER_BOUND('',#286,.T.);
#193=FACE_OUTER_BOUND('',#287,.T.);
#194=FACE_OUTER_BOUND('',#288,.T.);
#195=FACE_OUTER_BOUND('',#289,.T.);
#196=FACE_OUTER_BOUND('',#290,.T.);
#197=FACE_OUTER_BOUND('',#291,.T.);
#198=FACE_OUTER_BOUND('',#292,.T.);
#199=FACE_OUTER_BOUND('',#293,.T.);
#200=FACE_OUTER_BOUND('',#294,.T.);
#201=FACE_OUTER_BOUND('',#295,.T.);
#202=FACE_OUTER_BOUND('',#296,.T.);
#203=FACE_OUTER_BOUND('',#297,.T.);
#204=FACE_OUTER_BOUND('',#298,.T.);
#205=FACE_OUTER_BOUND('',#299,.T.);
#206=FACE_OUTER_BOUND('',#300,.T.);
#207=FACE_OUTER_BOUND('',#301,.T.);
#208=FACE_OUTER_BOUND('',#302,.T.);
#209=FACE_OUTER_BOUND('',#303,.T.);
#210=FACE_OUTER_BOUND('',#304,.T.);
#211=FACE_OUTER_BOUND('',#305,.T.);
#212=FACE_OUTER_BOUND('',#306,.T.);
#213=FACE_OUTER_BOUND('',#307,.T.);
#214=FACE_OUTER_BOUND('',#308,.T.);
#215=FACE_OUTER_BOUND('',#309,.T.);
#216=FACE_OUTER_BOUND('',#310,.T.);
#217=EDGE_LOOP('',(#1027,#1028,#1029,#1030));
#218=EDGE_LOOP('',(#1031,#1032,#1033,#1034));
#219=EDGE_LOOP('',(#1035,#1036,#1037,#1038,#1039));
#220=EDGE_LOOP('',(#1040,#1041,#1042,#1043,#1044));
#221=EDGE_LOOP('',(#1045,#1046,#1047));
#222=EDGE_LOOP('',(#1048,#1049,#1050));
#223=EDGE_LOOP('',(#1051,#1052,#1053,#1054,#1055,#1056,#1057));
#224=EDGE_LOOP('',(#1058,#1059,#1060,#1061,#1062,#1063,#1064,#1065,#1066));
#225=EDGE_LOOP('',(#1067,#1068,#1069));
#226=EDGE_LOOP('',(#1070,#1071,#1072,#1073,#1074,#1075));
#227=EDGE_LOOP('',(#1076,#1077,#1078,#1079));
#228=EDGE_LOOP('',(#1080));
#229=EDGE_LOOP('',(#1081));
#230=EDGE_LOOP('',(#1082,#1083,#1084,#1085));
#231=EDGE_LOOP('',(#1086,#1087,#1088,#1089,#1090,#1091));
#232=EDGE_LOOP('',(#1092,#1093,#1094,#1095));
#233=EDGE_LOOP('',(#1096));
#234=EDGE_LOOP('',(#1097));
#235=EDGE_LOOP('',(#1098,#1099,#1100,#1101,#1102,#1103));
#236=EDGE_LOOP('',(#1104,#1105,#1106));
#237=EDGE_LOOP('',(#1107,#1108,#1109,#1110,#1111));
#238=EDGE_LOOP('',(#1112,#1113,#1114,#1115,#1116,#1117,#1118,#1119));
#239=EDGE_LOOP('',(#1120,#1121,#1122,#1123));
#240=EDGE_LOOP('',(#1124,#1125,#1126,#1127,#1128));
#241=EDGE_LOOP('',(#1129,#1130,#1131,#1132,#1133,#1134,#1135));
#242=EDGE_LOOP('',(#1136,#1137,#1138,#1139));
#243=EDGE_LOOP('',(#1140,#1141,#1142));
#244=EDGE_LOOP('',(#1143,#1144,#1145,#1146,#1147));
#245=EDGE_LOOP('',(#1148,#1149,#1150,#1151,#1152,#1153));
#246=EDGE_LOOP('',(#1154,#1155,#1156,#1157,#1158));
#247=EDGE_LOOP('',(#1159,#1160,#1161,#1162));
#248=EDGE_LOOP('',(#1163,#1164,#1165,#1166,#1167,#1168,#1169));
#249=EDGE_LOOP('',(#1170,#1171,#1172,#1173,#1174,#1175,#1176,#1177,#1178,
#1179));
#250=EDGE_LOOP('',(#1180,#1181,#1182,#1183));
#251=EDGE_LOOP('',(#1184,#1185,#1186,#1187,#1188));
#252=EDGE_LOOP('',(#1189,#1190,#1191,#1192));
#253=EDGE_LOOP('',(#1193,#1194,#1195,#1196,#1197));
#254=EDGE_LOOP('',(#1198,#1199,#1200,#1201));
#255=EDGE_LOOP('',(#1202,#1203,#1204,#1205,#1206,#1207));
#256=EDGE_LOOP('',(#1208,#1209,#1210,#1211));
#257=EDGE_LOOP('',(#1212,#1213,#1214,#1215,#1216,#1217,#1218,#1219,#1220,
#1221,#1222,#1223));
#258=EDGE_LOOP('',(#1224,#1225,#1226,#1227));
#259=EDGE_LOOP('',(#1228,#1229,#1230,#1231));
#260=EDGE_LOOP('',(#1232,#1233,#1234,#1235));
#261=EDGE_LOOP('',(#1236,#1237,#1238,#1239));
#262=EDGE_LOOP('',(#1240,#1241,#1242,#1243,#1244));
#263=EDGE_LOOP('',(#1245,#1246,#1247,#1248,#1249,#1250));
#264=EDGE_LOOP('',(#1251,#1252,#1253,#1254));
#265=EDGE_LOOP('',(#1255,#1256,#1257,#1258));
#266=EDGE_LOOP('',(#1259,#1260,#1261));
#267=EDGE_LOOP('',(#1262,#1263,#1264,#1265,#1266,#1267,#1268));
#268=EDGE_LOOP('',(#1269,#1270,#1271));
#269=EDGE_LOOP('',(#1272,#1273,#1274,#1275,#1276));
#270=EDGE_LOOP('',(#1277,#1278,#1279,#1280,#1281));
#271=EDGE_LOOP('',(#1282,#1283,#1284,#1285,#1286,#1287,#1288,#1289,#1290));
#272=EDGE_LOOP('',(#1291,#1292,#1293,#1294));
#273=EDGE_LOOP('',(#1295));
#274=EDGE_LOOP('',(#1296));
#275=EDGE_LOOP('',(#1297,#1298,#1299,#1300,#1301,#1302));
#276=EDGE_LOOP('',(#1303,#1304,#1305,#1306));
#277=EDGE_LOOP('',(#1307,#1308,#1309,#1310));
#278=EDGE_LOOP('',(#1311));
#279=EDGE_LOOP('',(#1312));
#280=EDGE_LOOP('',(#1313,#1314,#1315,#1316,#1317,#1318));
#281=EDGE_LOOP('',(#1319,#1320,#1321,#1322,#1323,#1324));
#282=EDGE_LOOP('',(#1325,#1326,#1327));
#283=EDGE_LOOP('',(#1328,#1329,#1330));
#284=EDGE_LOOP('',(#1331,#1332,#1333,#1334,#1335,#1336,#1337));
#285=EDGE_LOOP('',(#1338,#1339,#1340,#1341));
#286=EDGE_LOOP('',(#1342,#1343,#1344,#1345));
#287=EDGE_LOOP('',(#1346,#1347,#1348,#1349,#1350,#1351,#1352,#1353,#1354,
#1355,#1356,#1357));
#288=EDGE_LOOP('',(#1358,#1359,#1360,#1361,#1362,#1363,#1364,#1365));
#289=EDGE_LOOP('',(#1366,#1367,#1368,#1369));
#290=EDGE_LOOP('',(#1370,#1371,#1372));
#291=EDGE_LOOP('',(#1373,#1374,#1375,#1376,#1377));
#292=EDGE_LOOP('',(#1378,#1379,#1380,#1381,#1382));
#293=EDGE_LOOP('',(#1383,#1384,#1385,#1386,#1387,#1388));
#294=EDGE_LOOP('',(#1389,#1390,#1391,#1392,#1393));
#295=EDGE_LOOP('',(#1394,#1395,#1396,#1397));
#296=EDGE_LOOP('',(#1398,#1399,#1400,#1401,#1402,#1403,#1404));
#297=EDGE_LOOP('',(#1405,#1406,#1407,#1408,#1409,#1410,#1411,#1412,#1413,
#1414));
#298=EDGE_LOOP('',(#1415,#1416,#1417,#1418));
#299=EDGE_LOOP('',(#1419,#1420,#1421,#1422,#1423));
#300=EDGE_LOOP('',(#1424,#1425,#1426,#1427));
#301=EDGE_LOOP('',(#1428,#1429,#1430,#1431,#1432));
#302=EDGE_LOOP('',(#1433,#1434,#1435,#1436));
#303=EDGE_LOOP('',(#1437,#1438,#1439,#1440,#1441,#1442));
#304=EDGE_LOOP('',(#1443,#1444,#1445,#1446));
#305=EDGE_LOOP('',(#1447,#1448,#1449,#1450,#1451));
#306=EDGE_LOOP('',(#1452,#1453,#1454,#1455));
#307=EDGE_LOOP('',(#1456,#1457,#1458,#1459));
#308=EDGE_LOOP('',(#1460,#1461,#1462,#1463));
#309=EDGE_LOOP('',(#1464,#1465,#1466,#1467,#1468));
#310=EDGE_LOOP('',(#1469,#1470,#1471,#1472,#1473,#1474));
#311=LINE('',#2134,#475);
#312=LINE('',#2140,#476);
#313=LINE('',#2145,#477);
#314=LINE('',#2147,#478);
#315=LINE('',#2149,#479);
#316=LINE('',#2151,#480);
#317=LINE('',#2152,#481);
#318=LINE('',#2156,#482);
#319=LINE('',#2158,#483);
#320=LINE('',#2159,#484);
#321=LINE('',#2160,#485);
#322=LINE('',#2163,#486);
#323=LINE('',#2165,#487);
#324=LINE('',#2166,#488);
#325=LINE('',#2169,#489);
#326=LINE('',#2170,#490);
#327=LINE('',#2173,#491);
#328=LINE('',#2175,#492);
#329=LINE('',#2177,#493);
#330=LINE('',#2179,#494);
#331=LINE('',#2180,#495);
#332=LINE('',#2184,#496);
#333=LINE('',#2185,#497);
#334=LINE('',#2187,#498);
#335=LINE('',#2189,#499);
#336=LINE('',#2191,#500);
#337=LINE('',#2193,#501);
#338=LINE('',#2194,#502);
#339=LINE('',#2195,#503);
#340=LINE('',#2198,#504);
#341=LINE('',#2199,#505);
#342=LINE('',#2202,#506);
#343=LINE('',#2204,#507);
#344=LINE('',#2205,#508);
#345=LINE('',#2208,#509);
#346=LINE('',#2209,#510);
#347=LINE('',#2212,#511);
#348=LINE('',#2213,#512);
#349=LINE('',#2216,#513);
#350=LINE('',#2217,#514);
#351=LINE('',#2219,#515);
#352=LINE('',#2223,#516);
#353=LINE('',#2224,#517);
#354=LINE('',#2227,#518);
#355=LINE('',#2230,#519);
#356=LINE('',#2233,#520);
#357=LINE('',#2235,#521);
#358=LINE('',#2237,#522);
#359=LINE('',#2242,#523);
#360=LINE('',#2245,#524);
#361=LINE('',#2246,#525);
#362=LINE('',#2253,#526);
#363=LINE('',#2256,#527);
#364=LINE('',#2260,#528);
#365=LINE('',#2264,#529);
#366=LINE('',#2288,#530);
#367=LINE('',#2291,#531);
#368=LINE('',#2293,#532);
#369=LINE('',#2294,#533);
#370=LINE('',#2297,#534);
#371=LINE('',#2299,#535);
#372=LINE('',#2301,#536);
#373=LINE('',#2309,#537);
#374=LINE('',#2311,#538);
#375=LINE('',#2312,#539);
#376=LINE('',#2424,#540);
#377=LINE('',#2425,#541);
#378=LINE('',#2429,#542);
#379=LINE('',#2430,#543);
#380=LINE('',#2431,#544);
#381=LINE('',#2434,#545);
#382=LINE('',#2437,#546);
#383=LINE('',#2443,#547);
#384=LINE('',#2445,#548);
#385=LINE('',#2446,#549);
#386=LINE('',#2451,#550);
#387=LINE('',#2453,#551);
#388=LINE('',#2456,#552);
#389=LINE('',#2460,#553);
#390=LINE('',#2461,#554);
#391=LINE('',#2463,#555);
#392=LINE('',#2464,#556);
#393=LINE('',#2472,#557);
#394=LINE('',#2478,#558);
#395=LINE('',#2483,#559);
#396=LINE('',#2485,#560);
#397=LINE('',#2486,#561);
#398=LINE('',#2490,#562);
#399=LINE('',#2491,#563);
#400=LINE('',#2493,#564);
#401=LINE('',#2495,#565);
#402=LINE('',#2497,#566);
#403=LINE('',#2498,#567);
#404=LINE('',#2501,#568);
#405=LINE('',#2502,#569);
#406=LINE('',#2506,#570);
#407=LINE('',#2508,#571);
#408=LINE('',#2510,#572);
#409=LINE('',#2512,#573);
#410=LINE('',#2513,#574);
#411=LINE('',#2516,#575);
#412=LINE('',#2517,#576);
#413=LINE('',#2518,#577);
#414=LINE('',#2522,#578);
#415=LINE('',#2524,#579);
#416=LINE('',#2526,#580);
#417=LINE('',#2527,#581);
#418=LINE('',#2529,#582);
#419=LINE('',#2531,#583);
#420=LINE('',#2533,#584);
#421=LINE('',#2534,#585);
#422=LINE('',#2537,#586);
#423=LINE('',#2538,#587);
#424=LINE('',#2541,#588);
#425=LINE('',#2543,#589);
#426=LINE('',#2544,#590);
#427=LINE('',#2547,#591);
#428=LINE('',#2549,#592);
#429=LINE('',#2550,#593);
#430=LINE('',#2552,#594);
#431=LINE('',#2553,#595);
#432=LINE('',#2556,#596);
#433=LINE('',#2558,#597);
#434=LINE('',#2561,#598);
#435=LINE('',#2562,#599);
#436=LINE('',#2565,#600);
#437=LINE('',#2569,#601);
#438=LINE('',#2574,#602);
#439=LINE('',#2577,#603);
#440=LINE('',#2581,#604);
#441=LINE('',#2582,#605);
#442=LINE('',#2585,#606);
#443=LINE('',#2587,#607);
#444=LINE('',#2591,#608);
#445=LINE('',#2593,#609);
#446=LINE('',#2595,#610);
#447=LINE('',#2599,#611);
#448=LINE('',#2601,#612);
#449=LINE('',#2605,#613);
#450=LINE('',#2611,#614);
#451=LINE('',#2613,#615);
#452=LINE('',#2614,#616);
#453=LINE('',#2618,#617);
#454=LINE('',#2628,#618);
#455=LINE('',#2639,#619);
#456=LINE('',#2648,#620);
#457=LINE('',#2650,#621);
#458=LINE('',#2651,#622);
#459=LINE('',#2656,#623);
#460=LINE('',#2662,#624);
#461=LINE('',#2663,#625);
#462=LINE('',#2668,#626);
#463=LINE('',#2670,#627);
#464=LINE('',#2671,#628);
#465=LINE('',#2783,#629);
#466=LINE('',#2784,#630);
#467=LINE('',#2786,#631);
#468=LINE('',#2787,#632);
#469=LINE('',#2789,#633);
#470=LINE('',#2795,#634);
#471=LINE('',#2798,#635);
#472=LINE('',#2799,#636);
#473=LINE('',#2801,#637);
#474=LINE('',#2802,#638);
#475=VECTOR('',#1729,1.65);
#476=VECTOR('',#1736,1.65);
#477=VECTOR('',#1741,10.);
#478=VECTOR('',#1742,10.);
#479=VECTOR('',#1743,10.);
#480=VECTOR('',#1744,10.);
#481=VECTOR('',#1745,10.);
#482=VECTOR('',#1748,10.);
#483=VECTOR('',#1749,10.);
#484=VECTOR('',#1750,10.);
#485=VECTOR('',#1751,10.);
#486=VECTOR('',#1754,10.);
#487=VECTOR('',#1755,10.);
#488=VECTOR('',#1756,10.);
#489=VECTOR('',#1759,10.);
#490=VECTOR('',#1760,10.);
#491=VECTOR('',#1763,10.);
#492=VECTOR('',#1764,10.);
#493=VECTOR('',#1765,10.);
#494=VECTOR('',#1766,10.);
#495=VECTOR('',#1767,10.);
#496=VECTOR('',#1770,10.);
#497=VECTOR('',#1771,10.);
#498=VECTOR('',#1772,10.);
#499=VECTOR('',#1773,10.);
#500=VECTOR('',#1774,10.);
#501=VECTOR('',#1775,10.);
#502=VECTOR('',#1776,10.);
#503=VECTOR('',#1777,10.);
#504=VECTOR('',#1780,10.);
#505=VECTOR('',#1781,10.);
#506=VECTOR('',#1784,10.);
#507=VECTOR('',#1785,10.);
#508=VECTOR('',#1786,10.);
#509=VECTOR('',#1789,10.);
#510=VECTOR('',#1790,10.);
#511=VECTOR('',#1793,10.);
#512=VECTOR('',#1794,10.);
#513=VECTOR('',#1797,10.);
#514=VECTOR('',#1798,10.);
#515=VECTOR('',#1801,10.);
#516=VECTOR('',#1806,10.);
#517=VECTOR('',#1807,10.);
#518=VECTOR('',#1810,5.87462547575866);
#519=VECTOR('',#1813,10.6107444508263);
#520=VECTOR('',#1816,8.20550904812502);
#521=VECTOR('',#1817,11.5319373397948);
#522=VECTOR('',#1818,0.743826358896904);
#523=VECTOR('',#1821,20.3366668577278);
#524=VECTOR('',#1824,20.3366668577278);
#525=VECTOR('',#1825,2.);
#526=VECTOR('',#1828,11.8606703376903);
#527=VECTOR('',#1831,12.3261697288493);
#528=VECTOR('',#1834,11.8150838046865);
#529=VECTOR('',#1837,7.78509723719721);
#530=VECTOR('',#1838,0.0133979508579532);
#531=VECTOR('',#1841,1.27715838525995);
#532=VECTOR('',#1842,13.5319373397948);
#533=VECTOR('',#1843,1.27715838525995);
#534=VECTOR('',#1846,11.8150838046865);
#535=VECTOR('',#1847,0.511054653185259);
#536=VECTOR('',#1848,9.00504516109065);
#537=VECTOR('',#1855,0.40765670232731);
#538=VECTOR('',#1856,11.8157603142137);
#539=VECTOR('',#1857,0.281219005486947);
#540=VECTOR('',#1874,0.766357518503674);
#541=VECTOR('',#1875,0.766357518503674);
#542=VECTOR('',#1878,0.42105465318526);
#543=VECTOR('',#1879,13.5319373397948);
#544=VECTOR('',#1880,13.5319373397948);
#545=VECTOR('',#1883,13.4998458886617);
#546=VECTOR('',#1888,0.12023227021033);
#547=VECTOR('',#1897,12.3349079551679);
#548=VECTOR('',#1898,12.3349079551679);
#549=VECTOR('',#1899,2.);
#550=VECTOR('',#1904,0.716716899758354);
#551=VECTOR('',#1905,0.0420951960992484);
#552=VECTOR('',#1908,0.0672360371208737);
#553=VECTOR('',#1915,12.8935303518761);
#554=VECTOR('',#1916,11.5741739257547);
#555=VECTOR('',#1919,12.1634155739991);
#556=VECTOR('',#1920,4.57403826678494);
#557=VECTOR('',#1931,1.65);
#558=VECTOR('',#1938,1.65);
#559=VECTOR('',#1943,10.);
#560=VECTOR('',#1944,10.);
#561=VECTOR('',#1945,10.);
#562=VECTOR('',#1948,10.);
#563=VECTOR('',#1949,10.);
#564=VECTOR('',#1950,10.);
#565=VECTOR('',#1951,10.);
#566=VECTOR('',#1952,10.);
#567=VECTOR('',#1953,10.);
#568=VECTOR('',#1956,10.);
#569=VECTOR('',#1957,10.);
#570=VECTOR('',#1960,10.);
#571=VECTOR('',#1961,10.);
#572=VECTOR('',#1962,10.);
#573=VECTOR('',#1963,10.);
#574=VECTOR('',#1964,10.);
#575=VECTOR('',#1967,10.);
#576=VECTOR('',#1968,10.);
#577=VECTOR('',#1969,10.);
#578=VECTOR('',#1972,10.);
#579=VECTOR('',#1973,10.);
#580=VECTOR('',#1974,10.);
#581=VECTOR('',#1975,10.);
#582=VECTOR('',#1976,10.);
#583=VECTOR('',#1977,10.);
#584=VECTOR('',#1978,10.);
#585=VECTOR('',#1979,10.);
#586=VECTOR('',#1982,10.);
#587=VECTOR('',#1983,10.);
#588=VECTOR('',#1986,10.);
#589=VECTOR('',#1987,10.);
#590=VECTOR('',#1988,10.);
#591=VECTOR('',#1991,10.);
#592=VECTOR('',#1992,10.);
#593=VECTOR('',#1993,10.);
#594=VECTOR('',#1996,10.);
#595=VECTOR('',#1997,10.);
#596=VECTOR('',#2002,10.);
#597=VECTOR('',#2005,10.);
#598=VECTOR('',#2008,10.);
#599=VECTOR('',#2009,10.);
#600=VECTOR('',#2012,12.3261697288493);
#601=VECTOR('',#2015,11.8606703376903);
#602=VECTOR('',#2016,10.6107444508263);
#603=VECTOR('',#2019,12.3349079551679);
#604=VECTOR('',#2024,12.3349079551679);
#605=VECTOR('',#2025,2.);
#606=VECTOR('',#2028,20.3366668577278);
#607=VECTOR('',#2029,1.27715838525995);
#608=VECTOR('',#2032,0.12023227021033);
#609=VECTOR('',#2033,0.42105465318526);
#610=VECTOR('',#2034,0.0672360371208737);
#611=VECTOR('',#2037,0.0420951960992484);
#612=VECTOR('',#2038,0.716716899758354);
#613=VECTOR('',#2043,5.87462547575866);
#614=VECTOR('',#2044,0.743826358896904);
#615=VECTOR('',#2045,11.5319373397948);
#616=VECTOR('',#2046,8.20550904812502);
#617=VECTOR('',#2049,11.8150838046865);
#618=VECTOR('',#2050,7.78509723719721);
#619=VECTOR('',#2053,0.0133979508579532);
#620=VECTOR('',#2056,2.);
#621=VECTOR('',#2057,1.27715838525995);
#622=VECTOR('',#2058,13.5319373397948);
#623=VECTOR('',#2065,11.8150838046865);
#624=VECTOR('',#2066,9.00504516109065);
#625=VECTOR('',#2067,0.511054653185259);
#626=VECTOR('',#2074,0.40765670232731);
#627=VECTOR('',#2075,0.281219005486947);
#628=VECTOR('',#2076,11.8157603142137);
#629=VECTOR('',#2093,0.766357518503674);
#630=VECTOR('',#2094,0.766357518503674);
#631=VECTOR('',#2097,13.5319373397948);
#632=VECTOR('',#2098,13.5319373397948);
#633=VECTOR('',#2101,13.4998458886617);
#634=VECTOR('',#2112,20.3366668577278);
#635=VECTOR('',#2117,11.5741739257547);
#636=VECTOR('',#2118,12.8935303518761);
#637=VECTOR('',#2121,12.1634155739991);
#638=VECTOR('',#2122,4.57403826678494);
#639=CIRCLE('',#1604,1.65);
#640=CIRCLE('',#1605,1.65);
#641=CIRCLE('',#1607,1.65);
#642=CIRCLE('',#1608,1.65);
#643=CIRCLE('',#1624,3.25);
#644=CIRCLE('',#1629,8037.09176354077);
#645=CIRCLE('',#1635,1.25);
#646=CIRCLE('',#1638,0.75);
#647=CIRCLE('',#1643,1.25);
#648=CIRCLE('',#1647,0.722841614740048);
#649=CIRCLE('',#1655,1.23389626792531);
#650=CIRCLE('',#1664,1.65);
#651=CIRCLE('',#1665,1.65);
#652=CIRCLE('',#1667,1.65);
#653=CIRCLE('',#1668,1.65);
#654=CIRCLE('',#1684,8037.09176354077);
#655=CIRCLE('',#1689,0.722841614740049);
#656=CIRCLE('',#1690,1.23389626792531);
#657=CIRCLE('',#1697,3.25);
#658=CIRCLE('',#1700,1.25);
#659=CIRCLE('',#1703,0.75);
#660=CIRCLE('',#1705,1.25);
#661=VERTEX_POINT('',#2131);
#662=VERTEX_POINT('',#2133);
#663=VERTEX_POINT('',#2137);
#664=VERTEX_POINT('',#2139);
#665=VERTEX_POINT('',#2143);
#666=VERTEX_POINT('',#2144);
#667=VERTEX_POINT('',#2146);
#668=VERTEX_POINT('',#2148);
#669=VERTEX_POINT('',#2150);
#670=VERTEX_POINT('',#2154);
#671=VERTEX_POINT('',#2155);
#672=VERTEX_POINT('',#2157);
#673=VERTEX_POINT('',#2162);
#674=VERTEX_POINT('',#2164);
#675=VERTEX_POINT('',#2168);
#676=VERTEX_POINT('',#2172);
#677=VERTEX_POINT('',#2174);
#678=VERTEX_POINT('',#2176);
#679=VERTEX_POINT('',#2178);
#680=VERTEX_POINT('',#2182);
#681=VERTEX_POINT('',#2183);
#682=VERTEX_POINT('',#2186);
#683=VERTEX_POINT('',#2188);
#684=VERTEX_POINT('',#2190);
#685=VERTEX_POINT('',#2192);
#686=VERTEX_POINT('',#2197);
#687=VERTEX_POINT('',#2201);
#688=VERTEX_POINT('',#2203);
#689=VERTEX_POINT('',#2207);
#690=VERTEX_POINT('',#2211);
#691=VERTEX_POINT('',#2215);
#692=VERTEX_POINT('',#2222);
#693=VERTEX_POINT('',#2226);
#694=VERTEX_POINT('',#2228);
#695=VERTEX_POINT('',#2232);
#696=VERTEX_POINT('',#2234);
#697=VERTEX_POINT('',#2236);
#698=VERTEX_POINT('',#2244);
#699=VERTEX_POINT('',#2248);
#700=VERTEX_POINT('',#2252);
#701=VERTEX_POINT('',#2254);
#702=VERTEX_POINT('',#2258);
#703=VERTEX_POINT('',#2259);
#704=VERTEX_POINT('',#2261);
#705=VERTEX_POINT('',#2263);
#706=VERTEX_POINT('',#2280);
#707=VERTEX_POINT('',#2290);
#708=VERTEX_POINT('',#2292);
#709=VERTEX_POINT('',#2296);
#710=VERTEX_POINT('',#2298);
#711=VERTEX_POINT('',#2300);
#712=VERTEX_POINT('',#2308);
#713=VERTEX_POINT('',#2310);
#714=VERTEX_POINT('',#2314);
#715=VERTEX_POINT('',#2315);
#716=VERTEX_POINT('',#2329);
#717=VERTEX_POINT('',#2381);
#718=VERTEX_POINT('',#2382);
#719=VERTEX_POINT('',#2393);
#720=VERTEX_POINT('',#2395);
#721=VERTEX_POINT('',#2408);
#722=VERTEX_POINT('',#2411);
#723=VERTEX_POINT('',#2427);
#724=VERTEX_POINT('',#2428);
#725=VERTEX_POINT('',#2433);
#726=VERTEX_POINT('',#2442);
#727=VERTEX_POINT('',#2444);
#728=VERTEX_POINT('',#2448);
#729=VERTEX_POINT('',#2450);
#730=VERTEX_POINT('',#2452);
#731=VERTEX_POINT('',#2454);
#732=VERTEX_POINT('',#2469);
#733=VERTEX_POINT('',#2471);
#734=VERTEX_POINT('',#2475);
#735=VERTEX_POINT('',#2477);
#736=VERTEX_POINT('',#2481);
#737=VERTEX_POINT('',#2482);
#738=VERTEX_POINT('',#2484);
#739=VERTEX_POINT('',#2488);
#740=VERTEX_POINT('',#2489);
#741=VERTEX_POINT('',#2492);
#742=VERTEX_POINT('',#2494);
#743=VERTEX_POINT('',#2496);
#744=VERTEX_POINT('',#2500);
#745=VERTEX_POINT('',#2504);
#746=VERTEX_POINT('',#2505);
#747=VERTEX_POINT('',#2507);
#748=VERTEX_POINT('',#2509);
#749=VERTEX_POINT('',#2511);
#750=VERTEX_POINT('',#2515);
#751=VERTEX_POINT('',#2520);
#752=VERTEX_POINT('',#2521);
#753=VERTEX_POINT('',#2523);
#754=VERTEX_POINT('',#2525);
#755=VERTEX_POINT('',#2528);
#756=VERTEX_POINT('',#2530);
#757=VERTEX_POINT('',#2532);
#758=VERTEX_POINT('',#2536);
#759=VERTEX_POINT('',#2540);
#760=VERTEX_POINT('',#2542);
#761=VERTEX_POINT('',#2546);
#762=VERTEX_POINT('',#2548);
#763=VERTEX_POINT('',#2560);
#764=VERTEX_POINT('',#2564);
#765=VERTEX_POINT('',#2566);
#766=VERTEX_POINT('',#2568);
#767=VERTEX_POINT('',#2570);
#768=VERTEX_POINT('',#2576);
#769=VERTEX_POINT('',#2580);
#770=VERTEX_POINT('',#2584);
#771=VERTEX_POINT('',#2586);
#772=VERTEX_POINT('',#2588);
#773=VERTEX_POINT('',#2590);
#774=VERTEX_POINT('',#2592);
#775=VERTEX_POINT('',#2594);
#776=VERTEX_POINT('',#2596);
#777=VERTEX_POINT('',#2598);
#778=VERTEX_POINT('',#2600);
#779=VERTEX_POINT('',#2604);
#780=VERTEX_POINT('',#2606);
#781=VERTEX_POINT('',#2610);
#782=VERTEX_POINT('',#2612);
#783=VERTEX_POINT('',#2616);
#784=VERTEX_POINT('',#2617);
#785=VERTEX_POINT('',#2619);
#786=VERTEX_POINT('',#2627);
#787=VERTEX_POINT('',#2638);
#788=VERTEX_POINT('',#2649);
#789=VERTEX_POINT('',#2655);
#790=VERTEX_POINT('',#2657);
#791=VERTEX_POINT('',#2661);
#792=VERTEX_POINT('',#2667);
#793=VERTEX_POINT('',#2669);
#794=VERTEX_POINT('',#2673);
#795=VERTEX_POINT('',#2674);
#796=VERTEX_POINT('',#2684);
#797=VERTEX_POINT('',#2740);
#798=VERTEX_POINT('',#2741);
#799=VERTEX_POINT('',#2752);
#800=VERTEX_POINT('',#2764);
#801=VERTEX_POINT('',#2766);
#802=VERTEX_POINT('',#2768);
#803=EDGE_CURVE('',#661,#661,#639,.T.);
#804=EDGE_CURVE('',#661,#662,#311,.T.);
#805=EDGE_CURVE('',#662,#662,#640,.T.);
#806=EDGE_CURVE('',#663,#663,#641,.T.);
#807=EDGE_CURVE('',#663,#664,#312,.T.);
#808=EDGE_CURVE('',#664,#664,#642,.T.);
#809=EDGE_CURVE('',#665,#666,#313,.T.);
#810=EDGE_CURVE('',#667,#665,#314,.T.);
#811=EDGE_CURVE('',#667,#668,#315,.T.);
#812=EDGE_CURVE('',#668,#669,#316,.T.);
#813=EDGE_CURVE('',#669,#666,#317,.T.);
#814=EDGE_CURVE('',#670,#671,#318,.T.);
#815=EDGE_CURVE('',#672,#670,#319,.T.);
#816=EDGE_CURVE('',#666,#672,#320,.T.);
#817=EDGE_CURVE('',#671,#669,#321,.T.);
#818=EDGE_CURVE('',#673,#667,#322,.T.);
#819=EDGE_CURVE('',#674,#667,#323,.T.);
#820=EDGE_CURVE('',#673,#674,#324,.T.);
#821=EDGE_CURVE('',#672,#675,#325,.T.);
#822=EDGE_CURVE('',#666,#675,#326,.T.);
#823=EDGE_CURVE('',#676,#670,#327,.T.);
#824=EDGE_CURVE('',#676,#677,#328,.T.);
#825=EDGE_CURVE('',#678,#677,#329,.T.);
#826=EDGE_CURVE('',#679,#678,#330,.T.);
#827=EDGE_CURVE('',#675,#679,#331,.T.);
#828=EDGE_CURVE('',#680,#681,#332,.T.);
#829=EDGE_CURVE('',#681,#673,#333,.T.);
#830=EDGE_CURVE('',#682,#673,#334,.T.);
#831=EDGE_CURVE('',#683,#682,#335,.T.);
#832=EDGE_CURVE('',#684,#683,#336,.T.);
#833=EDGE_CURVE('',#685,#684,#337,.T.);
#834=EDGE_CURVE('',#678,#685,#338,.T.);
#835=EDGE_CURVE('',#677,#680,#339,.T.);
#836=EDGE_CURVE('',#675,#686,#340,.T.);
#837=EDGE_CURVE('',#686,#679,#341,.T.);
#838=EDGE_CURVE('',#681,#687,#342,.T.);
#839=EDGE_CURVE('',#687,#688,#343,.T.);
#840=EDGE_CURVE('',#688,#668,#344,.T.);
#841=EDGE_CURVE('',#689,#671,#345,.T.);
#842=EDGE_CURVE('',#676,#689,#346,.T.);
#843=EDGE_CURVE('',#690,#680,#347,.T.);
#844=EDGE_CURVE('',#690,#687,#348,.T.);
#845=EDGE_CURVE('',#689,#691,#349,.T.);
#846=EDGE_CURVE('',#691,#688,#350,.T.);
#847=EDGE_CURVE('',#691,#690,#351,.T.);
#848=EDGE_CURVE('',#692,#678,#352,.T.);
#849=EDGE_CURVE('',#679,#692,#353,.T.);
#850=EDGE_CURVE('',#665,#693,#354,.T.);
#851=EDGE_CURVE('',#693,#694,#643,.F.);
#852=EDGE_CURVE('',#694,#674,#355,.T.);
#853=EDGE_CURVE('',#686,#695,#356,.T.);
#854=EDGE_CURVE('',#696,#695,#357,.T.);
#855=EDGE_CURVE('',#697,#696,#358,.T.);
#856=EDGE_CURVE('',#693,#697,#53,.T.);
#857=EDGE_CURVE('',#695,#692,#359,.T.);
#858=EDGE_CURVE('',#698,#685,#360,.T.);
#859=EDGE_CURVE('',#695,#698,#361,.T.);
#860=EDGE_CURVE('',#694,#699,#54,.T.);
#861=EDGE_CURVE('',#700,#699,#362,.T.);
#862=EDGE_CURVE('',#701,#700,#644,.T.);
#863=EDGE_CURVE('',#701,#682,#363,.T.);
#864=EDGE_CURVE('',#702,#703,#364,.F.);
#865=EDGE_CURVE('',#703,#704,#39,.F.);
#866=EDGE_CURVE('',#705,#704,#365,.F.);
#867=EDGE_CURVE('',#702,#705,#21,.T.);
#868=EDGE_CURVE('',#705,#706,#22,.T.);
#869=EDGE_CURVE('',#702,#706,#366,.T.);
#870=EDGE_CURVE('',#707,#698,#367,.T.);
#871=EDGE_CURVE('',#708,#707,#368,.F.);
#872=EDGE_CURVE('',#696,#708,#369,.T.);
#873=EDGE_CURVE('',#709,#708,#370,.T.);
#874=EDGE_CURVE('',#709,#710,#371,.F.);
#875=EDGE_CURVE('',#710,#711,#372,.T.);
#876=EDGE_CURVE('',#711,#697,#55,.T.);
#877=EDGE_CURVE('',#699,#711,#645,.T.);
#878=EDGE_CURVE('',#712,#702,#373,.T.);
#879=EDGE_CURVE('',#712,#713,#374,.F.);
#880=EDGE_CURVE('',#713,#703,#375,.F.);
#881=EDGE_CURVE('',#714,#715,#646,.F.);
#882=EDGE_CURVE('',#714,#709,#23,.T.);
#883=EDGE_CURVE('',#716,#708,#24,.F.);
#884=EDGE_CURVE('',#716,#705,#25,.T.);
#885=EDGE_CURVE('',#704,#715,#26,.T.);
#886=EDGE_CURVE('',#717,#718,#27,.T.);
#887=EDGE_CURVE('',#718,#719,#40,.T.);
#888=EDGE_CURVE('',#719,#720,#28,.T.);
#889=EDGE_CURVE('',#720,#721,#41,.T.);
#890=EDGE_CURVE('',#721,#700,#42,.T.);
#891=EDGE_CURVE('',#710,#722,#29,.T.);
#892=EDGE_CURVE('',#717,#722,#647,.T.);
#893=EDGE_CURVE('',#722,#714,#376,.T.);
#894=EDGE_CURVE('',#715,#717,#377,.T.);
#895=EDGE_CURVE('',#723,#724,#378,.T.);
#896=EDGE_CURVE('',#723,#712,#379,.T.);
#897=EDGE_CURVE('',#706,#724,#380,.T.);
#898=EDGE_CURVE('',#725,#716,#381,.T.);
#899=EDGE_CURVE('',#707,#725,#648,.T.);
#900=EDGE_CURVE('',#724,#725,#382,.T.);
#901=EDGE_CURVE('',#713,#718,#43,.T.);
#902=EDGE_CURVE('',#684,#726,#383,.T.);
#903=EDGE_CURVE('',#683,#727,#384,.T.);
#904=EDGE_CURVE('',#727,#726,#385,.T.);
#905=EDGE_CURVE('',#728,#726,#44,.T.);
#906=EDGE_CURVE('',#729,#728,#386,.T.);
#907=EDGE_CURVE('',#730,#729,#387,.T.);
#908=EDGE_CURVE('',#730,#731,#649,.T.);
#909=EDGE_CURVE('',#731,#723,#388,.F.);
#910=EDGE_CURVE('',#701,#727,#45,.T.);
#911=EDGE_CURVE('',#719,#731,#389,.T.);
#912=EDGE_CURVE('',#720,#730,#390,.T.);
#913=EDGE_CURVE('',#721,#729,#391,.T.);
#914=EDGE_CURVE('',#700,#728,#392,.T.);
#915=EDGE_CURVE('',#732,#732,#650,.T.);
#916=EDGE_CURVE('',#732,#733,#393,.T.);
#917=EDGE_CURVE('',#733,#733,#651,.T.);
#918=EDGE_CURVE('',#734,#734,#652,.T.);
#919=EDGE_CURVE('',#734,#735,#394,.T.);
#920=EDGE_CURVE('',#735,#735,#653,.T.);
#921=EDGE_CURVE('',#736,#737,#395,.T.);
#922=EDGE_CURVE('',#738,#736,#396,.T.);
#923=EDGE_CURVE('',#737,#738,#397,.T.);
#924=EDGE_CURVE('',#739,#740,#398,.T.);
#925=EDGE_CURVE('',#737,#739,#399,.T.);
#926=EDGE_CURVE('',#741,#738,#400,.T.);
#927=EDGE_CURVE('',#741,#742,#401,.T.);
#928=EDGE_CURVE('',#743,#742,#402,.T.);
#929=EDGE_CURVE('',#740,#743,#403,.T.);
#930=EDGE_CURVE('',#744,#738,#404,.T.);
#931=EDGE_CURVE('',#741,#744,#405,.T.);
#932=EDGE_CURVE('',#745,#746,#406,.T.);
#933=EDGE_CURVE('',#747,#745,#407,.T.);
#934=EDGE_CURVE('',#748,#747,#408,.T.);
#935=EDGE_CURVE('',#749,#748,#409,.T.);
#936=EDGE_CURVE('',#746,#749,#410,.T.);
#937=EDGE_CURVE('',#750,#740,#411,.T.);
#938=EDGE_CURVE('',#750,#748,#412,.T.);
#939=EDGE_CURVE('',#739,#747,#413,.T.);
#940=EDGE_CURVE('',#751,#752,#414,.T.);
#941=EDGE_CURVE('',#753,#751,#415,.T.);
#942=EDGE_CURVE('',#753,#754,#416,.T.);
#943=EDGE_CURVE('',#742,#754,#417,.T.);
#944=EDGE_CURVE('',#755,#741,#418,.T.);
#945=EDGE_CURVE('',#756,#755,#419,.T.);
#946=EDGE_CURVE('',#757,#756,#420,.T.);
#947=EDGE_CURVE('',#752,#757,#421,.T.);
#948=EDGE_CURVE('',#758,#743,#422,.T.);
#949=EDGE_CURVE('',#758,#750,#423,.T.);
#950=EDGE_CURVE('',#759,#758,#424,.T.);
#951=EDGE_CURVE('',#759,#760,#425,.T.);
#952=EDGE_CURVE('',#760,#749,#426,.T.);
#953=EDGE_CURVE('',#754,#761,#427,.T.);
#954=EDGE_CURVE('',#762,#753,#428,.T.);
#955=EDGE_CURVE('',#761,#762,#429,.T.);
#956=EDGE_CURVE('',#761,#759,#430,.T.);
#957=EDGE_CURVE('',#760,#762,#431,.T.);
#958=EDGE_CURVE('',#746,#751,#432,.T.);
#959=EDGE_CURVE('',#737,#747,#433,.T.);
#960=EDGE_CURVE('',#763,#751,#434,.T.);
#961=EDGE_CURVE('',#746,#763,#435,.T.);
#962=EDGE_CURVE('',#764,#752,#436,.T.);
#963=EDGE_CURVE('',#764,#765,#654,.T.);
#964=EDGE_CURVE('',#765,#766,#437,.T.);
#965=EDGE_CURVE('',#767,#766,#56,.T.);
#966=EDGE_CURVE('',#767,#763,#438,.T.);
#967=EDGE_CURVE('',#757,#768,#439,.T.);
#968=EDGE_CURVE('',#764,#768,#46,.T.);
#969=EDGE_CURVE('',#756,#769,#440,.T.);
#970=EDGE_CURVE('',#768,#769,#441,.T.);
#971=EDGE_CURVE('',#770,#755,#442,.T.);
#972=EDGE_CURVE('',#771,#770,#443,.T.);
#973=EDGE_CURVE('',#771,#772,#655,.T.);
#974=EDGE_CURVE('',#773,#772,#444,.T.);
#975=EDGE_CURVE('',#774,#773,#445,.T.);
#976=EDGE_CURVE('',#775,#774,#446,.F.);
#977=EDGE_CURVE('',#776,#775,#656,.T.);
#978=EDGE_CURVE('',#776,#777,#447,.T.);
#979=EDGE_CURVE('',#777,#778,#448,.T.);
#980=EDGE_CURVE('',#778,#769,#47,.T.);
#981=EDGE_CURVE('',#745,#779,#449,.T.);
#982=EDGE_CURVE('',#779,#780,#57,.T.);
#983=EDGE_CURVE('',#780,#781,#450,.T.);
#984=EDGE_CURVE('',#781,#782,#451,.T.);
#985=EDGE_CURVE('',#736,#782,#452,.T.);
#986=EDGE_CURVE('',#783,#784,#453,.F.);
#987=EDGE_CURVE('',#783,#785,#30,.T.);
#988=EDGE_CURVE('',#785,#786,#454,.F.);
#989=EDGE_CURVE('',#784,#786,#48,.F.);
#990=EDGE_CURVE('',#783,#787,#455,.T.);
#991=EDGE_CURVE('',#785,#787,#31,.T.);
#992=EDGE_CURVE('',#782,#770,#456,.T.);
#993=EDGE_CURVE('',#781,#788,#457,.T.);
#994=EDGE_CURVE('',#788,#771,#458,.F.);
#995=EDGE_CURVE('',#779,#767,#657,.F.);
#996=EDGE_CURVE('',#789,#788,#459,.T.);
#997=EDGE_CURVE('',#790,#780,#58,.T.);
#998=EDGE_CURVE('',#791,#790,#460,.T.);
#999=EDGE_CURVE('',#789,#791,#461,.F.);
#1000=EDGE_CURVE('',#766,#790,#658,.T.);
#1001=EDGE_CURVE('',#792,#783,#462,.T.);
#1002=EDGE_CURVE('',#793,#784,#463,.F.);
#1003=EDGE_CURVE('',#792,#793,#464,.F.);
#1004=EDGE_CURVE('',#794,#795,#659,.F.);
#1005=EDGE_CURVE('',#786,#795,#32,.T.);
#1006=EDGE_CURVE('',#796,#785,#33,.T.);
#1007=EDGE_CURVE('',#796,#788,#34,.F.);
#1008=EDGE_CURVE('',#794,#789,#35,.T.);
#1009=EDGE_CURVE('',#797,#798,#36,.T.);
#1010=EDGE_CURVE('',#797,#799,#660,.T.);
#1011=EDGE_CURVE('',#791,#799,#37,.T.);
#1012=EDGE_CURVE('',#800,#765,#49,.T.);
#1013=EDGE_CURVE('',#801,#800,#50,.T.);
#1014=EDGE_CURVE('',#802,#801,#38,.T.);
#1015=EDGE_CURVE('',#798,#802,#51,.T.);
#1016=EDGE_CURVE('',#795,#797,#465,.T.);
#1017=EDGE_CURVE('',#799,#794,#466,.T.);
#1018=EDGE_CURVE('',#787,#773,#467,.T.);
#1019=EDGE_CURVE('',#774,#792,#468,.T.);
#1020=EDGE_CURVE('',#772,#796,#469,.T.);
#1021=EDGE_CURVE('',#793,#798,#52,.T.);
#1022=EDGE_CURVE('',#782,#744,#470,.T.);
#1023=EDGE_CURVE('',#801,#776,#471,.T.);
#1024=EDGE_CURVE('',#802,#775,#472,.T.);
#1025=EDGE_CURVE('',#800,#777,#473,.T.);
#1026=EDGE_CURVE('',#765,#778,#474,.T.);
#1027=ORIENTED_EDGE('',*,*,#803,.F.);
#1028=ORIENTED_EDGE('',*,*,#804,.T.);
#1029=ORIENTED_EDGE('',*,*,#805,.F.);
#1030=ORIENTED_EDGE('',*,*,#804,.F.);
#1031=ORIENTED_EDGE('',*,*,#806,.F.);
#1032=ORIENTED_EDGE('',*,*,#807,.T.);
#1033=ORIENTED_EDGE('',*,*,#808,.F.);
#1034=ORIENTED_EDGE('',*,*,#807,.F.);
#1035=ORIENTED_EDGE('',*,*,#809,.F.);
#1036=ORIENTED_EDGE('',*,*,#810,.F.);
#1037=ORIENTED_EDGE('',*,*,#811,.T.);
#1038=ORIENTED_EDGE('',*,*,#812,.T.);
#1039=ORIENTED_EDGE('',*,*,#813,.T.);
#1040=ORIENTED_EDGE('',*,*,#814,.F.);
#1041=ORIENTED_EDGE('',*,*,#815,.F.);
#1042=ORIENTED_EDGE('',*,*,#816,.F.);
#1043=ORIENTED_EDGE('',*,*,#813,.F.);
#1044=ORIENTED_EDGE('',*,*,#817,.F.);
#1045=ORIENTED_EDGE('',*,*,#818,.T.);
#1046=ORIENTED_EDGE('',*,*,#819,.F.);
#1047=ORIENTED_EDGE('',*,*,#820,.F.);
#1048=ORIENTED_EDGE('',*,*,#816,.T.);
#1049=ORIENTED_EDGE('',*,*,#821,.T.);
#1050=ORIENTED_EDGE('',*,*,#822,.F.);
#1051=ORIENTED_EDGE('',*,*,#815,.T.);
#1052=ORIENTED_EDGE('',*,*,#823,.F.);
#1053=ORIENTED_EDGE('',*,*,#824,.T.);
#1054=ORIENTED_EDGE('',*,*,#825,.F.);
#1055=ORIENTED_EDGE('',*,*,#826,.F.);
#1056=ORIENTED_EDGE('',*,*,#827,.F.);
#1057=ORIENTED_EDGE('',*,*,#821,.F.);
#1058=ORIENTED_EDGE('',*,*,#828,.T.);
#1059=ORIENTED_EDGE('',*,*,#829,.T.);
#1060=ORIENTED_EDGE('',*,*,#830,.F.);
#1061=ORIENTED_EDGE('',*,*,#831,.F.);
#1062=ORIENTED_EDGE('',*,*,#832,.F.);
#1063=ORIENTED_EDGE('',*,*,#833,.F.);
#1064=ORIENTED_EDGE('',*,*,#834,.F.);
#1065=ORIENTED_EDGE('',*,*,#825,.T.);
#1066=ORIENTED_EDGE('',*,*,#835,.T.);
#1067=ORIENTED_EDGE('',*,*,#836,.F.);
#1068=ORIENTED_EDGE('',*,*,#827,.T.);
#1069=ORIENTED_EDGE('',*,*,#837,.F.);
#1070=ORIENTED_EDGE('',*,*,#829,.F.);
#1071=ORIENTED_EDGE('',*,*,#838,.T.);
#1072=ORIENTED_EDGE('',*,*,#839,.T.);
#1073=ORIENTED_EDGE('',*,*,#840,.T.);
#1074=ORIENTED_EDGE('',*,*,#811,.F.);
#1075=ORIENTED_EDGE('',*,*,#818,.F.);
#1076=ORIENTED_EDGE('',*,*,#814,.T.);
#1077=ORIENTED_EDGE('',*,*,#841,.F.);
#1078=ORIENTED_EDGE('',*,*,#842,.F.);
#1079=ORIENTED_EDGE('',*,*,#823,.T.);
#1080=ORIENTED_EDGE('',*,*,#803,.T.);
#1081=ORIENTED_EDGE('',*,*,#806,.T.);
#1082=ORIENTED_EDGE('',*,*,#828,.F.);
#1083=ORIENTED_EDGE('',*,*,#843,.F.);
#1084=ORIENTED_EDGE('',*,*,#844,.T.);
#1085=ORIENTED_EDGE('',*,*,#838,.F.);
#1086=ORIENTED_EDGE('',*,*,#845,.F.);
#1087=ORIENTED_EDGE('',*,*,#841,.T.);
#1088=ORIENTED_EDGE('',*,*,#817,.T.);
#1089=ORIENTED_EDGE('',*,*,#812,.F.);
#1090=ORIENTED_EDGE('',*,*,#840,.F.);
#1091=ORIENTED_EDGE('',*,*,#846,.F.);
#1092=ORIENTED_EDGE('',*,*,#847,.F.);
#1093=ORIENTED_EDGE('',*,*,#846,.T.);
#1094=ORIENTED_EDGE('',*,*,#839,.F.);
#1095=ORIENTED_EDGE('',*,*,#844,.F.);
#1096=ORIENTED_EDGE('',*,*,#805,.T.);
#1097=ORIENTED_EDGE('',*,*,#808,.T.);
#1098=ORIENTED_EDGE('',*,*,#847,.T.);
#1099=ORIENTED_EDGE('',*,*,#843,.T.);
#1100=ORIENTED_EDGE('',*,*,#835,.F.);
#1101=ORIENTED_EDGE('',*,*,#824,.F.);
#1102=ORIENTED_EDGE('',*,*,#842,.T.);
#1103=ORIENTED_EDGE('',*,*,#845,.T.);
#1104=ORIENTED_EDGE('',*,*,#826,.T.);
#1105=ORIENTED_EDGE('',*,*,#848,.F.);
#1106=ORIENTED_EDGE('',*,*,#849,.F.);
#1107=ORIENTED_EDGE('',*,*,#819,.T.);
#1108=ORIENTED_EDGE('',*,*,#810,.T.);
#1109=ORIENTED_EDGE('',*,*,#850,.T.);
#1110=ORIENTED_EDGE('',*,*,#851,.T.);
#1111=ORIENTED_EDGE('',*,*,#852,.T.);
#1112=ORIENTED_EDGE('',*,*,#809,.T.);
#1113=ORIENTED_EDGE('',*,*,#822,.T.);
#1114=ORIENTED_EDGE('',*,*,#836,.T.);
#1115=ORIENTED_EDGE('',*,*,#853,.T.);
#1116=ORIENTED_EDGE('',*,*,#854,.F.);
#1117=ORIENTED_EDGE('',*,*,#855,.F.);
#1118=ORIENTED_EDGE('',*,*,#856,.F.);
#1119=ORIENTED_EDGE('',*,*,#850,.F.);
#1120=ORIENTED_EDGE('',*,*,#837,.T.);
#1121=ORIENTED_EDGE('',*,*,#849,.T.);
#1122=ORIENTED_EDGE('',*,*,#857,.F.);
#1123=ORIENTED_EDGE('',*,*,#853,.F.);
#1124=ORIENTED_EDGE('',*,*,#848,.T.);
#1125=ORIENTED_EDGE('',*,*,#834,.T.);
#1126=ORIENTED_EDGE('',*,*,#858,.F.);
#1127=ORIENTED_EDGE('',*,*,#859,.F.);
#1128=ORIENTED_EDGE('',*,*,#857,.T.);
#1129=ORIENTED_EDGE('',*,*,#830,.T.);
#1130=ORIENTED_EDGE('',*,*,#820,.T.);
#1131=ORIENTED_EDGE('',*,*,#852,.F.);
#1132=ORIENTED_EDGE('',*,*,#860,.T.);
#1133=ORIENTED_EDGE('',*,*,#861,.F.);
#1134=ORIENTED_EDGE('',*,*,#862,.F.);
#1135=ORIENTED_EDGE('',*,*,#863,.T.);
#1136=ORIENTED_EDGE('',*,*,#864,.T.);
#1137=ORIENTED_EDGE('',*,*,#865,.T.);
#1138=ORIENTED_EDGE('',*,*,#866,.F.);
#1139=ORIENTED_EDGE('',*,*,#867,.F.);
#1140=ORIENTED_EDGE('',*,*,#867,.T.);
#1141=ORIENTED_EDGE('',*,*,#868,.T.);
#1142=ORIENTED_EDGE('',*,*,#869,.F.);
#1143=ORIENTED_EDGE('',*,*,#870,.F.);
#1144=ORIENTED_EDGE('',*,*,#871,.F.);
#1145=ORIENTED_EDGE('',*,*,#872,.F.);
#1146=ORIENTED_EDGE('',*,*,#854,.T.);
#1147=ORIENTED_EDGE('',*,*,#859,.T.);
#1148=ORIENTED_EDGE('',*,*,#873,.F.);
#1149=ORIENTED_EDGE('',*,*,#874,.T.);
#1150=ORIENTED_EDGE('',*,*,#875,.T.);
#1151=ORIENTED_EDGE('',*,*,#876,.T.);
#1152=ORIENTED_EDGE('',*,*,#855,.T.);
#1153=ORIENTED_EDGE('',*,*,#872,.T.);
#1154=ORIENTED_EDGE('',*,*,#851,.F.);
#1155=ORIENTED_EDGE('',*,*,#856,.T.);
#1156=ORIENTED_EDGE('',*,*,#876,.F.);
#1157=ORIENTED_EDGE('',*,*,#877,.F.);
#1158=ORIENTED_EDGE('',*,*,#860,.F.);
#1159=ORIENTED_EDGE('',*,*,#878,.F.);
#1160=ORIENTED_EDGE('',*,*,#879,.T.);
#1161=ORIENTED_EDGE('',*,*,#880,.T.);
#1162=ORIENTED_EDGE('',*,*,#864,.F.);
#1163=ORIENTED_EDGE('',*,*,#881,.F.);
#1164=ORIENTED_EDGE('',*,*,#882,.T.);
#1165=ORIENTED_EDGE('',*,*,#873,.T.);
#1166=ORIENTED_EDGE('',*,*,#883,.F.);
#1167=ORIENTED_EDGE('',*,*,#884,.T.);
#1168=ORIENTED_EDGE('',*,*,#866,.T.);
#1169=ORIENTED_EDGE('',*,*,#885,.T.);
#1170=ORIENTED_EDGE('',*,*,#886,.T.);
#1171=ORIENTED_EDGE('',*,*,#887,.T.);
#1172=ORIENTED_EDGE('',*,*,#888,.T.);
#1173=ORIENTED_EDGE('',*,*,#889,.T.);
#1174=ORIENTED_EDGE('',*,*,#890,.T.);
#1175=ORIENTED_EDGE('',*,*,#861,.T.);
#1176=ORIENTED_EDGE('',*,*,#877,.T.);
#1177=ORIENTED_EDGE('',*,*,#875,.F.);
#1178=ORIENTED_EDGE('',*,*,#891,.T.);
#1179=ORIENTED_EDGE('',*,*,#892,.F.);
#1180=ORIENTED_EDGE('',*,*,#892,.T.);
#1181=ORIENTED_EDGE('',*,*,#893,.T.);
#1182=ORIENTED_EDGE('',*,*,#881,.T.);
#1183=ORIENTED_EDGE('',*,*,#894,.T.);
#1184=ORIENTED_EDGE('',*,*,#895,.F.);
#1185=ORIENTED_EDGE('',*,*,#896,.T.);
#1186=ORIENTED_EDGE('',*,*,#878,.T.);
#1187=ORIENTED_EDGE('',*,*,#869,.T.);
#1188=ORIENTED_EDGE('',*,*,#897,.T.);
#1189=ORIENTED_EDGE('',*,*,#898,.T.);
#1190=ORIENTED_EDGE('',*,*,#883,.T.);
#1191=ORIENTED_EDGE('',*,*,#871,.T.);
#1192=ORIENTED_EDGE('',*,*,#899,.T.);
#1193=ORIENTED_EDGE('',*,*,#900,.F.);
#1194=ORIENTED_EDGE('',*,*,#897,.F.);
#1195=ORIENTED_EDGE('',*,*,#868,.F.);
#1196=ORIENTED_EDGE('',*,*,#884,.F.);
#1197=ORIENTED_EDGE('',*,*,#898,.F.);
#1198=ORIENTED_EDGE('',*,*,#891,.F.);
#1199=ORIENTED_EDGE('',*,*,#874,.F.);
#1200=ORIENTED_EDGE('',*,*,#882,.F.);
#1201=ORIENTED_EDGE('',*,*,#893,.F.);
#1202=ORIENTED_EDGE('',*,*,#880,.F.);
#1203=ORIENTED_EDGE('',*,*,#901,.T.);
#1204=ORIENTED_EDGE('',*,*,#886,.F.);
#1205=ORIENTED_EDGE('',*,*,#894,.F.);
#1206=ORIENTED_EDGE('',*,*,#885,.F.);
#1207=ORIENTED_EDGE('',*,*,#865,.F.);
#1208=ORIENTED_EDGE('',*,*,#902,.F.);
#1209=ORIENTED_EDGE('',*,*,#832,.T.);
#1210=ORIENTED_EDGE('',*,*,#903,.T.);
#1211=ORIENTED_EDGE('',*,*,#904,.T.);
#1212=ORIENTED_EDGE('',*,*,#833,.T.);
#1213=ORIENTED_EDGE('',*,*,#902,.T.);
#1214=ORIENTED_EDGE('',*,*,#905,.F.);
#1215=ORIENTED_EDGE('',*,*,#906,.F.);
#1216=ORIENTED_EDGE('',*,*,#907,.F.);
#1217=ORIENTED_EDGE('',*,*,#908,.T.);
#1218=ORIENTED_EDGE('',*,*,#909,.T.);
#1219=ORIENTED_EDGE('',*,*,#895,.T.);
#1220=ORIENTED_EDGE('',*,*,#900,.T.);
#1221=ORIENTED_EDGE('',*,*,#899,.F.);
#1222=ORIENTED_EDGE('',*,*,#870,.T.);
#1223=ORIENTED_EDGE('',*,*,#858,.T.);
#1224=ORIENTED_EDGE('',*,*,#831,.T.);
#1225=ORIENTED_EDGE('',*,*,#863,.F.);
#1226=ORIENTED_EDGE('',*,*,#910,.T.);
#1227=ORIENTED_EDGE('',*,*,#903,.F.);
#1228=ORIENTED_EDGE('',*,*,#888,.F.);
#1229=ORIENTED_EDGE('',*,*,#911,.T.);
#1230=ORIENTED_EDGE('',*,*,#908,.F.);
#1231=ORIENTED_EDGE('',*,*,#912,.F.);
#1232=ORIENTED_EDGE('',*,*,#913,.T.);
#1233=ORIENTED_EDGE('',*,*,#906,.T.);
#1234=ORIENTED_EDGE('',*,*,#914,.F.);
#1235=ORIENTED_EDGE('',*,*,#890,.F.);
#1236=ORIENTED_EDGE('',*,*,#889,.F.);
#1237=ORIENTED_EDGE('',*,*,#912,.T.);
#1238=ORIENTED_EDGE('',*,*,#907,.T.);
#1239=ORIENTED_EDGE('',*,*,#913,.F.);
#1240=ORIENTED_EDGE('',*,*,#905,.T.);
#1241=ORIENTED_EDGE('',*,*,#904,.F.);
#1242=ORIENTED_EDGE('',*,*,#910,.F.);
#1243=ORIENTED_EDGE('',*,*,#862,.T.);
#1244=ORIENTED_EDGE('',*,*,#914,.T.);
#1245=ORIENTED_EDGE('',*,*,#879,.F.);
#1246=ORIENTED_EDGE('',*,*,#896,.F.);
#1247=ORIENTED_EDGE('',*,*,#909,.F.);
#1248=ORIENTED_EDGE('',*,*,#911,.F.);
#1249=ORIENTED_EDGE('',*,*,#887,.F.);
#1250=ORIENTED_EDGE('',*,*,#901,.F.);
#1251=ORIENTED_EDGE('',*,*,#915,.F.);
#1252=ORIENTED_EDGE('',*,*,#916,.T.);
#1253=ORIENTED_EDGE('',*,*,#917,.F.);
#1254=ORIENTED_EDGE('',*,*,#916,.F.);
#1255=ORIENTED_EDGE('',*,*,#918,.F.);
#1256=ORIENTED_EDGE('',*,*,#919,.T.);
#1257=ORIENTED_EDGE('',*,*,#920,.F.);
#1258=ORIENTED_EDGE('',*,*,#919,.F.);
#1259=ORIENTED_EDGE('',*,*,#921,.F.);
#1260=ORIENTED_EDGE('',*,*,#922,.F.);
#1261=ORIENTED_EDGE('',*,*,#923,.F.);
#1262=ORIENTED_EDGE('',*,*,#924,.F.);
#1263=ORIENTED_EDGE('',*,*,#925,.F.);
#1264=ORIENTED_EDGE('',*,*,#923,.T.);
#1265=ORIENTED_EDGE('',*,*,#926,.F.);
#1266=ORIENTED_EDGE('',*,*,#927,.T.);
#1267=ORIENTED_EDGE('',*,*,#928,.F.);
#1268=ORIENTED_EDGE('',*,*,#929,.F.);
#1269=ORIENTED_EDGE('',*,*,#926,.T.);
#1270=ORIENTED_EDGE('',*,*,#930,.F.);
#1271=ORIENTED_EDGE('',*,*,#931,.F.);
#1272=ORIENTED_EDGE('',*,*,#932,.F.);
#1273=ORIENTED_EDGE('',*,*,#933,.F.);
#1274=ORIENTED_EDGE('',*,*,#934,.F.);
#1275=ORIENTED_EDGE('',*,*,#935,.F.);
#1276=ORIENTED_EDGE('',*,*,#936,.F.);
#1277=ORIENTED_EDGE('',*,*,#924,.T.);
#1278=ORIENTED_EDGE('',*,*,#937,.F.);
#1279=ORIENTED_EDGE('',*,*,#938,.T.);
#1280=ORIENTED_EDGE('',*,*,#934,.T.);
#1281=ORIENTED_EDGE('',*,*,#939,.F.);
#1282=ORIENTED_EDGE('',*,*,#940,.F.);
#1283=ORIENTED_EDGE('',*,*,#941,.F.);
#1284=ORIENTED_EDGE('',*,*,#942,.T.);
#1285=ORIENTED_EDGE('',*,*,#943,.F.);
#1286=ORIENTED_EDGE('',*,*,#927,.F.);
#1287=ORIENTED_EDGE('',*,*,#944,.F.);
#1288=ORIENTED_EDGE('',*,*,#945,.F.);
#1289=ORIENTED_EDGE('',*,*,#946,.F.);
#1290=ORIENTED_EDGE('',*,*,#947,.F.);
#1291=ORIENTED_EDGE('',*,*,#929,.T.);
#1292=ORIENTED_EDGE('',*,*,#948,.F.);
#1293=ORIENTED_EDGE('',*,*,#949,.T.);
#1294=ORIENTED_EDGE('',*,*,#937,.T.);
#1295=ORIENTED_EDGE('',*,*,#915,.T.);
#1296=ORIENTED_EDGE('',*,*,#918,.T.);
#1297=ORIENTED_EDGE('',*,*,#950,.F.);
#1298=ORIENTED_EDGE('',*,*,#951,.T.);
#1299=ORIENTED_EDGE('',*,*,#952,.T.);
#1300=ORIENTED_EDGE('',*,*,#935,.T.);
#1301=ORIENTED_EDGE('',*,*,#938,.F.);
#1302=ORIENTED_EDGE('',*,*,#949,.F.);
#1303=ORIENTED_EDGE('',*,*,#953,.F.);
#1304=ORIENTED_EDGE('',*,*,#942,.F.);
#1305=ORIENTED_EDGE('',*,*,#954,.F.);
#1306=ORIENTED_EDGE('',*,*,#955,.F.);
#1307=ORIENTED_EDGE('',*,*,#956,.F.);
#1308=ORIENTED_EDGE('',*,*,#955,.T.);
#1309=ORIENTED_EDGE('',*,*,#957,.F.);
#1310=ORIENTED_EDGE('',*,*,#951,.F.);
#1311=ORIENTED_EDGE('',*,*,#917,.T.);
#1312=ORIENTED_EDGE('',*,*,#920,.T.);
#1313=ORIENTED_EDGE('',*,*,#956,.T.);
#1314=ORIENTED_EDGE('',*,*,#950,.T.);
#1315=ORIENTED_EDGE('',*,*,#948,.T.);
#1316=ORIENTED_EDGE('',*,*,#928,.T.);
#1317=ORIENTED_EDGE('',*,*,#943,.T.);
#1318=ORIENTED_EDGE('',*,*,#953,.T.);
#1319=ORIENTED_EDGE('',*,*,#957,.T.);
#1320=ORIENTED_EDGE('',*,*,#954,.T.);
#1321=ORIENTED_EDGE('',*,*,#941,.T.);
#1322=ORIENTED_EDGE('',*,*,#958,.F.);
#1323=ORIENTED_EDGE('',*,*,#936,.T.);
#1324=ORIENTED_EDGE('',*,*,#952,.F.);
#1325=ORIENTED_EDGE('',*,*,#925,.T.);
#1326=ORIENTED_EDGE('',*,*,#939,.T.);
#1327=ORIENTED_EDGE('',*,*,#959,.F.);
#1328=ORIENTED_EDGE('',*,*,#958,.T.);
#1329=ORIENTED_EDGE('',*,*,#960,.F.);
#1330=ORIENTED_EDGE('',*,*,#961,.F.);
#1331=ORIENTED_EDGE('',*,*,#960,.T.);
#1332=ORIENTED_EDGE('',*,*,#940,.T.);
#1333=ORIENTED_EDGE('',*,*,#962,.F.);
#1334=ORIENTED_EDGE('',*,*,#963,.T.);
#1335=ORIENTED_EDGE('',*,*,#964,.T.);
#1336=ORIENTED_EDGE('',*,*,#965,.F.);
#1337=ORIENTED_EDGE('',*,*,#966,.T.);
#1338=ORIENTED_EDGE('',*,*,#947,.T.);
#1339=ORIENTED_EDGE('',*,*,#967,.T.);
#1340=ORIENTED_EDGE('',*,*,#968,.F.);
#1341=ORIENTED_EDGE('',*,*,#962,.T.);
#1342=ORIENTED_EDGE('',*,*,#946,.T.);
#1343=ORIENTED_EDGE('',*,*,#969,.T.);
#1344=ORIENTED_EDGE('',*,*,#970,.F.);
#1345=ORIENTED_EDGE('',*,*,#967,.F.);
#1346=ORIENTED_EDGE('',*,*,#945,.T.);
#1347=ORIENTED_EDGE('',*,*,#971,.F.);
#1348=ORIENTED_EDGE('',*,*,#972,.F.);
#1349=ORIENTED_EDGE('',*,*,#973,.T.);
#1350=ORIENTED_EDGE('',*,*,#974,.F.);
#1351=ORIENTED_EDGE('',*,*,#975,.F.);
#1352=ORIENTED_EDGE('',*,*,#976,.F.);
#1353=ORIENTED_EDGE('',*,*,#977,.F.);
#1354=ORIENTED_EDGE('',*,*,#978,.T.);
#1355=ORIENTED_EDGE('',*,*,#979,.T.);
#1356=ORIENTED_EDGE('',*,*,#980,.T.);
#1357=ORIENTED_EDGE('',*,*,#969,.F.);
#1358=ORIENTED_EDGE('',*,*,#921,.T.);
#1359=ORIENTED_EDGE('',*,*,#959,.T.);
#1360=ORIENTED_EDGE('',*,*,#933,.T.);
#1361=ORIENTED_EDGE('',*,*,#981,.T.);
#1362=ORIENTED_EDGE('',*,*,#982,.T.);
#1363=ORIENTED_EDGE('',*,*,#983,.T.);
#1364=ORIENTED_EDGE('',*,*,#984,.T.);
#1365=ORIENTED_EDGE('',*,*,#985,.F.);
#1366=ORIENTED_EDGE('',*,*,#986,.F.);
#1367=ORIENTED_EDGE('',*,*,#987,.T.);
#1368=ORIENTED_EDGE('',*,*,#988,.T.);
#1369=ORIENTED_EDGE('',*,*,#989,.F.);
#1370=ORIENTED_EDGE('',*,*,#987,.F.);
#1371=ORIENTED_EDGE('',*,*,#990,.T.);
#1372=ORIENTED_EDGE('',*,*,#991,.F.);
#1373=ORIENTED_EDGE('',*,*,#972,.T.);
#1374=ORIENTED_EDGE('',*,*,#992,.F.);
#1375=ORIENTED_EDGE('',*,*,#984,.F.);
#1376=ORIENTED_EDGE('',*,*,#993,.T.);
#1377=ORIENTED_EDGE('',*,*,#994,.T.);
#1378=ORIENTED_EDGE('',*,*,#932,.T.);
#1379=ORIENTED_EDGE('',*,*,#961,.T.);
#1380=ORIENTED_EDGE('',*,*,#966,.F.);
#1381=ORIENTED_EDGE('',*,*,#995,.F.);
#1382=ORIENTED_EDGE('',*,*,#981,.F.);
#1383=ORIENTED_EDGE('',*,*,#996,.T.);
#1384=ORIENTED_EDGE('',*,*,#993,.F.);
#1385=ORIENTED_EDGE('',*,*,#983,.F.);
#1386=ORIENTED_EDGE('',*,*,#997,.F.);
#1387=ORIENTED_EDGE('',*,*,#998,.F.);
#1388=ORIENTED_EDGE('',*,*,#999,.F.);
#1389=ORIENTED_EDGE('',*,*,#995,.T.);
#1390=ORIENTED_EDGE('',*,*,#965,.T.);
#1391=ORIENTED_EDGE('',*,*,#1000,.T.);
#1392=ORIENTED_EDGE('',*,*,#997,.T.);
#1393=ORIENTED_EDGE('',*,*,#982,.F.);
#1394=ORIENTED_EDGE('',*,*,#1001,.T.);
#1395=ORIENTED_EDGE('',*,*,#986,.T.);
#1396=ORIENTED_EDGE('',*,*,#1002,.F.);
#1397=ORIENTED_EDGE('',*,*,#1003,.F.);
#1398=ORIENTED_EDGE('',*,*,#1004,.T.);
#1399=ORIENTED_EDGE('',*,*,#1005,.F.);
#1400=ORIENTED_EDGE('',*,*,#988,.F.);
#1401=ORIENTED_EDGE('',*,*,#1006,.F.);
#1402=ORIENTED_EDGE('',*,*,#1007,.T.);
#1403=ORIENTED_EDGE('',*,*,#996,.F.);
#1404=ORIENTED_EDGE('',*,*,#1008,.F.);
#1405=ORIENTED_EDGE('',*,*,#1009,.F.);
#1406=ORIENTED_EDGE('',*,*,#1010,.T.);
#1407=ORIENTED_EDGE('',*,*,#1011,.F.);
#1408=ORIENTED_EDGE('',*,*,#998,.T.);
#1409=ORIENTED_EDGE('',*,*,#1000,.F.);
#1410=ORIENTED_EDGE('',*,*,#964,.F.);
#1411=ORIENTED_EDGE('',*,*,#1012,.F.);
#1412=ORIENTED_EDGE('',*,*,#1013,.F.);
#1413=ORIENTED_EDGE('',*,*,#1014,.F.);
#1414=ORIENTED_EDGE('',*,*,#1015,.F.);
#1415=ORIENTED_EDGE('',*,*,#1010,.F.);
#1416=ORIENTED_EDGE('',*,*,#1016,.F.);
#1417=ORIENTED_EDGE('',*,*,#1004,.F.);
#1418=ORIENTED_EDGE('',*,*,#1017,.F.);
#1419=ORIENTED_EDGE('',*,*,#975,.T.);
#1420=ORIENTED_EDGE('',*,*,#1018,.F.);
#1421=ORIENTED_EDGE('',*,*,#990,.F.);
#1422=ORIENTED_EDGE('',*,*,#1001,.F.);
#1423=ORIENTED_EDGE('',*,*,#1019,.F.);
#1424=ORIENTED_EDGE('',*,*,#1020,.F.);
#1425=ORIENTED_EDGE('',*,*,#973,.F.);
#1426=ORIENTED_EDGE('',*,*,#994,.F.);
#1427=ORIENTED_EDGE('',*,*,#1007,.F.);
#1428=ORIENTED_EDGE('',*,*,#974,.T.);
#1429=ORIENTED_EDGE('',*,*,#1020,.T.);
#1430=ORIENTED_EDGE('',*,*,#1006,.T.);
#1431=ORIENTED_EDGE('',*,*,#991,.T.);
#1432=ORIENTED_EDGE('',*,*,#1018,.T.);
#1433=ORIENTED_EDGE('',*,*,#1011,.T.);
#1434=ORIENTED_EDGE('',*,*,#1017,.T.);
#1435=ORIENTED_EDGE('',*,*,#1008,.T.);
#1436=ORIENTED_EDGE('',*,*,#999,.T.);
#1437=ORIENTED_EDGE('',*,*,#1002,.T.);
#1438=ORIENTED_EDGE('',*,*,#989,.T.);
#1439=ORIENTED_EDGE('',*,*,#1005,.T.);
#1440=ORIENTED_EDGE('',*,*,#1016,.T.);
#1441=ORIENTED_EDGE('',*,*,#1009,.T.);
#1442=ORIENTED_EDGE('',*,*,#1021,.F.);
#1443=ORIENTED_EDGE('',*,*,#930,.T.);
#1444=ORIENTED_EDGE('',*,*,#922,.T.);
#1445=ORIENTED_EDGE('',*,*,#985,.T.);
#1446=ORIENTED_EDGE('',*,*,#1022,.T.);
#1447=ORIENTED_EDGE('',*,*,#944,.T.);
#1448=ORIENTED_EDGE('',*,*,#931,.T.);
#1449=ORIENTED_EDGE('',*,*,#1022,.F.);
#1450=ORIENTED_EDGE('',*,*,#992,.T.);
#1451=ORIENTED_EDGE('',*,*,#971,.T.);
#1452=ORIENTED_EDGE('',*,*,#1014,.T.);
#1453=ORIENTED_EDGE('',*,*,#1023,.T.);
#1454=ORIENTED_EDGE('',*,*,#977,.T.);
#1455=ORIENTED_EDGE('',*,*,#1024,.F.);
#1456=ORIENTED_EDGE('',*,*,#1025,.F.);
#1457=ORIENTED_EDGE('',*,*,#1012,.T.);
#1458=ORIENTED_EDGE('',*,*,#1026,.T.);
#1459=ORIENTED_EDGE('',*,*,#979,.F.);
#1460=ORIENTED_EDGE('',*,*,#1013,.T.);
#1461=ORIENTED_EDGE('',*,*,#1025,.T.);
#1462=ORIENTED_EDGE('',*,*,#978,.F.);
#1463=ORIENTED_EDGE('',*,*,#1023,.F.);
#1464=ORIENTED_EDGE('',*,*,#980,.F.);
#1465=ORIENTED_EDGE('',*,*,#1026,.F.);
#1466=ORIENTED_EDGE('',*,*,#963,.F.);
#1467=ORIENTED_EDGE('',*,*,#968,.T.);
#1468=ORIENTED_EDGE('',*,*,#970,.T.);
#1469=ORIENTED_EDGE('',*,*,#1003,.T.);
#1470=ORIENTED_EDGE('',*,*,#1021,.T.);
#1471=ORIENTED_EDGE('',*,*,#1015,.T.);
#1472=ORIENTED_EDGE('',*,*,#1024,.T.);
#1473=ORIENTED_EDGE('',*,*,#976,.T.);
#1474=ORIENTED_EDGE('',*,*,#1019,.T.);
#1475=CYLINDRICAL_SURFACE('',#1603,1.65);
#1476=CYLINDRICAL_SURFACE('',#1606,1.65);
#1477=CYLINDRICAL_SURFACE('',#1637,0.75);
#1478=CYLINDRICAL_SURFACE('',#1639,1.25);
#1479=CYLINDRICAL_SURFACE('',#1646,0.722841614740048);
#1480=CYLINDRICAL_SURFACE('',#1649,0.5);
#1481=CYLINDRICAL_SURFACE('',#1650,0.5);
#1482=CYLINDRICAL_SURFACE('',#1658,1.23389626792531);
#1483=CYLINDRICAL_SURFACE('',#1661,1.30442055967633);
#1484=CYLINDRICAL_SURFACE('',#1663,1.65);
#1485=CYLINDRICAL_SURFACE('',#1666,1.65);
#1486=CYLINDRICAL_SURFACE('',#1702,0.75);
#1487=CYLINDRICAL_SURFACE('',#1704,1.25);
#1488=CYLINDRICAL_SURFACE('',#1711,0.722841614740048);
#1489=CYLINDRICAL_SURFACE('',#1713,0.5);
#1490=CYLINDRICAL_SURFACE('',#1714,0.5);
#1491=CYLINDRICAL_SURFACE('',#1718,1.23389626792531);
#1492=CYLINDRICAL_SURFACE('',#1721,1.30442055967633);
#1493=ADVANCED_FACE('',(#131),#1475,.F.);
#1494=ADVANCED_FACE('',(#132),#1476,.F.);
#1495=ADVANCED_FACE('',(#133),#67,.T.);
#1496=ADVANCED_FACE('',(#134),#68,.T.);
#1497=ADVANCED_FACE('',(#135),#69,.F.);
#1498=ADVANCED_FACE('',(#136),#70,.F.);
#1499=ADVANCED_FACE('',(#137),#71,.T.);
#1500=ADVANCED_FACE('',(#138),#72,.T.);
#1501=ADVANCED_FACE('',(#139),#73,.T.);
#1502=ADVANCED_FACE('',(#140),#74,.T.);
#1503=ADVANCED_FACE('',(#141,#59,#60),#75,.T.);
#1504=ADVANCED_FACE('',(#142),#76,.T.);
#1505=ADVANCED_FACE('',(#143),#77,.T.);
#1506=ADVANCED_FACE('',(#144,#61,#62),#78,.T.);
#1507=ADVANCED_FACE('',(#145),#79,.T.);
#1508=ADVANCED_FACE('',(#146),#80,.F.);
#1509=ADVANCED_FACE('',(#147),#81,.T.);
#1510=ADVANCED_FACE('',(#148),#82,.T.);
#1511=ADVANCED_FACE('',(#149),#83,.F.);
#1512=ADVANCED_FACE('',(#150),#84,.F.);
#1513=ADVANCED_FACE('',(#151),#85,.T.);
#1514=ADVANCED_FACE('',(#152),#86,.F.);
#1515=ADVANCED_FACE('',(#153),#19,.T.);
#1516=ADVANCED_FACE('',(#154),#87,.F.);
#1517=ADVANCED_FACE('',(#155),#88,.T.);
#1518=ADVANCED_FACE('',(#156),#17,.T.);
#1519=ADVANCED_FACE('',(#157),#89,.T.);
#1520=ADVANCED_FACE('',(#158),#1477,.F.);
#1521=ADVANCED_FACE('',(#159),#1478,.T.);
#1522=ADVANCED_FACE('',(#160),#90,.T.);
#1523=ADVANCED_FACE('',(#161),#91,.F.);
#1524=ADVANCED_FACE('',(#162),#1479,.F.);
#1525=ADVANCED_FACE('',(#163),#92,.F.);
#1526=ADVANCED_FACE('',(#164),#1480,.T.);
#1527=ADVANCED_FACE('',(#165),#1481,.T.);
#1528=ADVANCED_FACE('',(#166),#93,.F.);
#1529=ADVANCED_FACE('',(#167),#94,.T.);
#1530=ADVANCED_FACE('',(#168),#95,.F.);
#1531=ADVANCED_FACE('',(#169),#1482,.T.);
#1532=ADVANCED_FACE('',(#170),#96,.F.);
#1533=ADVANCED_FACE('',(#171),#97,.F.);
#1534=ADVANCED_FACE('',(#172),#1483,.F.);
#1535=ADVANCED_FACE('',(#173),#98,.F.);
#1536=ADVANCED_FACE('',(#174),#1484,.F.);
#1537=ADVANCED_FACE('',(#175),#1485,.F.);
#1538=ADVANCED_FACE('',(#176),#99,.T.);
#1539=ADVANCED_FACE('',(#177),#100,.T.);
#1540=ADVANCED_FACE('',(#178),#101,.F.);
#1541=ADVANCED_FACE('',(#179),#102,.T.);
#1542=ADVANCED_FACE('',(#180),#103,.T.);
#1543=ADVANCED_FACE('',(#181),#104,.T.);
#1544=ADVANCED_FACE('',(#182,#63,#64),#105,.T.);
#1545=ADVANCED_FACE('',(#183),#106,.T.);
#1546=ADVANCED_FACE('',(#184),#107,.T.);
#1547=ADVANCED_FACE('',(#185,#65,#66),#108,.T.);
#1548=ADVANCED_FACE('',(#186),#109,.T.);
#1549=ADVANCED_FACE('',(#187),#110,.T.);
#1550=ADVANCED_FACE('',(#188),#111,.F.);
#1551=ADVANCED_FACE('',(#189),#112,.F.);
#1552=ADVANCED_FACE('',(#190),#113,.F.);
#1553=ADVANCED_FACE('',(#191),#114,.T.);
#1554=ADVANCED_FACE('',(#192),#115,.T.);
#1555=ADVANCED_FACE('',(#193),#116,.F.);
#1556=ADVANCED_FACE('',(#194),#117,.F.);
#1557=ADVANCED_FACE('',(#195),#118,.T.);
#1558=ADVANCED_FACE('',(#196),#20,.F.);
#1559=ADVANCED_FACE('',(#197),#119,.T.);
#1560=ADVANCED_FACE('',(#198),#120,.F.);
#1561=ADVANCED_FACE('',(#199),#121,.F.);
#1562=ADVANCED_FACE('',(#200),#18,.T.);
#1563=ADVANCED_FACE('',(#201),#122,.F.);
#1564=ADVANCED_FACE('',(#202),#1486,.F.);
#1565=ADVANCED_FACE('',(#203),#1487,.T.);
#1566=ADVANCED_FACE('',(#204),#123,.F.);
#1567=ADVANCED_FACE('',(#205),#124,.T.);
#1568=ADVANCED_FACE('',(#206),#1488,.F.);
#1569=ADVANCED_FACE('',(#207),#125,.T.);
#1570=ADVANCED_FACE('',(#208),#1489,.T.);
#1571=ADVANCED_FACE('',(#209),#1490,.T.);
#1572=ADVANCED_FACE('',(#210),#126,.T.);
#1573=ADVANCED_FACE('',(#211),#127,.T.);
#1574=ADVANCED_FACE('',(#212),#1491,.T.);
#1575=ADVANCED_FACE('',(#213),#128,.T.);
#1576=ADVANCED_FACE('',(#214),#129,.T.);
#1577=ADVANCED_FACE('',(#215),#1492,.F.);
#1578=ADVANCED_FACE('',(#216),#130,.T.);
#1579=CLOSED_SHELL('',(#1493,#1494,#1495,#1496,#1497,#1498,#1499,#1500,
#1501,#1502,#1503,#1504,#1505,#1506,#1507,#1508,#1509,#1510,#1511,#1512,
#1513,#1514,#1515,#1516,#1517,#1518,#1519,#1520,#1521,#1522,#1523,#1524,
#1525,#1526,#1527,#1528,#1529,#1530,#1531,#1532,#1533,#1534,#1535));
#1580=CLOSED_SHELL('',(#1536,#1537,#1538,#1539,#1540,#1541,#1542,#1543,
#1544,#1545,#1546,#1547,#1548,#1549,#1550,#1551,#1552,#1553,#1554,#1555,
#1556,#1557,#1558,#1559,#1560,#1561,#1562,#1563,#1564,#1565,#1566,#1567,
#1568,#1569,#1570,#1571,#1572,#1573,#1574,#1575,#1576,#1577,#1578));
#1581=DERIVED_UNIT_ELEMENT(#1584,1.);
#1582=DERIVED_UNIT_ELEMENT(#2811,-3.);
#1583=DIMENSIONAL_EXPONENTS(0.,1.,0.,0.,0.,0.,0.);
#1584=(
CONVERSION_BASED_UNIT('gram',#1586)
MASS_UNIT()
NAMED_UNIT(#1583)
);
#1585=(
MASS_UNIT()
NAMED_UNIT(*)
SI_UNIT(.KILO.,.GRAM.)
);
#1586=MASS_MEASURE_WITH_UNIT(MASS_MEASURE(0.001),#1585);
#1587=DERIVED_UNIT((#1581,#1582));
#1588=MEASURE_REPRESENTATION_ITEM('density measure',
POSITIVE_RATIO_MEASURE(1.),#1587);
#1589=PROPERTY_DEFINITION_REPRESENTATION(#1594,#1591);
#1590=PROPERTY_DEFINITION_REPRESENTATION(#1595,#1592);
#1591=REPRESENTATION('material name',(#1593),#2808);
#1592=REPRESENTATION('density',(#1588),#2808);
#1593=DESCRIPTIVE_REPRESENTATION_ITEM('\X2\4E00822C\X0\','\X2\4E00822C\X0\');
#1594=PROPERTY_DEFINITION('material property','material name',#2818);
#1595=PROPERTY_DEFINITION('material property','density of part',#2818);
#1596=DATE_TIME_ROLE('creation_date');
#1597=APPLIED_DATE_AND_TIME_ASSIGNMENT(#1598,#1596,(#2818));
#1598=DATE_AND_TIME(#1599,#1600);
#1599=CALENDAR_DATE(2025,8,4);
#1600=LOCAL_TIME(11,29,12.,#1601);
#1601=COORDINATED_UNIVERSAL_TIME_OFFSET(0,0,.BEHIND.);
#1602=AXIS2_PLACEMENT_3D('',#2129,#1723,#1724);
#1603=AXIS2_PLACEMENT_3D('',#2130,#1725,#1726);
#1604=AXIS2_PLACEMENT_3D('',#2132,#1727,#1728);
#1605=AXIS2_PLACEMENT_3D('',#2135,#1730,#1731);
#1606=AXIS2_PLACEMENT_3D('',#2136,#1732,#1733);
#1607=AXIS2_PLACEMENT_3D('',#2138,#1734,#1735);
#1608=AXIS2_PLACEMENT_3D('',#2141,#1737,#1738);
#1609=AXIS2_PLACEMENT_3D('',#2142,#1739,#1740);
#1610=AXIS2_PLACEMENT_3D('',#2153,#1746,#1747);
#1611=AXIS2_PLACEMENT_3D('',#2161,#1752,#1753);
#1612=AXIS2_PLACEMENT_3D('',#2167,#1757,#1758);
#1613=AXIS2_PLACEMENT_3D('',#2171,#1761,#1762);
#1614=AXIS2_PLACEMENT_3D('',#2181,#1768,#1769);
#1615=AXIS2_PLACEMENT_3D('',#2196,#1778,#1779);
#1616=AXIS2_PLACEMENT_3D('',#2200,#1782,#1783);
#1617=AXIS2_PLACEMENT_3D('',#2206,#1787,#1788);
#1618=AXIS2_PLACEMENT_3D('',#2210,#1791,#1792);
#1619=AXIS2_PLACEMENT_3D('',#2214,#1795,#1796);
#1620=AXIS2_PLACEMENT_3D('',#2218,#1799,#1800);
#1621=AXIS2_PLACEMENT_3D('',#2220,#1802,#1803);
#1622=AXIS2_PLACEMENT_3D('',#2221,#1804,#1805);
#1623=AXIS2_PLACEMENT_3D('',#2225,#1808,#1809);
#1624=AXIS2_PLACEMENT_3D('',#2229,#1811,#1812);
#1625=AXIS2_PLACEMENT_3D('',#2231,#1814,#1815);
#1626=AXIS2_PLACEMENT_3D('',#2241,#1819,#1820);
#1627=AXIS2_PLACEMENT_3D('',#2243,#1822,#1823);
#1628=AXIS2_PLACEMENT_3D('',#2247,#1826,#1827);
#1629=AXIS2_PLACEMENT_3D('',#2255,#1829,#1830);
#1630=AXIS2_PLACEMENT_3D('',#2257,#1832,#1833);
#1631=AXIS2_PLACEMENT_3D('',#2262,#1835,#1836);
#1632=AXIS2_PLACEMENT_3D('',#2289,#1839,#1840);
#1633=AXIS2_PLACEMENT_3D('',#2295,#1844,#1845);
#1634=AXIS2_PLACEMENT_3D('',#2305,#1849,#1850);
#1635=AXIS2_PLACEMENT_3D('',#2306,#1851,#1852);
#1636=AXIS2_PLACEMENT_3D('',#2307,#1853,#1854);
#1637=AXIS2_PLACEMENT_3D('',#2313,#1858,#1859);
#1638=AXIS2_PLACEMENT_3D('',#2316,#1860,#1861);
#1639=AXIS2_PLACEMENT_3D('',#2380,#1862,#1863);
#1640=AXIS2_PLACEMENT_3D('',#2394,#1864,#1865);
#1641=AXIS2_PLACEMENT_3D('',#2409,#1866,#1867);
#1642=AXIS2_PLACEMENT_3D('',#2410,#1868,#1869);
#1643=AXIS2_PLACEMENT_3D('',#2422,#1870,#1871);
#1644=AXIS2_PLACEMENT_3D('',#2423,#1872,#1873);
#1645=AXIS2_PLACEMENT_3D('',#2426,#1876,#1877);
#1646=AXIS2_PLACEMENT_3D('',#2432,#1881,#1882);
#1647=AXIS2_PLACEMENT_3D('',#2435,#1884,#1885);
#1648=AXIS2_PLACEMENT_3D('',#2436,#1886,#1887);
#1649=AXIS2_PLACEMENT_3D('',#2438,#1889,#1890);
#1650=AXIS2_PLACEMENT_3D('',#2439,#1891,#1892);
#1651=AXIS2_PLACEMENT_3D('',#2440,#1893,#1894);
#1652=AXIS2_PLACEMENT_3D('',#2441,#1895,#1896);
#1653=AXIS2_PLACEMENT_3D('',#2447,#1900,#1901);
#1654=AXIS2_PLACEMENT_3D('',#2449,#1902,#1903);
#1655=AXIS2_PLACEMENT_3D('',#2455,#1906,#1907);
#1656=AXIS2_PLACEMENT_3D('',#2457,#1909,#1910);
#1657=AXIS2_PLACEMENT_3D('',#2458,#1911,#1912);
#1658=AXIS2_PLACEMENT_3D('',#2459,#1913,#1914);
#1659=AXIS2_PLACEMENT_3D('',#2462,#1917,#1918);
#1660=AXIS2_PLACEMENT_3D('',#2465,#1921,#1922);
#1661=AXIS2_PLACEMENT_3D('',#2466,#1923,#1924);
#1662=AXIS2_PLACEMENT_3D('',#2467,#1925,#1926);
#1663=AXIS2_PLACEMENT_3D('',#2468,#1927,#1928);
#1664=AXIS2_PLACEMENT_3D('',#2470,#1929,#1930);
#1665=AXIS2_PLACEMENT_3D('',#2473,#1932,#1933);
#1666=AXIS2_PLACEMENT_3D('',#2474,#1934,#1935);
#1667=AXIS2_PLACEMENT_3D('',#2476,#1936,#1937);
#1668=AXIS2_PLACEMENT_3D('',#2479,#1939,#1940);
#1669=AXIS2_PLACEMENT_3D('',#2480,#1941,#1942);
#1670=AXIS2_PLACEMENT_3D('',#2487,#1946,#1947);
#1671=AXIS2_PLACEMENT_3D('',#2499,#1954,#1955);
#1672=AXIS2_PLACEMENT_3D('',#2503,#1958,#1959);
#1673=AXIS2_PLACEMENT_3D('',#2514,#1965,#1966);
#1674=AXIS2_PLACEMENT_3D('',#2519,#1970,#1971);
#1675=AXIS2_PLACEMENT_3D('',#2535,#1980,#1981);
#1676=AXIS2_PLACEMENT_3D('',#2539,#1984,#1985);
#1677=AXIS2_PLACEMENT_3D('',#2545,#1989,#1990);
#1678=AXIS2_PLACEMENT_3D('',#2551,#1994,#1995);
#1679=AXIS2_PLACEMENT_3D('',#2554,#1998,#1999);
#1680=AXIS2_PLACEMENT_3D('',#2555,#2000,#2001);
#1681=AXIS2_PLACEMENT_3D('',#2557,#2003,#2004);
#1682=AXIS2_PLACEMENT_3D('',#2559,#2006,#2007);
#1683=AXIS2_PLACEMENT_3D('',#2563,#2010,#2011);
#1684=AXIS2_PLACEMENT_3D('',#2567,#2013,#2014);
#1685=AXIS2_PLACEMENT_3D('',#2575,#2017,#2018);
#1686=AXIS2_PLACEMENT_3D('',#2578,#2020,#2021);
#1687=AXIS2_PLACEMENT_3D('',#2579,#2022,#2023);
#1688=AXIS2_PLACEMENT_3D('',#2583,#2026,#2027);
#1689=AXIS2_PLACEMENT_3D('',#2589,#2030,#2031);
#1690=AXIS2_PLACEMENT_3D('',#2597,#2035,#2036);
#1691=AXIS2_PLACEMENT_3D('',#2602,#2039,#2040);
#1692=AXIS2_PLACEMENT_3D('',#2603,#2041,#2042);
#1693=AXIS2_PLACEMENT_3D('',#2615,#2047,#2048);
#1694=AXIS2_PLACEMENT_3D('',#2629,#2051,#2052);
#1695=AXIS2_PLACEMENT_3D('',#2647,#2054,#2055);
#1696=AXIS2_PLACEMENT_3D('',#2652,#2059,#2060);
#1697=AXIS2_PLACEMENT_3D('',#2653,#2061,#2062);
#1698=AXIS2_PLACEMENT_3D('',#2654,#2063,#2064);
#1699=AXIS2_PLACEMENT_3D('',#2664,#2068,#2069);
#1700=AXIS2_PLACEMENT_3D('',#2665,#2070,#2071);
#1701=AXIS2_PLACEMENT_3D('',#2666,#2072,#2073);
#1702=AXIS2_PLACEMENT_3D('',#2672,#2077,#2078);
#1703=AXIS2_PLACEMENT_3D('',#2675,#2079,#2080);
#1704=AXIS2_PLACEMENT_3D('',#2739,#2081,#2082);
#1705=AXIS2_PLACEMENT_3D('',#2753,#2083,#2084);
#1706=AXIS2_PLACEMENT_3D('',#2765,#2085,#2086);
#1707=AXIS2_PLACEMENT_3D('',#2767,#2087,#2088);
#1708=AXIS2_PLACEMENT_3D('',#2781,#2089,#2090);
#1709=AXIS2_PLACEMENT_3D('',#2782,#2091,#2092);
#1710=AXIS2_PLACEMENT_3D('',#2785,#2095,#2096);
#1711=AXIS2_PLACEMENT_3D('',#2788,#2099,#2100);
#1712=AXIS2_PLACEMENT_3D('',#2790,#2102,#2103);
#1713=AXIS2_PLACEMENT_3D('',#2791,#2104,#2105);
#1714=AXIS2_PLACEMENT_3D('',#2792,#2106,#2107);
#1715=AXIS2_PLACEMENT_3D('',#2793,#2108,#2109);
#1716=AXIS2_PLACEMENT_3D('',#2794,#2110,#2111);
#1717=AXIS2_PLACEMENT_3D('',#2796,#2113,#2114);
#1718=AXIS2_PLACEMENT_3D('',#2797,#2115,#2116);
#1719=AXIS2_PLACEMENT_3D('',#2800,#2119,#2120);
#1720=AXIS2_PLACEMENT_3D('',#2803,#2123,#2124);
#1721=AXIS2_PLACEMENT_3D('',#2804,#2125,#2126);
#1722=AXIS2_PLACEMENT_3D('',#2805,#2127,#2128);
#1723=DIRECTION('axis',(0.,0.,1.));
#1724=DIRECTION('refdir',(1.,0.,0.));
#1725=DIRECTION('center_axis',(-0.996194698091746,6.59194920871187E-17,
0.087155742747652));
#1726=DIRECTION('ref_axis',(0.0841859828293633,0.258819045102521,0.962250186899059));
#1727=DIRECTION('center_axis',(0.996194698091746,-6.59194920871187E-17,
-0.087155742747652));
#1728=DIRECTION('ref_axis',(0.0841859828293633,0.258819045102521,0.962250186899059));
#1729=DIRECTION('',(0.996194698091746,-6.59194920871187E-17,-0.087155742747652));
#1730=DIRECTION('center_axis',(-0.996194698091746,6.59194920871187E-17,
0.087155742747652));
#1731=DIRECTION('ref_axis',(0.0841859828293633,0.258819045102521,0.962250186899059));
#1732=DIRECTION('center_axis',(-0.996194698091746,6.59194920871187E-17,
0.087155742747652));
#1733=DIRECTION('ref_axis',(0.0841859828293633,0.258819045102521,0.962250186899059));
#1734=DIRECTION('center_axis',(0.996194698091746,-6.59194920871187E-17,
-0.087155742747652));
#1735=DIRECTION('ref_axis',(0.0841859828293633,0.258819045102521,0.962250186899059));
#1736=DIRECTION('',(0.996194698091746,-6.59194920871187E-17,-0.087155742747652));
#1737=DIRECTION('center_axis',(-0.996194698091746,6.59194920871187E-17,
0.087155742747652));
#1738=DIRECTION('ref_axis',(0.0841859828293633,0.258819045102521,0.962250186899059));
#1739=DIRECTION('center_axis',(-0.996194698091746,5.55111512312578E-17,
0.087155742747652));
#1740=DIRECTION('ref_axis',(0.087155742747652,0.,0.996194698091746));
#1741=DIRECTION('',(-0.0871557427476526,-1.13603811522549E-16,-0.996194698091746));
#1742=DIRECTION('',(0.,1.,0.));
#1743=DIRECTION('',(0.0841859828293633,0.25881904510252,0.962250186899059));
#1744=DIRECTION('',(-0.0225575661131482,0.965925826289068,-0.2578341604963));
#1745=DIRECTION('',(-0.0841859828293633,-0.258819045102521,-0.962250186899059));
#1746=DIRECTION('center_axis',(-0.0225575661131482,0.965925826289068,-0.257834160496299));
#1747=DIRECTION('ref_axis',(-0.0841859828293633,-0.258819045102521,-0.962250186899059));
#1748=DIRECTION('',(0.0841859828293633,0.258819045102521,0.962250186899059));
#1749=DIRECTION('',(0.996194698091746,-5.20417042793042E-17,-0.087155742747652));
#1750=DIRECTION('',(-0.0841859828293638,-0.258819045102521,-0.962250186899059));
#1751=DIRECTION('',(-0.996194698091746,5.55111512312578E-17,0.087155742747652));
#1752=DIRECTION('center_axis',(-0.996194698091746,0.,0.0871557427476526));
#1753=DIRECTION('ref_axis',(-0.0871557427476526,0.,-0.996194698091746));
#1754=DIRECTION('',(0.0841859828293638,0.25881904510252,0.962250186899059));
#1755=DIRECTION('',(0.,1.,0.));
#1756=DIRECTION('',(0.0871541315397454,0.00608052080509852,0.996176281901096));
#1757=DIRECTION('center_axis',(-0.996194698091746,0.,0.0871557427476526));
#1758=DIRECTION('ref_axis',(-0.0871557427476526,0.,-0.996194698091746));
#1759=DIRECTION('',(-0.0225575661131484,0.965925826289068,-0.2578341604963));
#1760=DIRECTION('',(-0.0871557427476526,-1.13603811522549E-16,-0.996194698091746));
#1761=DIRECTION('center_axis',(0.0841859828293633,0.258819045102521,0.962250186899059));
#1762=DIRECTION('ref_axis',(-0.0225575661131482,0.965925826289068,-0.2578341604963));
#1763=DIRECTION('',(0.0225575661131482,-0.965925826289068,0.2578341604963));
#1764=DIRECTION('',(-0.996194698091746,6.59194920871187E-17,0.087155742747652));
#1765=DIRECTION('',(-0.0225575661131482,0.965925826289068,-0.2578341604963));
#1766=DIRECTION('',(-0.0225575661131484,0.965925826289068,-0.2578341604963));
#1767=DIRECTION('',(-0.0225575661131482,0.965925826289068,-0.2578341604963));
#1768=DIRECTION('center_axis',(-0.996194698091746,0.,0.0871557427476526));
#1769=DIRECTION('ref_axis',(-0.0871557427476526,0.,-0.996194698091746));
#1770=DIRECTION('',(0.0225575661131484,-0.965925826289068,0.2578341604963));
#1771=DIRECTION('',(0.0841859828293633,0.25881904510252,0.962250186899059));
#1772=DIRECTION('',(0.0871541315397454,0.00608052080509852,0.996176281901096));
#1773=DIRECTION('',(1.81429335612658E-18,1.,2.07374679530805E-17));
#1774=DIRECTION('',(0.0871557427476526,3.65184218158051E-17,0.996194698091746));
#1775=DIRECTION('',(-1.81429335612658E-18,-1.,-2.07374679530805E-17));
#1776=DIRECTION('',(-0.0871557427476526,-5.54901557615353E-16,-0.996194698091746));
#1777=DIRECTION('',(-0.0841859828293633,-0.258819045102521,-0.962250186899059));
#1778=DIRECTION('center_axis',(-0.996194698091746,6.59194920871187E-17,
0.087155742747652));
#1779=DIRECTION('ref_axis',(0.087155742747652,0.,0.996194698091746));
#1780=DIRECTION('',(-0.0871557427476526,-1.13603811522549E-16,-0.996194698091746));
#1781=DIRECTION('',(1.81429335612658E-18,1.,2.07374679530805E-17));
#1782=DIRECTION('center_axis',(0.0225575661131482,-0.965925826289068,0.2578341604963));
#1783=DIRECTION('ref_axis',(0.0841859828293633,0.258819045102521,0.962250186899059));
#1784=DIRECTION('',(0.996194698091746,-8.2203135409995E-17,-0.087155742747652));
#1785=DIRECTION('',(0.0841859828293632,0.258819045102521,0.962250186899059));
#1786=DIRECTION('',(-0.996194698091746,7.63278329429795E-17,0.087155742747652));
#1787=DIRECTION('center_axis',(-0.996194698091746,6.59194920871187E-17,
0.087155742747652));
#1788=DIRECTION('ref_axis',(-0.0841859828293633,-0.258819045102521,-0.962250186899059));
#1789=DIRECTION('',(0.0225575661131482,-0.965925826289068,0.2578341604963));
#1790=DIRECTION('',(0.0841859828293633,0.258819045102521,0.962250186899059));
#1791=DIRECTION('center_axis',(-0.0841859828293633,-0.258819045102521,-0.962250186899059));
#1792=DIRECTION('ref_axis',(0.996194698091746,-8.2203135409995E-17,-0.087155742747652));
#1793=DIRECTION('',(-0.996194698091746,8.2203135409995E-17,0.087155742747652));
#1794=DIRECTION('',(0.0225575661131482,-0.965925826289068,0.2578341604963));
#1795=DIRECTION('center_axis',(0.0841859828293633,0.258819045102521,0.962250186899059));
#1796=DIRECTION('ref_axis',(-0.996194698091746,7.63278329429795E-17,0.087155742747652));
#1797=DIRECTION('',(0.996194698091746,-7.63278329429795E-17,-0.087155742747652));
#1798=DIRECTION('',(0.0225575661131482,-0.965925826289068,0.2578341604963));
#1799=DIRECTION('center_axis',(0.996194698091746,-6.59194920871187E-17,
-0.087155742747652));
#1800=DIRECTION('ref_axis',(0.0841859828293633,0.258819045102521,0.962250186899059));
#1801=DIRECTION('',(-0.0841859828293633,-0.258819045102521,-0.962250186899059));
#1802=DIRECTION('center_axis',(-0.0225575661131482,0.965925826289068,-0.2578341604963));
#1803=DIRECTION('ref_axis',(0.,0.257899784197095,0.966171672794795));
#1804=DIRECTION('center_axis',(-0.996194698091746,0.,0.0871557427476526));
#1805=DIRECTION('ref_axis',(-0.0871557427476526,0.,-0.996194698091746));
#1806=DIRECTION('',(-0.0871557427476526,-5.54901557615353E-16,-0.996194698091746));
#1807=DIRECTION('',(1.81429335612658E-18,1.,2.07374679530805E-17));
#1808=DIRECTION('center_axis',(0.,0.,1.));
#1809=DIRECTION('ref_axis',(1.,0.,0.));
#1810=DIRECTION('',(-0.992602145245472,-0.121412442748208,0.));
#1811=DIRECTION('center_axis',(0.,0.,1.));
#1812=DIRECTION('ref_axis',(1.,0.,0.));
#1813=DIRECTION('',(0.997575100836221,0.0695982628490387,0.));
#1814=DIRECTION('center_axis',(-0.121405593760131,0.992546151641322,0.0106216131426443));
#1815=DIRECTION('ref_axis',(0.,-0.0107007668976048,0.999942745154843));
#1816=DIRECTION('',(-0.988769213876451,-0.121869343405148,0.0865060970576232));
#1817=DIRECTION('',(-0.0871557427476517,0.,-0.996194698091746));
#1818=DIRECTION('',(0.,0.010700766897605,-0.999942745154843));
#1819=DIRECTION('center_axis',(-0.0871557427476521,2.08166817117217E-17,
-0.996194698091746));
#1820=DIRECTION('ref_axis',(-0.996194698091746,0.,0.0871557427476521));
#1821=DIRECTION('',(0.672685844962426,0.737583995692985,-0.0588523855485655));
#1822=DIRECTION('center_axis',(0.734777265906677,-0.675255395607892,-0.0642846809834031));
#1823=DIRECTION('ref_axis',(-0.0871557427476521,0.,-0.996194698091746));
#1824=DIRECTION('',(0.672685844962426,0.737583995692985,-0.0588523855485655));
#1825=DIRECTION('',(-0.0871557427476517,0.,-0.996194698091746));
#1826=DIRECTION('center_axis',(0.0695982628490387,-0.997575100836221,0.));
#1827=DIRECTION('ref_axis',(0.,0.,-1.));
#1828=DIRECTION('',(0.,0.,1.));
#1829=DIRECTION('center_axis',(0.0697223380288707,-0.99756643660435,-1.18442927580588E-5));
#1830=DIRECTION('ref_axis',(0.993089151015183,0.0694105333185174,-0.0946367581882508));
#1831=DIRECTION('',(0.993797309955966,0.0693346960434395,-0.0869459984636998));
#1832=DIRECTION('center_axis',(0.747124462400395,-0.664684163857483,0.));
#1833=DIRECTION('ref_axis',(0.,0.,-1.));
#1834=DIRECTION('',(0.,0.,-1.));
#1835=DIRECTION('center_axis',(0.747124462400395,-0.664684163857483,0.));
#1836=DIRECTION('ref_axis',(-0.664684163857483,-0.747124462400395,0.));
#1837=DIRECTION('',(0.,0.,-1.));
#1838=DIRECTION('',(0.,1.,0.));
#1839=DIRECTION('center_axis',(0.996194698091746,0.,-0.0871557427476517));
#1840=DIRECTION('ref_axis',(-0.0871557427476517,0.,-0.996194698091746));
#1841=DIRECTION('',(0.,1.,0.));
#1842=DIRECTION('',(0.0871557427476515,0.,0.996194698091746));
#1843=DIRECTION('',(0.,-1.,0.));
#1844=DIRECTION('center_axis',(-1.,0.,0.));
#1845=DIRECTION('ref_axis',(0.,0.,1.));
#1846=DIRECTION('',(0.,0.,-1.));
#1847=DIRECTION('',(0.,-1.,0.));
#1848=DIRECTION('',(0.,0.,-1.));
#1849=DIRECTION('center_axis',(0.,0.,-1.));
#1850=DIRECTION('ref_axis',(0.944665990397451,0.328033788787684,0.));
#1851=DIRECTION('center_axis',(0.,0.,1.));
#1852=DIRECTION('ref_axis',(1.,0.,0.));
#1853=DIRECTION('center_axis',(-1.,0.,0.));
#1854=DIRECTION('ref_axis',(0.,0.,1.));
#1855=DIRECTION('',(0.,1.,0.));
#1856=DIRECTION('',(0.,-0.0107007668976037,-0.999942745154843));
#1857=DIRECTION('',(0.,-1.,0.));
#1858=DIRECTION('center_axis',(0.,0.,-1.));
#1859=DIRECTION('ref_axis',(0.999927742586824,0.0120212147979489,0.));
#1860=DIRECTION('center_axis',(0.,0.,1.));
#1861=DIRECTION('ref_axis',(1.,0.,0.));
#1862=DIRECTION('center_axis',(0.,0.,-1.));
#1863=DIRECTION('ref_axis',(0.999990338424573,0.00439579998492517,0.));
#1864=DIRECTION('center_axis',(0.121405593760118,0.992546151641324,-0.0106216131426432));
#1865=DIRECTION('ref_axis',(-0.00128959599757465,-0.0105430359913552,-0.999943589076028));
#1866=DIRECTION('center_axis',(-0.996194698091746,0.,0.0871557427476522));
#1867=DIRECTION('ref_axis',(-0.0871557427476522,0.,-0.996194698091746));
#1868=DIRECTION('center_axis',(-0.0648580786602986,0.997878365044017,0.0056743466208484));
#1869=DIRECTION('ref_axis',(-0.000368033144532638,0.00566239888899211,-0.999983900765621));
#1870=DIRECTION('center_axis',(0.,0.,1.));
#1871=DIRECTION('ref_axis',(1.,0.,0.));
#1872=DIRECTION('center_axis',(0.,0.,1.));
#1873=DIRECTION('ref_axis',(1.,0.,0.));
#1874=DIRECTION('',(0.,-1.,0.));
#1875=DIRECTION('',(0.,-1.,0.));
#1876=DIRECTION('center_axis',(0.996194698091746,0.,-0.0871557427476517));
#1877=DIRECTION('ref_axis',(-0.0871557427476517,0.,-0.996194698091746));
#1878=DIRECTION('',(0.,1.,0.));
#1879=DIRECTION('',(0.0871557427476517,-5.94823692012045E-16,0.996194698091746));
#1880=DIRECTION('',(-0.0871557427476517,5.74312530218526E-16,-0.996194698091746));
#1881=DIRECTION('center_axis',(0.0871557427476515,0.,0.996194698091746));
#1882=DIRECTION('ref_axis',(0.996194698091746,0.,-0.0871557427476514));
#1883=DIRECTION('',(0.0871557427476514,0.,0.996194698091746));
#1884=DIRECTION('center_axis',(-0.0871557427476521,2.08166817117217E-17,
-0.996194698091746));
#1885=DIRECTION('ref_axis',(-0.996194698091746,0.,0.0871557427476521));
#1886=DIRECTION('center_axis',(0.70441602640276,-0.707106781186546,-0.0616284167162147));
#1887=DIRECTION('ref_axis',(-0.0871557427476515,0.,-0.996194698091746));
#1888=DIRECTION('',(0.704416026402754,0.707106781186553,-0.0616284167162113));
#1889=DIRECTION('center_axis',(0.,-1.,0.));
#1890=DIRECTION('ref_axis',(0.,0.,-1.));
#1891=DIRECTION('center_axis',(0.,-1.,0.));
#1892=DIRECTION('ref_axis',(0.,0.,-1.));
#1893=DIRECTION('center_axis',(0.121405593760118,0.992546151641324,-0.0106216131426432));
#1894=DIRECTION('ref_axis',(0.988769213876453,-0.121869343405135,-0.0865060970576232));
#1895=DIRECTION('center_axis',(-0.0695969726500648,0.99755660798426,0.00608894612260403));
#1896=DIRECTION('ref_axis',(0.,-0.00610374654307545,0.999981371965567));
#1897=DIRECTION('',(-0.993760603920306,-0.0698628217790968,0.0869427871016966));
#1898=DIRECTION('',(-0.993760603920306,-0.0698628217790968,0.0869427871016967));
#1899=DIRECTION('',(-0.0871557427476523,0.,-0.996194698091746));
#1900=DIRECTION('center_axis',(-0.0871557427476521,2.08166817117217E-17,
-0.996194698091746));
#1901=DIRECTION('ref_axis',(-0.996194698091746,0.,0.0871557427476521));
#1902=DIRECTION('center_axis',(-0.0871557427476521,2.08166817117217E-17,
-0.996194698091746));
#1903=DIRECTION('ref_axis',(-0.996194698091746,1.1617897384059E-16,0.0871557427476521));
#1904=DIRECTION('',(0.99408113659731,0.0651058259841545,-0.0869708300772258));
#1905=DIRECTION('',(0.,1.,0.));
#1906=DIRECTION('center_axis',(-0.0871557427476522,3.46944695195361E-17,
-0.996194698091746));
#1907=DIRECTION('ref_axis',(-0.996194698091746,0.,0.0871557427476521));
#1908=DIRECTION('',(0.988769213876453,-0.121869343405136,-0.0865060970576144));
#1909=DIRECTION('center_axis',(-0.0871557427476521,2.08166817117217E-17,
-0.996194698091746));
#1910=DIRECTION('ref_axis',(-0.996194698091746,0.,0.0871557427476521));
#1911=DIRECTION('center_axis',(-0.0871557427476521,2.08166817117217E-17,
-0.996194698091746));
#1912=DIRECTION('ref_axis',(-0.996194698091746,1.1617897384059E-16,0.0871557427476521));
#1913=DIRECTION('center_axis',(-0.0871557427476522,2.08166817117217E-17,
-0.996194698091746));
#1914=DIRECTION('ref_axis',(-0.996194698091746,0.,0.0871557427476521));
#1915=DIRECTION('',(-0.0871557427476521,3.2290119375556E-17,-0.996194698091746));
#1916=DIRECTION('',(-0.0871557427476522,2.39806104467357E-17,-0.996194698091746));
#1917=DIRECTION('center_axis',(-0.0648580786602986,0.997878365044017,0.0056743466208484));
#1918=DIRECTION('ref_axis',(0.,-0.00568631917583879,0.999983832756425));
#1919=DIRECTION('',(-0.0871557427476522,1.14094496923052E-17,-0.996194698091746));
#1920=DIRECTION('',(-0.0871557427476522,3.03403404133938E-17,-0.996194698091746));
#1921=DIRECTION('center_axis',(-0.996194698091746,0.,0.0871557427476522));
#1922=DIRECTION('ref_axis',(0.0871557427476522,0.,0.996194698091746));
#1923=DIRECTION('center_axis',(0.0871557427476526,0.,0.996194698091746));
#1924=DIRECTION('ref_axis',(0.657678375111352,-0.751098110848712,-0.0575394020683896));
#1925=DIRECTION('center_axis',(0.121405593760118,0.992546151641324,-0.0106216131426432));
#1926=DIRECTION('ref_axis',(0.,0.0107007668976037,0.999942745154843));
#1927=DIRECTION('center_axis',(0.996194698091746,-6.24500451351651E-17,
-0.087155742747652));
#1928=DIRECTION('ref_axis',(-0.0841859828293633,-0.25881904510252,-0.962250186899059));
#1929=DIRECTION('center_axis',(-0.996194698091746,6.59194920871187E-17,
0.087155742747652));
#1930=DIRECTION('ref_axis',(-0.0841859828293633,-0.25881904510252,-0.962250186899059));
#1931=DIRECTION('',(-0.996194698091746,6.2450045135165E-17,0.087155742747652));
#1932=DIRECTION('center_axis',(0.996194698091746,-6.59194920871187E-17,
-0.087155742747652));
#1933=DIRECTION('ref_axis',(-0.0841859828293633,-0.25881904510252,-0.962250186899059));
#1934=DIRECTION('center_axis',(0.996194698091746,-6.24500451351651E-17,
-0.087155742747652));
#1935=DIRECTION('ref_axis',(-0.0841859828293633,-0.25881904510252,-0.962250186899059));
#1936=DIRECTION('center_axis',(-0.996194698091746,6.59194920871187E-17,
0.087155742747652));
#1937=DIRECTION('ref_axis',(-0.0841859828293633,-0.25881904510252,-0.962250186899059));
#1938=DIRECTION('',(-0.996194698091746,6.2450045135165E-17,0.087155742747652));
#1939=DIRECTION('center_axis',(0.996194698091746,-6.59194920871187E-17,
-0.087155742747652));
#1940=DIRECTION('ref_axis',(-0.0841859828293633,-0.25881904510252,-0.962250186899059));
#1941=DIRECTION('center_axis',(0.996194698091746,1.07552855510562E-16,-0.0871557427476513));
#1942=DIRECTION('ref_axis',(-0.0841859828293625,-0.258819045102521,-0.962250186899059));
#1943=DIRECTION('',(0.0871557427476517,-8.7387547325038E-18,0.996194698091746));
#1944=DIRECTION('',(-1.81429335612656E-18,-1.,-2.07374679530805E-17));
#1945=DIRECTION('',(-0.0225575661131481,0.965925826289068,-0.2578341604963));
#1946=DIRECTION('center_axis',(0.0841859828293633,0.258819045102521,0.962250186899059));
#1947=DIRECTION('ref_axis',(0.996194698091746,-6.59194920871187E-17,-0.087155742747652));
#1948=DIRECTION('',(-0.996194698091746,6.59194920871187E-17,0.087155742747652));
#1949=DIRECTION('',(0.0225575661131482,-0.965925826289068,0.257834160496299));
#1950=DIRECTION('',(0.0225575661131482,-0.965925826289068,0.257834160496299));
#1951=DIRECTION('',(-0.0225575661131481,0.965925826289068,-0.2578341604963));
#1952=DIRECTION('',(0.996194698091746,-6.59194920871187E-17,-0.087155742747652));
#1953=DIRECTION('',(-0.0225575661131482,0.965925826289068,-0.257834160496299));
#1954=DIRECTION('center_axis',(0.996194698091746,0.,-0.0871557427476517));
#1955=DIRECTION('ref_axis',(0.0871557427476517,0.,0.996194698091746));
#1956=DIRECTION('',(-1.81429335612656E-18,-1.,-2.07374679530805E-17));
#1957=DIRECTION('',(0.0871557427476517,-5.54901557615353E-16,0.996194698091746));
#1958=DIRECTION('center_axis',(0.996194698091746,0.,-0.0871557427476517));
#1959=DIRECTION('ref_axis',(-0.0871557427476517,0.,-0.996194698091746));
#1960=DIRECTION('',(0.,-1.,0.));
#1961=DIRECTION('',(0.0871557427476517,-8.7387547325038E-18,0.996194698091746));
#1962=DIRECTION('',(-0.084185982829363,-0.258819045102521,-0.962250186899059));
#1963=DIRECTION('',(-0.0225575661131482,0.965925826289068,-0.2578341604963));
#1964=DIRECTION('',(0.084185982829363,0.258819045102521,0.962250186899059));
#1965=DIRECTION('center_axis',(-0.0225575661131482,0.965925826289068,-0.2578341604963));
#1966=DIRECTION('ref_axis',(0.0841859828293633,0.258819045102521,0.962250186899059));
#1967=DIRECTION('',(-0.0841859828293633,-0.258819045102521,-0.962250186899059));
#1968=DIRECTION('',(0.996194698091746,-7.02628649892618E-17,-0.087155742747652));
#1969=DIRECTION('',(0.084185982829363,0.258819045102521,0.962250186899059));
#1970=DIRECTION('center_axis',(0.996194698091746,0.,-0.0871557427476517));
#1971=DIRECTION('ref_axis',(-0.0871557427476517,0.,-0.996194698091746));
#1972=DIRECTION('',(-0.0871541315397445,-0.00608052080509845,-0.996176281901096));
#1973=DIRECTION('',(0.084185982829363,0.258819045102521,0.962250186899059));
#1974=DIRECTION('',(-0.0225575661131481,0.965925826289068,-0.2578341604963));
#1975=DIRECTION('',(-0.0841859828293625,-0.258819045102521,-0.962250186899059));
#1976=DIRECTION('',(0.0871557427476517,-5.54901557615353E-16,0.996194698091746));
#1977=DIRECTION('',(1.81429335612656E-18,1.,2.07374679530805E-17));
#1978=DIRECTION('',(-0.0871557427476517,3.39099631146762E-17,-0.996194698091746));
#1979=DIRECTION('',(-1.81429335612656E-18,-1.,-2.07374679530805E-17));
#1980=DIRECTION('center_axis',(0.996194698091746,-6.59194920871187E-17,
-0.087155742747652));
#1981=DIRECTION('ref_axis',(0.0841859828293633,0.258819045102521,0.962250186899059));
#1982=DIRECTION('',(-0.0841859828293633,-0.258819045102521,-0.962250186899059));
#1983=DIRECTION('',(0.0225575661131482,-0.965925826289068,0.2578341604963));
#1984=DIRECTION('center_axis',(0.0841859828293633,0.258819045102521,0.962250186899059));
#1985=DIRECTION('ref_axis',(-0.996194698091746,7.63278329429795E-17,0.087155742747652));
#1986=DIRECTION('',(0.996194698091746,-7.63278329429795E-17,-0.087155742747652));
#1987=DIRECTION('',(0.0225575661131482,-0.965925826289068,0.2578341604963));
#1988=DIRECTION('',(0.996194698091746,-7.02628649892618E-17,-0.087155742747652));
#1989=DIRECTION('center_axis',(-0.0841859828293633,-0.258819045102521,-0.962250186899059));
#1990=DIRECTION('ref_axis',(0.996194698091746,-7.63278329429795E-17,-0.087155742747652));
#1991=DIRECTION('',(-0.996194698091746,7.63278329429795E-17,0.087155742747652));
#1992=DIRECTION('',(0.996194698091746,-7.63278329429795E-17,-0.087155742747652));
#1993=DIRECTION('',(0.0225575661131482,-0.965925826289068,0.2578341604963));
#1994=DIRECTION('center_axis',(-0.996194698091746,6.59194920871187E-17,
0.087155742747652));
#1995=DIRECTION('ref_axis',(-0.0841859828293633,-0.258819045102521,-0.962250186899059));
#1996=DIRECTION('',(0.0841859828293633,0.258819045102521,0.962250186899059));
#1997=DIRECTION('',(-0.0841859828293632,-0.258819045102521,-0.962250186899059));
#1998=DIRECTION('center_axis',(-0.0225575661131482,0.965925826289068,-0.2578341604963));
#1999=DIRECTION('ref_axis',(0.,0.257899784197095,0.966171672794795));
#2000=DIRECTION('center_axis',(0.0225575661131482,-0.965925826289068,0.2578341604963));
#2001=DIRECTION('ref_axis',(0.,-0.257899784197095,-0.966171672794795));
#2002=DIRECTION('',(-0.084185982829363,-0.258819045102521,-0.962250186899059));
#2003=DIRECTION('center_axis',(0.996194698091746,0.,-0.0871557427476517));
#2004=DIRECTION('ref_axis',(0.0871557427476517,0.,0.996194698091746));
#2005=DIRECTION('',(0.0871557427476517,-8.7387547325038E-18,0.996194698091746));
#2006=DIRECTION('center_axis',(0.996194698091746,0.,-0.0871557427476517));
#2007=DIRECTION('ref_axis',(0.0871557427476517,0.,0.996194698091746));
#2008=DIRECTION('',(-0.0871541315397445,-0.00608052080509845,-0.996176281901096));
#2009=DIRECTION('',(0.,-1.,0.));
#2010=DIRECTION('center_axis',(0.068540908849915,0.997575100836221,-0.0120856115125187));
#2011=DIRECTION('ref_axis',(-0.173648177666917,0.,-0.98480775301221));
#2012=DIRECTION('',(-0.993797309955966,0.0693346960434395,0.086945998463699));
#2013=DIRECTION('center_axis',(0.0686651557888231,0.99756643660435,-0.0120954925900531));
#2014=DIRECTION('ref_axis',(-0.994435395951761,0.0694105333185174,0.0792491081508416));
#2015=DIRECTION('',(0.173648177666917,0.,0.98480775301221));
#2016=DIRECTION('',(-0.982419693515448,0.0695982628490387,0.173227098346101));
#2017=DIRECTION('center_axis',(0.0871557427476512,-2.08166817117217E-17,
0.996194698091746));
#2018=DIRECTION('ref_axis',(0.996194698091746,0.,-0.0871557427476512));
#2019=DIRECTION('',(0.993760603920306,-0.0698628217790968,-0.0869427871016957));
#2020=DIRECTION('center_axis',(0.0871557427476512,-2.08166817117217E-17,
0.996194698091746));
#2021=DIRECTION('ref_axis',(0.996194698091746,1.1617897384059E-16,-0.0871557427476512));
#2022=DIRECTION('center_axis',(-0.0695969726500648,-0.99755660798426,0.00608894612260397));
#2023=DIRECTION('ref_axis',(0.173644942942685,-0.00610374654307545,0.984789407979477));
#2024=DIRECTION('',(0.993760603920306,-0.0698628217790968,-0.0869427871016958));
#2025=DIRECTION('',(-0.0871557427476511,0.,-0.996194698091746));
#2026=DIRECTION('center_axis',(0.0871557427476512,-2.08166817117217E-17,
0.996194698091746));
#2027=DIRECTION('ref_axis',(0.996194698091746,0.,-0.0871557427476512));
#2028=DIRECTION('',(-0.672685844962426,0.737583995692985,0.0588523855485649));
#2029=DIRECTION('',(0.,1.,0.));
#2030=DIRECTION('center_axis',(0.0871557427476512,-2.08166817117217E-17,
0.996194698091746));
#2031=DIRECTION('ref_axis',(0.996194698091746,0.,-0.0871557427476512));
#2032=DIRECTION('',(-0.704416026402753,0.707106781186553,0.0616284167162172));
#2033=DIRECTION('',(0.,1.,0.));
#2034=DIRECTION('',(-0.988769213876452,-0.121869343405136,0.0865060970576313));
#2035=DIRECTION('center_axis',(0.0871557427476512,-3.46944695195361E-17,
0.996194698091746));
#2036=DIRECTION('ref_axis',(0.996194698091746,0.,-0.0871557427476512));
#2037=DIRECTION('',(0.,1.,0.));
#2038=DIRECTION('',(-0.99408113659731,0.0651058259841545,0.0869708300772215));
#2039=DIRECTION('center_axis',(0.0871557427476512,-2.08166817117217E-17,
0.996194698091746));
#2040=DIRECTION('ref_axis',(0.996194698091746,1.1617897384059E-16,-0.0871557427476512));
#2041=DIRECTION('center_axis',(-0.121405593760131,-0.992546151641322,0.0106216131426443));
#2042=DIRECTION('ref_axis',(0.173638235467393,-0.0107007668976048,0.984751367996802));
#2043=DIRECTION('',(0.977522288294293,-0.121412442748208,-0.172363553670149));
#2044=DIRECTION('',(-0.173638235467393,0.010700766897605,-0.984751367996802));
#2045=DIRECTION('',(-0.0871557427476517,0.,-0.996194698091746));
#2046=DIRECTION('',(0.988769213876451,-0.121869343405148,-0.0865060970576223));
#2047=DIRECTION('center_axis',(0.735773963036988,0.664684163857483,-0.129736801386204));
#2048=DIRECTION('ref_axis',(-0.173648177666917,0.,-0.98480775301221));
#2049=DIRECTION('',(-0.173648177666917,0.,-0.98480775301221));
#2050=DIRECTION('',(-0.173648177666918,0.,-0.98480775301221));
#2051=DIRECTION('center_axis',(0.735773963036988,0.664684163857483,-0.129736801386204));
#2052=DIRECTION('ref_axis',(0.654586117871287,-0.747124462400395,-0.115421193777911));
#2053=DIRECTION('',(0.,1.,0.));
#2054=DIRECTION('center_axis',(0.996194698091746,0.,-0.0871557427476517));
#2055=DIRECTION('ref_axis',(-0.0871557427476517,0.,-0.996194698091746));
#2056=DIRECTION('',(-0.0871557427476516,0.,-0.996194698091746));
#2057=DIRECTION('',(0.,-1.,0.));
#2058=DIRECTION('',(0.0871557427476519,0.,0.996194698091746));
#2059=DIRECTION('center_axis',(-0.173648177666918,0.,-0.98480775301221));
#2060=DIRECTION('ref_axis',(-0.98480775301221,0.,0.173648177666917));
#2061=DIRECTION('center_axis',(-0.173648177666918,0.,-0.98480775301221));
#2062=DIRECTION('ref_axis',(-0.98480775301221,0.,0.173648177666917));
#2063=DIRECTION('center_axis',(-0.98480775301221,0.,0.173648177666918));
#2064=DIRECTION('ref_axis',(0.173648177666917,0.,0.98480775301221));
#2065=DIRECTION('',(-0.173648177666918,0.,-0.98480775301221));
#2066=DIRECTION('',(-0.173648177666917,0.,-0.98480775301221));
#2067=DIRECTION('',(0.,-1.,0.));
#2068=DIRECTION('center_axis',(-0.173648177666918,0.,-0.98480775301221));
#2069=DIRECTION('ref_axis',(-0.930314391350368,0.328033788787683,0.164039527736431));
#2070=DIRECTION('center_axis',(-0.173648177666918,0.,-0.98480775301221));
#2071=DIRECTION('ref_axis',(-0.98480775301221,0.,0.173648177666917));
#2072=DIRECTION('center_axis',(-0.98480775301221,0.,0.173648177666918));
#2073=DIRECTION('ref_axis',(0.173648177666917,0.,0.98480775301221));
#2074=DIRECTION('',(0.,1.,0.));
#2075=DIRECTION('',(0.,-1.,0.));
#2076=DIRECTION('',(-0.173638235467393,-0.0107007668976037,-0.984751367996802));
#2077=DIRECTION('center_axis',(0.173648177666918,0.,0.98480775301221));
#2078=DIRECTION('ref_axis',(-0.984736593351502,0.0120212147979489,0.173635630298797));
#2079=DIRECTION('center_axis',(-0.173648177666918,0.,-0.98480775301221));
#2080=DIRECTION('ref_axis',(-0.98480775301221,0.,0.173648177666918));
#2081=DIRECTION('center_axis',(0.173648177666918,0.,0.98480775301221));
#2082=DIRECTION('ref_axis',(-0.984798238217824,0.00439579998492339,0.173646499951951));
#2083=DIRECTION('center_axis',(-0.173648177666918,0.,-0.98480775301221));
#2084=DIRECTION('ref_axis',(-0.98480775301221,0.,0.173648177666917));
#2085=DIRECTION('center_axis',(-0.0648580786602986,-0.997878365044017,0.0056743466208483));
#2086=DIRECTION('ref_axis',(-0.173282940170104,0.00566239888899211,-0.984855806646245));
#2087=DIRECTION('center_axis',(-0.996194698091746,0.,0.0871557427476512));
#2088=DIRECTION('ref_axis',(-0.0871557427476512,0.,-0.996194698091746));
#2089=DIRECTION('center_axis',(0.121405593760118,-0.992546151641324,-0.0106216131426432));
#2090=DIRECTION('ref_axis',(-0.172368377876104,-0.0105430359913552,-0.984976135091833));
#2091=DIRECTION('center_axis',(-0.173648177666918,0.,-0.98480775301221));
#2092=DIRECTION('ref_axis',(-0.98480775301221,0.,0.173648177666917));
#2093=DIRECTION('',(0.,-1.,0.));
#2094=DIRECTION('',(0.,-1.,0.));
#2095=DIRECTION('center_axis',(0.996194698091746,0.,-0.0871557427476517));
#2096=DIRECTION('ref_axis',(-0.0871557427476517,0.,-0.996194698091746));
#2097=DIRECTION('',(-0.0871557427476517,5.74312530218526E-16,-0.996194698091746));
#2098=DIRECTION('',(0.0871557427476517,-5.94823692012045E-16,0.996194698091746));
#2099=DIRECTION('center_axis',(-0.0871557427476519,0.,-0.996194698091746));
#2100=DIRECTION('ref_axis',(-0.996194698091746,0.,0.0871557427476519));
#2101=DIRECTION('',(0.0871557427476519,0.,0.996194698091746));
#2102=DIRECTION('center_axis',(0.70441602640276,0.707106781186546,-0.061628416716215));
#2103=DIRECTION('ref_axis',(-0.0871557427476519,0.,-0.996194698091746));
#2104=DIRECTION('center_axis',(0.,1.,0.));
#2105=DIRECTION('ref_axis',(-0.173648177666918,0.,-0.98480775301221));
#2106=DIRECTION('center_axis',(0.,1.,0.));
#2107=DIRECTION('ref_axis',(-0.173648177666918,0.,-0.98480775301221));
#2108=DIRECTION('center_axis',(0.121405593760118,-0.992546151641324,-0.0106216131426432));
#2109=DIRECTION('ref_axis',(-0.988769213876453,-0.121869343405135,0.0865060970576226));
#2110=DIRECTION('center_axis',(0.0871557427476512,-2.08166817117217E-17,
0.996194698091746));
#2111=DIRECTION('ref_axis',(0.996194698091746,0.,-0.0871557427476512));
#2112=DIRECTION('',(-0.672685844962426,0.737583995692985,0.0588523855485649));
#2113=DIRECTION('center_axis',(0.734777265906677,0.675255395607892,-0.0642846809834025));
#2114=DIRECTION('ref_axis',(-0.0871557427476513,0.,-0.996194698091746));
#2115=DIRECTION('center_axis',(0.0871557427476512,-2.08166817117217E-17,
0.996194698091746));
#2116=DIRECTION('ref_axis',(0.996194698091746,0.,-0.0871557427476512));
#2117=DIRECTION('',(-0.0871557427476512,2.39806104467357E-17,-0.996194698091746));
#2118=DIRECTION('',(-0.0871557427476512,3.2290119375556E-17,-0.996194698091746));
#2119=DIRECTION('center_axis',(-0.0648580786602986,-0.997878365044017,0.0056743466208483));
#2120=DIRECTION('ref_axis',(0.173645370254533,-0.00568631917583879,0.984791831385393));
#2121=DIRECTION('',(-0.0871557427476512,1.14094496923052E-17,-0.996194698091746));
#2122=DIRECTION('',(-0.0871557427476512,3.03403404133938E-17,-0.996194698091746));
#2123=DIRECTION('center_axis',(-0.996194698091746,0.,0.0871557427476512));
#2124=DIRECTION('ref_axis',(0.0871557427476512,0.,0.996194698091746));
#2125=DIRECTION('center_axis',(-0.0871557427476508,0.,-0.996194698091746));
#2126=DIRECTION('ref_axis',(-0.657678375111352,-0.751098110848712,0.0575394020683889));
#2127=DIRECTION('center_axis',(0.121405593760118,-0.992546151641324,-0.0106216131426432));
#2128=DIRECTION('ref_axis',(0.173638235467393,0.0107007668976037,0.984751367996802));
#2129=CARTESIAN_POINT('',(0.,0.,0.));
#2130=CARTESIAN_POINT('Origin',(54.5337780324546,6.7510417502815,-4.60468000531668));
#2131=CARTESIAN_POINT('',(12.3426712454355,6.32399032586235,-2.51330204478138));
#2132=CARTESIAN_POINT('Origin',(12.481578117104,6.75104175028151,-0.925589236397936));
#2133=CARTESIAN_POINT('',(15.3312553397108,6.32399032586235,-2.77476927302434));
#2134=CARTESIAN_POINT('',(54.3948711607862,6.32399032586234,-6.19239281370013));
#2135=CARTESIAN_POINT('Origin',(15.4701622113792,6.7510417502815,-1.18705646464089));
#2136=CARTESIAN_POINT('Origin',(54.3758750696626,13.512522534305,-6.40951912879077));
#2137=CARTESIAN_POINT('',(12.1847682826435,13.0854711098858,-4.31814116825548));
#2138=CARTESIAN_POINT('Origin',(12.3236751543119,13.512522534305,-2.73042835987203));
#2139=CARTESIAN_POINT('',(15.1733523769187,13.0854711098858,-4.57960839649844));
#2140=CARTESIAN_POINT('',(54.2369681979942,13.0854711098858,-7.99723193717422));
#2141=CARTESIAN_POINT('Origin',(15.3122592485872,13.512522534305,-2.99189558811499));
#2142=CARTESIAN_POINT('Origin',(2.72628419896444,1.69235118893721,2.30802350715622));
#2143=CARTESIAN_POINT('',(2.96180162456654,2.45828650062583,5.));
#2144=CARTESIAN_POINT('',(2.47030382048413,2.45828650062583,-0.617845607354631));
#2145=CARTESIAN_POINT('',(2.90820361381158,2.45828650062583,4.38737193374677));
#2146=CARTESIAN_POINT('',(2.96180162456654,0.863505143823341,5.));
#2147=CARTESIAN_POINT('',(2.96180162456654,9.,5.));
#2148=CARTESIAN_POINT('',(3.26523644511035,1.79637672011872,8.46827586929502));
#2149=CARTESIAN_POINT('',(2.25500465115798,-1.30945182111152,-3.07872637349369));
#2150=CARTESIAN_POINT('',(3.1975637467709,4.69415419898594,7.69477338780611));
#2151=CARTESIAN_POINT('',(3.26523644511034,1.79637672011872,8.46827586929502));
#2152=CARTESIAN_POINT('',(3.1975637467709,4.69415419898593,7.69477338780611));
#2153=CARTESIAN_POINT('Origin',(13.1595107276884,4.69415419898593,6.82321596032959));
#2154=CARTESIAN_POINT('',(12.149278933736,1.58832565775569,-4.72378628245911));
#2155=CARTESIAN_POINT('',(13.1595107276884,4.69415419898594,6.82321596032959));
#2156=CARTESIAN_POINT('',(13.1595107276884,4.69415419898593,6.8232159603296));
#2157=CARTESIAN_POINT('',(2.18733195281854,1.58832565775569,-3.85222885498259));
#2158=CARTESIAN_POINT('',(12.149278933736,1.58832565775569,-4.72378628245911));
#2159=CARTESIAN_POINT('',(3.39554720638017,5.3028290429445,9.9577346862217));
#2160=CARTESIAN_POINT('',(13.1595107276884,4.69415419898594,6.82321596032959));
#2161=CARTESIAN_POINT('Origin',(3.31122425812854,18.,8.99391897738252));
#2162=CARTESIAN_POINT('',(2.44131900135948,-0.73665216269585,-0.949143605935491));
#2163=CARTESIAN_POINT('',(2.95810400774343,0.852137293462162,4.95773604631625));
#2164=CARTESIAN_POINT('',(2.96180162456654,-0.700339421541869,5.));
#2165=CARTESIAN_POINT('',(2.96180162456654,9.,5.));
#2166=CARTESIAN_POINT('',(2.3490105060859,-0.743092290273076,-2.00423453490176));
#2167=CARTESIAN_POINT('Origin',(3.31122425812854,18.,8.99391897738252));
#2168=CARTESIAN_POINT('',(2.16701548679725,2.45828650062583,-4.08444712421328));
#2169=CARTESIAN_POINT('',(2.05745753194468,7.14961080115962,-5.33670027836182));
#2170=CARTESIAN_POINT('',(2.90820361381158,2.45828650062583,4.38737193374677));
#2171=CARTESIAN_POINT('Origin',(12.1718364998492,0.622399831466611,-4.46595212196281));
#2172=CARTESIAN_POINT('',(11.8109154420388,16.0772130520917,-8.5912986899036));
#2173=CARTESIAN_POINT('',(11.991375970944,8.34980644177916,-6.5286254059332));
#2174=CARTESIAN_POINT('',(1.84896846112132,16.0772130520917,-7.71974126242708));
#2175=CARTESIAN_POINT('',(11.8109154420388,16.0772130520917,-8.5912986899036));
#2176=CARTESIAN_POINT('',(2.0825074194152,6.0769625760786,-5.0503787543954));
#2177=CARTESIAN_POINT('',(2.20988951893169,0.622399831466612,-3.59439469448629));
#2178=CARTESIAN_POINT('',(2.16316638382337,2.62310694055584,-4.12844257252348));
#2179=CARTESIAN_POINT('',(2.05745753194468,7.14961080115962,-5.33670027836182));
#2180=CARTESIAN_POINT('',(2.20988951893169,0.622399831466612,-3.59439469448629));
#2181=CARTESIAN_POINT('Origin',(3.31122425812854,18.,8.99391897738252));
#2182=CARTESIAN_POINT('',(1.59641051263323,15.3007559167841,-10.6064918231243));
#2183=CARTESIAN_POINT('',(2.0024467026699,-2.08590895641909,-5.96547693419086));
#2184=CARTESIAN_POINT('',(1.6244390545514,14.1005602761646,-10.2861241230294));
#2185=CARTESIAN_POINT('',(2.25500465115798,-1.30945182111152,-3.07872637349369));
#2186=CARTESIAN_POINT('',(2.16316638382337,-0.756058159268137,-4.12844257252348));
#2187=CARTESIAN_POINT('',(2.3490105060859,-0.743092290273076,-2.00423453490176));
#2188=CARTESIAN_POINT('',(2.16316638382337,-0.761378024001814,-4.12844257252348));
#2189=CARTESIAN_POINT('',(2.16316638382337,9.,-4.12844257252348));
#2190=CARTESIAN_POINT('',(1.98885489832806,-0.761378024001815,-6.12083196870697));
#2191=CARTESIAN_POINT('',(2.6500395782283,-0.761378024001814,1.43654350433777));
#2192=CARTESIAN_POINT('',(1.98885489832806,6.0769625760786,-6.12083196870697));
#2193=CARTESIAN_POINT('',(1.98885489832806,9.,-6.12083196870697));
#2194=CARTESIAN_POINT('',(2.6500395782283,6.0769625760786,1.43654350433777));
#2195=CARTESIAN_POINT('',(2.85920025507368,19.183041593322,3.82726098036163));
#2196=CARTESIAN_POINT('Origin',(1.94524300719714,8.09098739667664,-6.61931816535574));
#2197=CARTESIAN_POINT('',(2.16316638382337,2.45828650062583,-4.12844257252348));
#2198=CARTESIAN_POINT('',(2.90820361381158,2.45828650062583,4.38737193374677));
#2199=CARTESIAN_POINT('',(2.16316638382337,9.,-4.12844257252348));
#2200=CARTESIAN_POINT('Origin',(12.0485796664167,-1.82708991131657,-5.87478417476832));
#2201=CARTESIAN_POINT('',(14.9529777778626,-2.08590895641909,-7.09850158991034));
#2202=CARTESIAN_POINT('',(14.9529777778626,-2.08590895641909,-7.09850158991034));
#2203=CARTESIAN_POINT('',(16.215767520303,1.79637672011872,7.33525121357554));
#2204=CARTESIAN_POINT('',(16.215767520303,1.79637672011872,7.33525121357554));
#2205=CARTESIAN_POINT('',(13.2271834260278,1.79637672011872,7.5967184418185));
#2206=CARTESIAN_POINT('Origin',(12.8211472359911,19.183041593322,2.95570355288511));
#2207=CARTESIAN_POINT('',(12.8211472359911,19.183041593322,2.9557035528851));
#2208=CARTESIAN_POINT('',(12.8211472359911,19.183041593322,2.9557035528851));
#2209=CARTESIAN_POINT('',(11.6425434763801,15.5595749618867,-10.5157990637017));
#2210=CARTESIAN_POINT('Origin',(11.5583574935507,15.3007559167841,-11.4780492506008));
#2211=CARTESIAN_POINT('',(14.5469415878259,15.3007559167841,-11.7395164788437));
#2212=CARTESIAN_POINT('',(14.5469415878259,15.3007559167841,-11.7395164788437));
#2213=CARTESIAN_POINT('',(14.5469415878259,15.3007559167841,-11.7395164788437));
#2214=CARTESIAN_POINT('Origin',(15.8097313302664,19.183041593322,2.69423632464215));
#2215=CARTESIAN_POINT('',(15.8097313302664,19.183041593322,2.69423632464215));
#2216=CARTESIAN_POINT('',(12.8211472359911,19.183041593322,2.9557035528851));
#2217=CARTESIAN_POINT('',(15.8097313302664,19.183041593322,2.69423632464215));
#2218=CARTESIAN_POINT('Origin',(14.6311275706553,15.5595749618867,-10.7772662919447));
#2219=CARTESIAN_POINT('',(15.8097313302664,19.183041593322,2.69423632464215));
#2220=CARTESIAN_POINT('Origin',(13.7261374033232,17.3713082776043,-3.91078136952978));
#2221=CARTESIAN_POINT('Origin',(3.31122425812854,18.,8.99391897738252));
#2222=CARTESIAN_POINT('',(2.16316638382337,6.0769625760786,-4.12844257252348));
#2223=CARTESIAN_POINT('',(2.6500395782283,6.0769625760786,1.43654350433777));
#2224=CARTESIAN_POINT('',(2.16316638382337,9.,-4.12844257252348));
#2225=CARTESIAN_POINT('Origin',(0.,0.,5.));
#2226=CARTESIAN_POINT('',(1.55939092886731,2.28674737075729,5.));
#2227=CARTESIAN_POINT('',(7.39055677861906,3.,5.));
#2228=CARTESIAN_POINT('',(2.41498553451962,-0.738489381312585,4.99999999998736));
#2229=CARTESIAN_POINT('Origin',(-0.75,-1.91794902440325E-16,5.));
#2230=CARTESIAN_POINT('',(2.41498553451962,-0.738489381312585,5.));
#2231=CARTESIAN_POINT('Origin',(-1.21305797849794,2.,0.106128821318236));
#2232=CARTESIAN_POINT('',(-1.55507456416919,2.,-3.80313864131627));
#2233=CARTESIAN_POINT('',(6.55828016680149,3.,-4.51296520344058));
#2234=CARTESIAN_POINT('',(-0.55,2.,7.68491619531352));
#2235=CARTESIAN_POINT('',(-0.55,2.,7.68491619531352));
#2236=CARTESIAN_POINT('',(-0.55,1.99204048752115,8.42869996654742));
#2237=CARTESIAN_POINT('',(-0.55,1.99204048752115,8.42869996654742));
#2238=CARTESIAN_POINT('Ctrl Pts',(1.55939092886733,2.28674737075729,4.99999999999998));
#2239=CARTESIAN_POINT('Ctrl Pts',(0.249721069077426,2.0952278603514,7.92711715654852));
#2240=CARTESIAN_POINT('Ctrl Pts',(-0.550000000002025,1.99204048752089,8.4286999665487));
#2241=CARTESIAN_POINT('Origin',(-0.342016585671249,8.1688827145472E-17,
-3.90926746263451));
#2242=CARTESIAN_POINT('',(-1.55507456416919,2.,-3.80313864131627));
#2243=CARTESIAN_POINT('Origin',(-2.16859281276657,1.51842025264809,-5.75710242478442));
#2244=CARTESIAN_POINT('',(-1.7293860496645,2.,-5.79552803749976));
#2245=CARTESIAN_POINT('',(-1.7293860496645,2.,-5.79552803749976));
#2246=CARTESIAN_POINT('',(-1.55507456416919,2.,-3.80313864131627));
#2247=CARTESIAN_POINT('Origin',(0.0629709364908504,-0.902583423035522,-13.));
#2248=CARTESIAN_POINT('',(0.118828389163171,-0.898686391453732,10.4949548389093));
#2249=CARTESIAN_POINT('Ctrl Pts',(2.41498553450543,-0.738489381313576,5.0000000000247));
#2250=CARTESIAN_POINT('Ctrl Pts',(0.756649818416089,-0.854187221970972,
9.36482601298691));
#2251=CARTESIAN_POINT('Ctrl Pts',(0.118828389152652,-0.898686391454468,
10.494954838928));
#2252=CARTESIAN_POINT('',(0.118828389104424,-0.8986863914689,-1.36571549976529));
#2253=CARTESIAN_POINT('',(0.118828389163171,-0.898686391453732,-1.365715498781));
#2254=CARTESIAN_POINT('',(-0.124600954686825,-0.915669833670686,-3.92828886562566));
#2255=CARTESIAN_POINT('Origin',(-7981.42980769666,-558.757512028682,759.238594264209));
#2256=CARTESIAN_POINT('',(-0.124600953850265,-0.915669833989553,-3.92828886569217));
#2257=CARTESIAN_POINT('Origin',(-0.75,-1.04104542167992,5.));
#2258=CARTESIAN_POINT('',(-0.55,-0.816239565597997,7.68491619531352));
#2259=CARTESIAN_POINT('',(-0.55,-0.816239565597998,19.5));
#2260=CARTESIAN_POINT('',(-0.55,-0.816239565597998,19.5));
#2261=CARTESIAN_POINT('',(-0.42529431790098,-0.676066727485247,19.8303848891085));
#2262=CARTESIAN_POINT('Origin',(-0.05,-0.254224925393189,19.5));
#2263=CARTESIAN_POINT('',(-0.487631032880411,-0.699449708870973,7.64413435487953));
#2264=CARTESIAN_POINT('',(-0.42529431790098,-0.676066727485247,19.8303848891085));
#2265=CARTESIAN_POINT('Ctrl Pts',(-0.550000000000012,-0.816239565598012,
7.68491619531341));
#2266=CARTESIAN_POINT('Ctrl Pts',(-0.532029455948653,-0.796040147899393,
7.67714008433369));
#2267=CARTESIAN_POINT('Ctrl Pts',(-0.514164020830696,-0.775958875719553,
7.66883712743037));
#2268=CARTESIAN_POINT('Ctrl Pts',(-0.496404114450039,-0.75599622093036,
7.6600333529566));
#2269=CARTESIAN_POINT('Ctrl Pts',(-0.485816725986404,-0.744095686294163,
7.65478507189574));
#2270=CARTESIAN_POINT('Ctrl Pts',(-0.475269282684421,-0.732240051189274,
7.64936001993093));
#2271=CARTESIAN_POINT('Ctrl Pts',(-0.464761828204512,-0.720429364691284,
7.64376395884432));
#2272=CARTESIAN_POINT('Ctrl Pts',(-0.550000000000043,-0.816958069679179,
7.68491619531342));
#2273=CARTESIAN_POINT('Ctrl Pts',(-0.550000000000043,-0.671532843648399,
7.68491619531342));
#2274=CARTESIAN_POINT('Ctrl Pts',(-0.513485984667778,-0.816958069679179,
7.66911605956198));
#2275=CARTESIAN_POINT('Ctrl Pts',(-0.513485984667778,-0.671532843648399,
7.66911605956198));
#2276=CARTESIAN_POINT('Ctrl Pts',(-0.477754198671937,-0.816958069679179,
7.65129151813056));
#2277=CARTESIAN_POINT('Ctrl Pts',(-0.477754198671937,-0.671532843648399,
7.65129151813056));
#2278=CARTESIAN_POINT('Ctrl Pts',(-0.442838197613908,-0.816958069679179,
7.63180926415029));
#2279=CARTESIAN_POINT('Ctrl Pts',(-0.442838197613908,-0.671532843648399,
7.63180926415029));
#2280=CARTESIAN_POINT('',(-0.55,-0.802841614740042,7.68491619531352));
#2281=CARTESIAN_POINT('Ctrl Pts',(-0.467769707391402,-0.717476739535998,
7.64536064135767));
#2282=CARTESIAN_POINT('Ctrl Pts',(-0.481365440218643,-0.731647675139705,
7.65255395558773));
#2283=CARTESIAN_POINT('Ctrl Pts',(-0.495045273200153,-0.745878189516088,
7.65946959040902));
#2284=CARTESIAN_POINT('Ctrl Pts',(-0.508808570316394,-0.76016632479657,
7.66609235153553));
#2285=CARTESIAN_POINT('Ctrl Pts',(-0.522459149031108,-0.774337443365431,
7.67266087369288));
#2286=CARTESIAN_POINT('Ctrl Pts',(-0.536189861518752,-0.788563198874826,
7.67894035122273));
#2287=CARTESIAN_POINT('Ctrl Pts',(-0.550000000000031,-0.802841614740056,
7.68491619531342));
#2288=CARTESIAN_POINT('',(-0.55,-0.816239565597995,7.68491619531352));
#2289=CARTESIAN_POINT('Origin',(-1.21305797849794,-17.8665392058429,0.106128821318236));
#2290=CARTESIAN_POINT('',(-1.7293860496645,0.722841614740049,-5.79552803749976));
#2291=CARTESIAN_POINT('',(-1.7293860496645,0.722841614740049,-5.79552803749976));
#2292=CARTESIAN_POINT('',(-0.550000000000001,0.722841614740048,7.68491619531351));
#2293=CARTESIAN_POINT('',(-1.7293860496645,0.722841614740048,-5.79552803749976));
#2294=CARTESIAN_POINT('',(-0.55,2.,7.68491619531352));
#2295=CARTESIAN_POINT('Origin',(-0.55,0.,0.));
#2296=CARTESIAN_POINT('',(-0.55,0.722841614740048,19.5));
#2297=CARTESIAN_POINT('',(-0.55,0.722841614740048,19.5));
#2298=CARTESIAN_POINT('',(-0.55,1.23389626792531,19.5));
#2299=CARTESIAN_POINT('',(-0.55,1.23389626792531,19.5));
#2300=CARTESIAN_POINT('',(-0.55,1.23389626792531,10.4949548389093));
#2301=CARTESIAN_POINT('',(-0.55,1.23389626792531,19.5));
#2302=CARTESIAN_POINT('Ctrl Pts',(-0.55,1.23389626792529,10.4949548389094));
#2303=CARTESIAN_POINT('Ctrl Pts',(-0.55,1.52530591377371,9.70462806908496));
#2304=CARTESIAN_POINT('Ctrl Pts',(-0.55,1.99204048752115,8.42869996654742));
#2305=CARTESIAN_POINT('Origin',(-0.75,-1.91794902440325E-16,10.4949548389093));
#2306=CARTESIAN_POINT('Origin',(-0.75,-1.91794902440325E-16,10.4949548389093));
#2307=CARTESIAN_POINT('Origin',(-0.55,0.,0.));
#2308=CARTESIAN_POINT('',(-0.55,-1.22389626792531,7.68491619531352));
#2309=CARTESIAN_POINT('',(-0.55,-1.22389626792531,7.68491619531352));
#2310=CARTESIAN_POINT('',(-0.55,-1.09745857108495,19.5));
#2311=CARTESIAN_POINT('',(-0.55,-1.09745857108495,19.5));
#2312=CARTESIAN_POINT('',(-0.55,-0.816239565597998,19.5));
#2313=CARTESIAN_POINT('Origin',(-0.75,-1.91794902440325E-16,5.));
#2314=CARTESIAN_POINT('',(-0.05,0.269258240356726,20.));
#2315=CARTESIAN_POINT('',(-0.05,-0.269258240356726,20.));
#2316=CARTESIAN_POINT('Origin',(-0.75,-1.91794902440325E-16,20.));
#2317=CARTESIAN_POINT('Ctrl Pts',(-0.0500000000000001,0.269258240356726,
20.));
#2318=CARTESIAN_POINT('Ctrl Pts',(-0.0806553285223206,0.348953962713058,
20.));
#2319=CARTESIAN_POINT('Ctrl Pts',(-0.125455735613767,0.422730405824515,
19.9970724346536));
#2320=CARTESIAN_POINT('Ctrl Pts',(-0.225149089928824,0.541065597484281,
19.9710197842951));
#2321=CARTESIAN_POINT('Ctrl Pts',(-0.292100278261867,0.597550473366908,
19.9427711646605));
#2322=CARTESIAN_POINT('Ctrl Pts',(-0.37500689627517,0.650370859234543,19.8815518756734));
#2323=CARTESIAN_POINT('Ctrl Pts',(-0.402655053288708,0.665290107550339,
19.8565167770628));
#2324=CARTESIAN_POINT('Ctrl Pts',(-0.452814057363343,0.689176623892358,
19.7986674983673));
#2325=CARTESIAN_POINT('Ctrl Pts',(-0.475327625315781,0.698167086135408,
19.7658652575533));
#2326=CARTESIAN_POINT('Ctrl Pts',(-0.530440908085234,0.718207594375163,
19.6597772695648));
#2327=CARTESIAN_POINT('Ctrl Pts',(-0.55,0.722841614740048,19.5782177389679));
#2328=CARTESIAN_POINT('Ctrl Pts',(-0.55,0.722841614740048,19.5));
#2329=CARTESIAN_POINT('',(-0.532680190962807,-0.717824561156858,6.90742122467733));
#2330=CARTESIAN_POINT('Ctrl Pts',(-0.550000000000001,0.722841614740048,
7.68491619531354));
#2331=CARTESIAN_POINT('Ctrl Pts',(-0.550000000000001,0.722841614740048,
7.35118232592656));
#2332=CARTESIAN_POINT('Ctrl Pts',(-0.546291987131673,0.722568991637996,
6.99348866502303));
#2333=CARTESIAN_POINT('Ctrl Pts',(-0.498985461249136,0.706942441611123,
6.5032719368339));
#2334=CARTESIAN_POINT('Ctrl Pts',(-0.476346131904666,0.699740167937668,
6.34929933395275));
#2335=CARTESIAN_POINT('Ctrl Pts',(-0.415226135868751,0.671510210617856,
6.13909710145945));
#2336=CARTESIAN_POINT('Ctrl Pts',(-0.390228625883704,0.659167495204292,
6.07277137642022));
#2337=CARTESIAN_POINT('Ctrl Pts',(-0.32559514619142,0.619530140502292,5.94934800107787));
#2338=CARTESIAN_POINT('Ctrl Pts',(-0.285608753166939,0.592699384024622,
5.8922855693617));
#2339=CARTESIAN_POINT('Ctrl Pts',(-0.206392985750881,0.518406627289715,
5.81074864842483));
#2340=CARTESIAN_POINT('Ctrl Pts',(-0.172768812032768,0.481683953730234,
5.78275311206732));
#2341=CARTESIAN_POINT('Ctrl Pts',(-0.111703920933631,0.39723211911059,5.73876216601263));
#2342=CARTESIAN_POINT('Ctrl Pts',(-0.084463725582143,0.349526448295621,
5.72244413450246));
#2343=CARTESIAN_POINT('Ctrl Pts',(-0.0365465408324699,0.240949183685911,
5.69539472974035));
#2344=CARTESIAN_POINT('Ctrl Pts',(-0.0143233685427811,0.161470533952146,
5.6846485544928));
#2345=CARTESIAN_POINT('Ctrl Pts',(-0.00350835901875489,0.074709711301637,
5.67943750690458));
#2346=CARTESIAN_POINT('Ctrl Pts',(-0.00164769231038538,0.0529258949799539,
5.67855100936749));
#2347=CARTESIAN_POINT('Ctrl Pts',(-0.000301577664442439,0.0238754448346506,
5.67791062716741));
#2348=CARTESIAN_POINT('Ctrl Pts',(1.3343981883882E-16,0.0108544193537268,
5.67776755226786));
#2349=CARTESIAN_POINT('Ctrl Pts',(1.44115937317469E-16,-0.0108544193537264,
5.67776755226786));
#2350=CARTESIAN_POINT('Ctrl Pts',(-0.000301577664442311,-0.0238754448346502,
5.67791062716741));
#2351=CARTESIAN_POINT('Ctrl Pts',(-0.00164769231038523,-0.0529258949799538,
5.67855100936749));
#2352=CARTESIAN_POINT('Ctrl Pts',(-0.00350835901875487,-0.0747097113016371,
5.67943750690458));
#2353=CARTESIAN_POINT('Ctrl Pts',(-0.014323368542781,-0.161470533952146,
5.6846485544928));
#2354=CARTESIAN_POINT('Ctrl Pts',(-0.0365465408324696,-0.240949183685911,
5.69539472974035));
#2355=CARTESIAN_POINT('Ctrl Pts',(-0.0844637255821424,-0.34952644829562,
5.72244413450246));
#2356=CARTESIAN_POINT('Ctrl Pts',(-0.111703920933631,-0.39723211911059,
5.73876216601263));
#2357=CARTESIAN_POINT('Ctrl Pts',(-0.172768812032768,-0.481683953730234,
5.78275311206732));
#2358=CARTESIAN_POINT('Ctrl Pts',(-0.20639298575088,-0.518406627289715,
5.81074864842484));
#2359=CARTESIAN_POINT('Ctrl Pts',(-0.285608753166938,-0.592699384024621,
5.89228556936171));
#2360=CARTESIAN_POINT('Ctrl Pts',(-0.325595146191421,-0.619530140502293,
5.94934800107788));
#2361=CARTESIAN_POINT('Ctrl Pts',(-0.390228625883705,-0.659167495204293,
6.07277137642023));
#2362=CARTESIAN_POINT('Ctrl Pts',(-0.415226135868751,-0.671510210617856,
6.13909710145946));
#2363=CARTESIAN_POINT('Ctrl Pts',(-0.476346131904665,-0.699740167937668,
6.34929933395276));
#2364=CARTESIAN_POINT('Ctrl Pts',(-0.498985461249134,-0.706942441611122,
6.50327193683391));
#2365=CARTESIAN_POINT('Ctrl Pts',(-0.522349336599757,-0.714660124534926,
6.74538150456331));
#2366=CARTESIAN_POINT('Ctrl Pts',(-0.528125163599406,-0.716445536628668,
6.82589102776786));
#2367=CARTESIAN_POINT('Ctrl Pts',(-0.532680190962797,-0.717824561156857,
6.90742122467733));
#2368=CARTESIAN_POINT('Ctrl Pts',(-0.532680190962807,-0.717824561156858,
6.90742122467733));
#2369=CARTESIAN_POINT('Ctrl Pts',(-0.517025351288955,-0.71851182674224,
7.15293641062181));
#2370=CARTESIAN_POINT('Ctrl Pts',(-0.501378813910287,-0.719128725499256,
7.398452322923));
#2371=CARTESIAN_POINT('Ctrl Pts',(-0.48573887660686,-0.719675076032956,
7.64396881265596));
#2372=CARTESIAN_POINT('Ctrl Pts',(-0.425294317900981,-0.676066727485247,
19.8303848891085));
#2373=CARTESIAN_POINT('Ctrl Pts',(-0.400865707258534,-0.664333997032896,
19.8581340963833));
#2374=CARTESIAN_POINT('Ctrl Pts',(-0.374101894666348,-0.649794276383447,
19.8822201402384));
#2375=CARTESIAN_POINT('Ctrl Pts',(-0.292100278261866,-0.597550473366908,
19.9427711646605));
#2376=CARTESIAN_POINT('Ctrl Pts',(-0.225149089928824,-0.541065597484281,
19.9710197842951));
#2377=CARTESIAN_POINT('Ctrl Pts',(-0.125455735613767,-0.422730405824515,
19.9970724346536));
#2378=CARTESIAN_POINT('Ctrl Pts',(-0.0806553285223205,-0.348953962713059,
20.));
#2379=CARTESIAN_POINT('Ctrl Pts',(-0.05,-0.269258240356726,20.));
#2380=CARTESIAN_POINT('Origin',(-0.75,-1.91794902440325E-16,20.));
#2381=CARTESIAN_POINT('',(-0.05,-1.0356157588604,20.));
#2382=CARTESIAN_POINT('',(-0.221217915332828,-1.13264712374819,19.9697706094139));
#2383=CARTESIAN_POINT('Ctrl Pts',(-0.0500000000000001,-1.0356157588604,
20.));
#2384=CARTESIAN_POINT('Ctrl Pts',(-0.0718738547071996,-1.05040087405784,
20.));
#2385=CARTESIAN_POINT('Ctrl Pts',(-0.0940570640953117,-1.06438642970051,
19.9985672057514));
#2386=CARTESIAN_POINT('Ctrl Pts',(-0.11644616302744,-1.07755067175471,19.9955652403256));
#2387=CARTESIAN_POINT('Ctrl Pts',(-0.137482998209468,-1.08991981582924,
19.9927445885398));
#2388=CARTESIAN_POINT('Ctrl Pts',(-0.158702166395632,-1.10156386210587,
19.9885379473946));
#2389=CARTESIAN_POINT('Ctrl Pts',(-0.179978420658151,-1.11246476499135,
19.9828101181243));
#2390=CARTESIAN_POINT('Ctrl Pts',(-0.193716919833958,-1.11950369409324,
19.9791115452112));
#2391=CARTESIAN_POINT('Ctrl Pts',(-0.207478411898136,-1.1262327665171,19.9747782644026));
#2392=CARTESIAN_POINT('Ctrl Pts',(-0.221217915332819,-1.13264712374819,
19.9697706094139));
#2393=CARTESIAN_POINT('',(-0.539159911639174,-1.2320902796224,7.04312221157127));
#2394=CARTESIAN_POINT('Origin',(-0.75,-1.91794902440325E-16,119.766988475453));
#2395=CARTESIAN_POINT('',(0.0164556615247506,-0.987444033308551,5.67011599431003));
#2396=CARTESIAN_POINT('Ctrl Pts',(-0.539159911639094,-1.23209027962238,
7.04312221157127));
#2397=CARTESIAN_POINT('Ctrl Pts',(-0.533203708815944,-1.2310710309924,6.89529138254904));
#2398=CARTESIAN_POINT('Ctrl Pts',(-0.524211221088019,-1.22953808461108,
6.74929102166192));
#2399=CARTESIAN_POINT('Ctrl Pts',(-0.490067396006604,-1.22282550411909,
6.43826340671442));
#2400=CARTESIAN_POINT('Ctrl Pts',(-0.462884436622723,-1.21776045251861,
6.27771891539502));
#2401=CARTESIAN_POINT('Ctrl Pts',(-0.385496954965241,-1.19597411644301,
6.06207749804649));
#2402=CARTESIAN_POINT('Ctrl Pts',(-0.353297984587975,-1.18623934974832,
5.99455057193864));
#2403=CARTESIAN_POINT('Ctrl Pts',(-0.268795165436434,-1.15454674957087,
5.87123533344565));
#2404=CARTESIAN_POINT('Ctrl Pts',(-0.216205069977047,-1.1327080748483,5.81561280029309));
#2405=CARTESIAN_POINT('Ctrl Pts',(-0.0996095453569605,-1.06909362766653,
5.72898256492284));
#2406=CARTESIAN_POINT('Ctrl Pts',(-0.0403384228812837,-1.03152769381563,
5.69598217544752));
#2407=CARTESIAN_POINT('Ctrl Pts',(0.0164556615247475,-0.987444033308553,
5.67011599431002));
#2408=CARTESIAN_POINT('',(0.0678114550353415,-0.945348837209302,6.25711540018594));
#2409=CARTESIAN_POINT('Origin',(-0.75,-1.91794902440325E-16,-3.09051230466602));
#2410=CARTESIAN_POINT('Origin',(-0.75,-1.91794902440325E-16,-169.337521009544));
#2411=CARTESIAN_POINT('',(-0.05,1.0356157588604,20.));
#2412=CARTESIAN_POINT('Ctrl Pts',(-0.55,1.23389626792531,19.5));
#2413=CARTESIAN_POINT('Ctrl Pts',(-0.55,1.23389626792531,19.562379682821));
#2414=CARTESIAN_POINT('Ctrl Pts',(-0.537587373014794,1.23208459295895,19.6288864212879));
#2415=CARTESIAN_POINT('Ctrl Pts',(-0.487464964763771,1.22238576093629,19.7509532453749));
#2416=CARTESIAN_POINT('Ctrl Pts',(-0.44975575800601,1.2142232011354,19.8064915284304));
#2417=CARTESIAN_POINT('Ctrl Pts',(-0.359156199541521,1.18836364144826,19.8988404988604));
#2418=CARTESIAN_POINT('Ctrl Pts',(-0.29902997835464,1.16785806482842,19.9388414269304));
#2419=CARTESIAN_POINT('Ctrl Pts',(-0.173160074861825,1.1110905333837,19.9893151139003));
#2420=CARTESIAN_POINT('Ctrl Pts',(-0.107621309000734,1.07456352105446,20.));
#2421=CARTESIAN_POINT('Ctrl Pts',(-0.0500000000000002,1.0356157588604,20.));
#2422=CARTESIAN_POINT('Origin',(-0.75,-1.91794902440325E-16,20.));
#2423=CARTESIAN_POINT('Origin',(0.,0.,20.));
#2424=CARTESIAN_POINT('',(-0.05,1.0356157588604,20.));
#2425=CARTESIAN_POINT('',(-0.05,-0.269258240356726,20.));
#2426=CARTESIAN_POINT('Origin',(-1.21305797849794,-17.8665392058429,0.106128821318236));
#2427=CARTESIAN_POINT('',(-1.7293860496645,-1.2238962679253,-5.79552803749976));
#2428=CARTESIAN_POINT('',(-1.7293860496645,-0.802841614740035,-5.79552803749976));
#2429=CARTESIAN_POINT('',(-1.7293860496645,-1.2238962679253,-5.79552803749976));
#2430=CARTESIAN_POINT('',(-1.7293860496645,-1.2238962679253,-5.79552803749976));
#2431=CARTESIAN_POINT('',(-0.55,-0.802841614740044,7.68491619531352));
#2432=CARTESIAN_POINT('Origin',(-2.42663199164571,0.,-13.7650856222337));
#2433=CARTESIAN_POINT('',(-1.64469251163755,-0.717824561156858,-5.80293776195102));
#2434=CARTESIAN_POINT('',(-1.64469251163755,-0.717824561156858,-5.80293776195102));
#2435=CARTESIAN_POINT('Origin',(-1.7293860496645,0.,-5.79552803749976));
#2436=CARTESIAN_POINT('Origin',(-2.34193845361876,-0.717824561156857,-13.772495346685));
#2437=CARTESIAN_POINT('',(-1.7293860496645,-0.802841614740036,-5.79552803749976));
#2438=CARTESIAN_POINT('Origin',(-0.05,0.,19.5));
#2439=CARTESIAN_POINT('Origin',(-0.05,0.,19.5));
#2440=CARTESIAN_POINT('Origin',(-0.05,-1.15861723537444,19.5));
#2441=CARTESIAN_POINT('Origin',(-0.45124060825604,-0.932920301717354,-5.90735127396033));
#2442=CARTESIAN_POINT('',(-0.307143699938205,-0.922790078618336,-5.91995811988727));
#2443=CARTESIAN_POINT('',(11.9508018792455,-0.0610386024599427,-6.99238939618349));
#2444=CARTESIAN_POINT('',(-0.132832214442901,-0.922790078618336,-3.92756872370378));
#2445=CARTESIAN_POINT('',(12.1251133647408,-0.0610386024599426,-5.));
#2446=CARTESIAN_POINT('',(-0.132832214088181,-0.922790078593398,-3.92756872373481));
#2447=CARTESIAN_POINT('Origin',(-0.516328071166553,8.1688827145472E-17,
-5.901656858818));
#2448=CARTESIAN_POINT('',(-0.279825312974136,-0.898686391430122,-5.92234816905244));
#2449=CARTESIAN_POINT('Origin',(-1.20535165114962,-8.30366027568086E-17,
-5.84137510666743));
#2450=CARTESIAN_POINT('',(-0.992300063664911,-0.945348837209302,-5.86001470531855));
#2451=CARTESIAN_POINT('',(-0.992300063664911,-0.945348837209302,-5.86001470531855));
#2452=CARTESIAN_POINT('',(-0.992300063664911,-0.987444033308551,-5.86001470531855));
#2453=CARTESIAN_POINT('',(-0.992300063664911,-0.987444033308551,-5.86001470531855));
#2454=CARTESIAN_POINT('',(-1.66290512609632,-1.23209027962239,-5.80134436465271));
#2455=CARTESIAN_POINT('Origin',(-1.72938604966449,-1.66533453693773E-16,
-5.79552803749977));
#2456=CARTESIAN_POINT('',(-1.7293860496645,-1.2238962679253,-5.79552803749976));
#2457=CARTESIAN_POINT('Origin',(-0.342016585671249,8.1688827145472E-17,
-3.90926746263451));
#2458=CARTESIAN_POINT('Origin',(-1.03104016565432,-1.24669966180252E-16,
-3.84898571048394));
#2459=CARTESIAN_POINT('Origin',(-0.216060968336146,-5.27983032932499E-16,
11.501856793165));
#2460=CARTESIAN_POINT('',(-0.539159911639173,-1.23209027962239,7.04312221157127));
#2461=CARTESIAN_POINT('',(0.0164556615247511,-0.987444033308551,5.67011599431004));
#2462=CARTESIAN_POINT('Origin',(1.38196104344347,-0.945348837209303,21.2779139293441));
#2463=CARTESIAN_POINT('',(0.0678114550353415,-0.945348837209302,6.25711540018594));
#2464=CARTESIAN_POINT('',(0.118828389163199,-0.898686391453732,-1.36571549878099));
#2465=CARTESIAN_POINT('Origin',(1.38196104344347,-0.987444033308551,21.2779139293441));
#2466=CARTESIAN_POINT('Origin',(-0.7502377054818,0.0689193245677036,-1.26213300554552));
#2467=CARTESIAN_POINT('Origin',(-0.149580044767979,-1.23209027962239,11.496040466012));
#2468=CARTESIAN_POINT('Origin',(-57.0823344888149,6.75104175028151,5.16046450712765));
#2469=CARTESIAN_POINT('',(-15.0132771867181,7.17809317470066,3.07976449291224));
#2470=CARTESIAN_POINT('Origin',(-15.1521840583866,6.75104175028151,1.49205168452879));
#2471=CARTESIAN_POINT('',(-18.0018612809934,7.17809317470066,3.3412317211552));
#2472=CARTESIAN_POINT('',(-56.9434276171464,7.17809317470067,6.74817731551109));
#2473=CARTESIAN_POINT('Origin',(-18.1407681526618,6.75104175028151,1.75351891277175));
#2474=CARTESIAN_POINT('Origin',(-57.2402374516069,13.512522534305,3.35562538365355));
#2475=CARTESIAN_POINT('',(-15.1711801495102,13.9395739587241,1.27492536943814));
#2476=CARTESIAN_POINT('Origin',(-15.3100870211786,13.512522534305,-0.312787438945303));
#2477=CARTESIAN_POINT('',(-18.1597642437854,13.9395739587241,1.5363925976811));
#2478=CARTESIAN_POINT('',(-57.1013305799384,13.9395739587241,4.943338192037));
#2479=CARTESIAN_POINT('Origin',(-18.2986711154539,13.512522534305,-0.0513202107023469));
#2480=CARTESIAN_POINT('Origin',(-5.52253626083713,1.58832565775568,-3.1777027890089));
#2481=CARTESIAN_POINT('',(-5.54670182983231,2.49198234244906,-3.45391650654979));
#2482=CARTESIAN_POINT('',(-5.54363963632806,2.49198234244906,-3.41891547463499));
#2483=CARTESIAN_POINT('',(-5.46284927974434,2.49198234244906,-2.49547747332429));
#2484=CARTESIAN_POINT('',(-5.54670182983231,2.62310694055583,-3.45391650654979));
#2485=CARTESIAN_POINT('',(-5.54670182983231,9.,-3.45391650654979));
#2486=CARTESIAN_POINT('',(-5.52253626083713,1.58832565775568,-3.1777027890089));
#2487=CARTESIAN_POINT('Origin',(-15.4844832417546,1.58832565775568,-2.30614536153238));
#2488=CARTESIAN_POINT('',(-5.52253626083713,1.58832565775568,-3.1777027890089));
#2489=CARTESIAN_POINT('',(-15.4844832417546,1.58832565775568,-2.30614536153238));
#2490=CARTESIAN_POINT('',(-15.4844832417546,1.58832565775568,-2.30614536153238));
#2491=CARTESIAN_POINT('',(-5.70798044002435,9.52913456920562,-5.29733945636157));
#2492=CARTESIAN_POINT('',(-5.63436121963825,6.37672415730603,-4.45586791685986));
#2493=CARTESIAN_POINT('',(-5.70798044002435,9.52913456920562,-5.29733945636157));
#2494=CARTESIAN_POINT('',(-5.86089975253435,16.0772130520917,-7.0452151964534));
#2495=CARTESIAN_POINT('',(-5.52253626083713,1.58832565775568,-3.1777027890089));
#2496=CARTESIAN_POINT('',(-15.8228467334518,16.0772130520917,-6.17365776897688));
#2497=CARTESIAN_POINT('',(-15.8228467334518,16.0772130520917,-6.17365776897688));
#2498=CARTESIAN_POINT('',(-15.6536649876032,8.8327693549237,-4.23990156525463));
#2499=CARTESIAN_POINT('Origin',(-5.72101331532761,18.,-5.44630590273329));
#2500=CARTESIAN_POINT('',(-5.54670182983231,6.37672415730603,-3.45391650654979));
#2501=CARTESIAN_POINT('',(-5.54670182983231,9.,-3.45391650654979));
#2502=CARTESIAN_POINT('',(-5.72101331532761,6.37672415730603,-5.44630590273329));
#2503=CARTESIAN_POINT('Origin',(-5.10986298893528,1.30412262128342,1.53917429278131));
#2504=CARTESIAN_POINT('',(-4.7459740174258,2.49198234244906,5.69844426953296));
#2505=CARTESIAN_POINT('',(-4.7459740174258,0.869938487968206,5.69844426953296));
#2506=CARTESIAN_POINT('',(-4.7459740174258,9.,5.69844426953296));
#2507=CARTESIAN_POINT('',(-5.22860415815473,2.49198234244906,0.181956518111838));
#2508=CARTESIAN_POINT('',(-5.46284927974434,2.49198234244906,-2.49547747332429));
#2509=CARTESIAN_POINT('',(-4.51230446688477,4.69415419898593,8.3692994537798));
#2510=CARTESIAN_POINT('',(-5.45939677371511,1.78243994158257,-2.4560151488346));
#2511=CARTESIAN_POINT('',(-4.44463176854533,1.79637672011873,9.1428019352687));
#2512=CARTESIAN_POINT('',(-4.49538629229991,3.96970982926913,8.56267507415203));
#2513=CARTESIAN_POINT('',(-4.76032920415544,0.825805300984274,5.53436373439723));
#2514=CARTESIAN_POINT('Origin',(-15.7370411902427,0.811868522448123,-5.19289592222956));
#2515=CARTESIAN_POINT('',(-14.4742514478022,4.69415419898593,9.24085688125633));
#2516=CARTESIAN_POINT('',(-15.7370411902427,0.811868522448123,-5.19289592222956));
#2517=CARTESIAN_POINT('',(-14.4742514478022,4.69415419898593,9.24085688125633));
#2518=CARTESIAN_POINT('',(-5.5626095831392,1.46512534977413,-3.63574295886702));
#2519=CARTESIAN_POINT('Origin',(-5.10986298893528,1.30412262128342,1.53917429278131));
#2520=CARTESIAN_POINT('',(-5.26220113473882,-0.717135809540413,-0.202058681459064));
#2521=CARTESIAN_POINT('',(-5.54670182983231,-0.73698469524461,-3.45391650654979));
#2522=CARTESIAN_POINT('',(-6.0220280495046,-0.770146989640351,-8.88692005827832));
#2523=CARTESIAN_POINT('',(-5.70742151098577,-2.08590895641908,-5.29095086821718));
#2524=CARTESIAN_POINT('',(-4.76032920415544,0.825805300984274,5.53436373439723));
#2525=CARTESIAN_POINT('',(-6.11345770102244,15.3007559167841,-9.93196575715057));
#2526=CARTESIAN_POINT('',(-5.77509420932522,0.811868522448123,-6.06445334970608));
#2527=CARTESIAN_POINT('',(-5.86089975253435,16.0772130520917,-7.0452151964534));
#2528=CARTESIAN_POINT('',(-5.72101331532761,6.37672415730603,-5.44630590273329));
#2529=CARTESIAN_POINT('',(-5.72101331532761,6.37672415730603,-5.44630590273329));
#2530=CARTESIAN_POINT('',(-5.72101331532761,-0.742158566606426,-5.44630590273329));
#2531=CARTESIAN_POINT('',(-5.72101331532761,9.,-5.44630590273328));
#2532=CARTESIAN_POINT('',(-5.54670182983231,-0.742158566606426,-3.45391650654979));
#2533=CARTESIAN_POINT('',(-5.72101331532761,-0.742158566606426,-5.44630590273329));
#2534=CARTESIAN_POINT('',(-5.54670182983231,9.,-3.45391650654979));
#2535=CARTESIAN_POINT('Origin',(-16.0754046819399,15.3007559167841,-9.06040832967405));
#2536=CARTESIAN_POINT('',(-14.8126149394995,19.183041593322,5.37334447381184));
#2537=CARTESIAN_POINT('',(-14.8126149394995,19.183041593322,5.37334447381184));
#2538=CARTESIAN_POINT('',(-14.8126149394995,19.183041593322,5.37334447381184));
#2539=CARTESIAN_POINT('Origin',(-14.8126149394995,19.183041593322,5.37334447381184));
#2540=CARTESIAN_POINT('',(-17.8011990337747,19.183041593322,5.63481170205479));
#2541=CARTESIAN_POINT('',(-17.8011990337747,19.183041593322,5.63481170205479));
#2542=CARTESIAN_POINT('',(-17.395162843738,1.79637672011873,10.2758265909882));
#2543=CARTESIAN_POINT('',(-17.8011990337747,19.183041593322,5.63481170205479));
#2544=CARTESIAN_POINT('',(-14.4065787494628,1.79637672011873,10.0143593627452));
#2545=CARTESIAN_POINT('Origin',(-19.0639887762151,15.3007559167841,-8.79894110143109));
#2546=CARTESIAN_POINT('',(-19.0639887762151,15.3007559167841,-8.79894110143109));
#2547=CARTESIAN_POINT('',(-16.0754046819399,15.3007559167841,-9.06040832967405));
#2548=CARTESIAN_POINT('',(-18.6579525861785,-2.08590895641908,-4.1579262124977));
#2549=CARTESIAN_POINT('',(-15.6693684919032,-2.08590895641908,-4.41939344074066));
#2550=CARTESIAN_POINT('',(-19.0639887762151,15.3007559167841,-8.79894110143109));
#2551=CARTESIAN_POINT('Origin',(-17.8011990337747,19.183041593322,5.63481170205479));
#2552=CARTESIAN_POINT('',(-19.0639887762151,15.3007559167841,-8.79894110143109));
#2553=CARTESIAN_POINT('',(-18.6579525861785,-2.08590895641908,-4.1579262124977));
#2554=CARTESIAN_POINT('Origin',(-16.9383018578573,17.2418987550531,-1.71279831380963));
#2555=CARTESIAN_POINT('Origin',(-16.5322656678206,-0.144766118150177,2.92821657512376));
#2556=CARTESIAN_POINT('',(-4.86354201357954,0.508490709175826,4.35463592436482));
#2557=CARTESIAN_POINT('Origin',(-5.72101331532761,18.,-5.44630590273329));
#2558=CARTESIAN_POINT('',(-5.46284927974434,2.49198234244906,-2.49547747332429));
#2559=CARTESIAN_POINT('Origin',(-5.72101331532761,18.,-5.44630590273329));
#2560=CARTESIAN_POINT('',(-4.7459740174258,-0.681119964146481,5.69844426953296));
#2561=CARTESIAN_POINT('',(-6.0220280495046,-0.770146989640351,-8.88692005827832));
#2562=CARTESIAN_POINT('',(-4.7459740174258,9.,5.69844426953296));
#2563=CARTESIAN_POINT('Origin',(-4.74555653313645,-0.902583423035522,-12.5793083581547));
#2564=CARTESIAN_POINT('',(-2.98554817365272,-0.915669833670686,-3.67798841702015));
#2565=CARTESIAN_POINT('',(-2.98554817448812,-0.915669833989553,-3.67798841694038));
#2566=CARTESIAN_POINT('',(-2.78029308360958,-0.8986863914689,-1.11207523671825));
#2567=CARTESIAN_POINT('Origin',(7989.5882370938,-558.757512028682,-638.04442962282));
#2568=CARTESIAN_POINT('',(-0.720709293448527,-0.898686391453732,10.5684048687407));
#2569=CARTESIAN_POINT('',(-2.78029308349652,-0.898686391453732,-1.11207523573871));
#2570=CARTESIAN_POINT('',(-3.93617154647076,-0.738489381312585,5.55565424484638));
#2571=CARTESIAN_POINT('Ctrl Pts',(-3.9361715464503,-0.738489381313576,5.55565424488069));
#2572=CARTESIAN_POINT('Ctrl Pts',(-1.54508559316441,-0.854187221970972,
9.56620176793636));
#2573=CARTESIAN_POINT('Ctrl Pts',(-0.720709293434932,-0.898686391454468,
10.5684048687572));
#2574=CARTESIAN_POINT('',(-3.93617154646856,-0.738489381312585,5.55565424485882));
#2575=CARTESIAN_POINT('Origin',(-2.76813254266713,8.1688827145472E-17,-3.69700981999803));
#2576=CARTESIAN_POINT('',(-2.97731691389548,-0.922790078618336,-3.67870855892875));
#2577=CARTESIAN_POINT('',(-15.2352624930792,-0.0610386024599426,-2.60627728263255));
#2578=CARTESIAN_POINT('Origin',(-2.07910896268406,-1.24669966180252E-16,
-3.75729157214859));
#2579=CARTESIAN_POINT('Origin',(-3.00753149107295,-0.932920301717354,-5.68370480103919));
#2580=CARTESIAN_POINT('',(-3.15162839939078,-0.922790078618336,-5.67109795511224));
#2581=CARTESIAN_POINT('',(-15.4095739785745,-0.0610386024599427,-4.59866667881604));
#2582=CARTESIAN_POINT('',(-2.9773169142502,-0.922790078593398,-3.67870855889772));
#2583=CARTESIAN_POINT('Origin',(-2.94244402816244,8.1688827145472E-17,-5.68939921618153));
#2584=CARTESIAN_POINT('',(-1.72938604966449,2.,-5.79552803749976));
#2585=CARTESIAN_POINT('',(-1.72938604966449,2.,-5.79552803749976));
#2586=CARTESIAN_POINT('',(-1.72938604966449,0.722841614740049,-5.79552803749976));
#2587=CARTESIAN_POINT('',(-1.72938604966449,0.722841614740049,-5.79552803749976));
#2588=CARTESIAN_POINT('',(-1.81407958769144,-0.717824561156858,-5.7881183130485));
#2589=CARTESIAN_POINT('Origin',(-1.72938604966449,0.,-5.79552803749976));
#2590=CARTESIAN_POINT('',(-1.72938604966449,-0.802841614740035,-5.79552803749976));
#2591=CARTESIAN_POINT('',(-1.72938604966449,-0.802841614740036,-5.79552803749976));
#2592=CARTESIAN_POINT('',(-1.72938604966449,-1.2238962679253,-5.79552803749976));
#2593=CARTESIAN_POINT('',(-1.72938604966449,-1.2238962679253,-5.79552803749976));
#2594=CARTESIAN_POINT('',(-1.79586697323267,-1.23209027962239,-5.78971171034682));
#2595=CARTESIAN_POINT('',(-1.72938604966449,-1.2238962679253,-5.79552803749976));
#2596=CARTESIAN_POINT('',(-2.46647203566408,-0.987444033308551,-5.73104136968098));
#2597=CARTESIAN_POINT('Origin',(-1.7293860496645,-1.66533453693773E-16,
-5.79552803749977));
#2598=CARTESIAN_POINT('',(-2.46647203566408,-0.945348837209302,-5.73104136968097));
#2599=CARTESIAN_POINT('',(-2.46647203566408,-0.987444033308551,-5.73104136968097));
#2600=CARTESIAN_POINT('',(-3.17894678635485,-0.898686391430122,-5.66870790594708));
#2601=CARTESIAN_POINT('',(-2.46647203566408,-0.945348837209302,-5.73104136968097));
#2602=CARTESIAN_POINT('Origin',(-2.25342044817937,-8.30366027568086E-17,
-5.74968096833208));
#2603=CARTESIAN_POINT('Origin',(-1.21305797849794,2.,0.106128821318236));
#2604=CARTESIAN_POINT('',(-3.09357534538674,2.28674737075729,5.40708180076566));
#2605=CARTESIAN_POINT('',(-8.8361526833223,3.,6.41965312424861));
#2606=CARTESIAN_POINT('',(-0.420843303547006,1.99204048752115,8.41740021978933));
#2607=CARTESIAN_POINT('Ctrl Pts',(-3.09357534538676,2.28674737075729,5.40708180076563));
#2608=CARTESIAN_POINT('Ctrl Pts',(-1.29551375352703,2.0952278603514,8.06230768601189));
#2609=CARTESIAN_POINT('Ctrl Pts',(-0.420843303544789,1.99204048752089,8.41740021979023));
#2610=CARTESIAN_POINT('',(-0.55,2.,7.68491619531352));
#2611=CARTESIAN_POINT('',(-0.420843303547006,1.99204048752115,8.41740021978933));
#2612=CARTESIAN_POINT('',(-1.55507456416919,2.,-3.80313864131627));
#2613=CARTESIAN_POINT('',(-0.55,2.,7.68491619531352));
#2614=CARTESIAN_POINT('',(-9.66842929513987,3.,-3.09331207919197));
#2615=CARTESIAN_POINT('Origin',(-0.819269253902144,-1.04104542167992,5.00606027444734));
#2616=CARTESIAN_POINT('',(-0.55,-0.816239565597997,7.68491619531352));
#2617=CARTESIAN_POINT('',(1.50166777166572,-0.816239565597998,19.3205023286578));
#2618=CARTESIAN_POINT('',(1.50166777166572,-0.816239565597998,19.3205023286578));
#2619=CARTESIAN_POINT('',(-0.618503134640001,-0.699449708870973,7.6555841801553));
#2620=CARTESIAN_POINT('Ctrl Pts',(-0.550000000000007,-0.816239565598012,
7.68491619531341));
#2621=CARTESIAN_POINT('Ctrl Pts',(-0.569047838608597,-0.796040147899393,
7.6803787731585));
#2622=CARTESIAN_POINT('Ctrl Pts',(-0.588083650959205,-0.775958875719553,
7.67530425707865));
#2623=CARTESIAN_POINT('Ctrl Pts',(-0.60710250384961,-0.75599622093036,7.66971820709964));
#2624=CARTESIAN_POINT('Ctrl Pts',(-0.61844040053485,-0.744095686294163,
7.66638813993389));
#2625=CARTESIAN_POINT('Ctrl Pts',(-0.629769654860538,-0.732240051189274,
7.66287705100688));
#2626=CARTESIAN_POINT('Ctrl Pts',(-0.641089223306577,-0.720429364691284,
7.65919060698481));
#2627=CARTESIAN_POINT('',(1.4362273830123,-0.676066727485247,19.6675228433711));
#2628=CARTESIAN_POINT('',(1.4362273830123,-0.676066727485247,19.6675228433711));
#2629=CARTESIAN_POINT('Origin',(1.00926389515961,-0.254224925393189,19.4073264174912));
#2630=CARTESIAN_POINT('Ctrl Pts',(-0.549999999999975,-0.816958069679179,
7.68491619531342));
#2631=CARTESIAN_POINT('Ctrl Pts',(-0.549999999999975,-0.671532843648399,
7.68491619531342));
#2632=CARTESIAN_POINT('Ctrl Pts',(-0.588702950172924,-0.816958069679179,
7.6756966913485));
#2633=CARTESIAN_POINT('Ctrl Pts',(-0.588702950172924,-0.671532843648399,
7.6756966913485));
#2634=CARTESIAN_POINT('Ctrl Pts',(-0.626987089187915,-0.816958069679179,
7.66434770427592));
#2635=CARTESIAN_POINT('Ctrl Pts',(-0.626987089187915,-0.671532843648399,
7.66434770427592));
#2636=CARTESIAN_POINT('Ctrl Pts',(-0.664755695634562,-0.816958069679179,
7.65122452946513));
#2637=CARTESIAN_POINT('Ctrl Pts',(-0.664755695634562,-0.671532843648399,
7.65122452946513));
#2638=CARTESIAN_POINT('',(-0.55,-0.802841614740042,7.68491619531352));
#2639=CARTESIAN_POINT('',(-0.55,-0.816239565597995,7.68491619531352));
#2640=CARTESIAN_POINT('Ctrl Pts',(-0.637849779554449,-0.717476739535998,
7.66024071956361));
#2641=CARTESIAN_POINT('Ctrl Pts',(-0.623211490550864,-0.731647675139705,
7.66496387695773));
#2642=CARTESIAN_POINT('Ctrl Pts',(-0.608538597586633,-0.745878189516088,
7.66939896967871));
#2643=CARTESIAN_POINT('Ctrl Pts',(-0.593834365478807,-0.76016632479657,
7.67353114471952));
#2644=CARTESIAN_POINT('Ctrl Pts',(-0.579250557824864,-0.774337443365431,
7.677629478148));
#2645=CARTESIAN_POINT('Ctrl Pts',(-0.564638025882891,-0.788563198874826,
7.68142924310272));
#2646=CARTESIAN_POINT('Ctrl Pts',(-0.549999999999987,-0.802841614740056,
7.68491619531341));
#2647=CARTESIAN_POINT('Origin',(-1.21305797849794,-17.8665392058429,0.106128821318236));
#2648=CARTESIAN_POINT('',(-1.55507456416919,2.,-3.80313864131627));
#2649=CARTESIAN_POINT('',(-0.550000000000001,0.722841614740048,7.68491619531351));
#2650=CARTESIAN_POINT('',(-0.55,2.,7.68491619531352));
#2651=CARTESIAN_POINT('',(-1.72938604966449,0.722841614740048,-5.79552803749976));
#2652=CARTESIAN_POINT('Origin',(-1.5578750686613,0.,5.13629640769753));
#2653=CARTESIAN_POINT('Origin',(-0.819269253902144,-1.91794902440325E-16,
5.00606027444734));
#2654=CARTESIAN_POINT('Origin',(-1.88447169283917,0.,0.116751144919668));
#2655=CARTESIAN_POINT('',(1.50166777166572,0.722841614740048,19.3205023286578));
#2656=CARTESIAN_POINT('',(1.50166777166572,0.722841614740048,19.3205023286578));
#2657=CARTESIAN_POINT('',(-0.0620419103659681,1.23389626792531,10.4522640377906));
#2658=CARTESIAN_POINT('Ctrl Pts',(-0.0620419103659603,1.23389626792529,
10.4522640377906));
#2659=CARTESIAN_POINT('Ctrl Pts',(-0.199280713707354,1.52530591377371,9.67394410745445));
#2660=CARTESIAN_POINT('Ctrl Pts',(-0.420843303547006,1.99204048752115,8.41740021978932));
#2661=CARTESIAN_POINT('',(1.50166777166572,1.23389626792531,19.3205023286578));
#2662=CARTESIAN_POINT('',(1.50166777166572,1.23389626792531,19.3205023286578));
#2663=CARTESIAN_POINT('',(1.50166777166572,1.23389626792531,19.3205023286578));
#2664=CARTESIAN_POINT('Origin',(0.134919640236474,-1.91794902440325E-16,
10.4175344022572));
#2665=CARTESIAN_POINT('Origin',(0.134919640236474,-1.91794902440325E-16,
10.4175344022572));
#2666=CARTESIAN_POINT('Origin',(-1.88447169283917,0.,0.116751144919668));
#2667=CARTESIAN_POINT('',(-0.55,-1.22389626792531,7.68491619531352));
#2668=CARTESIAN_POINT('',(-0.55,-1.22389626792531,7.68491619531352));
#2669=CARTESIAN_POINT('',(1.50166777166572,-1.09745857108495,19.3205023286578));
#2670=CARTESIAN_POINT('',(1.50166777166572,-0.816239565597998,19.3205023286578));
#2671=CARTESIAN_POINT('',(1.50166777166572,-1.09745857108495,19.3205023286578));
#2672=CARTESIAN_POINT('Origin',(-0.819269253902144,-1.91794902440325E-16,
5.00606027444734));
#2673=CARTESIAN_POINT('',(1.09608798399307,0.269258240356726,19.8997302939973));
#2674=CARTESIAN_POINT('',(1.09608798399307,-0.269258240356726,19.8997302939973));
#2675=CARTESIAN_POINT('Origin',(1.78545341110162,-1.91794902440325E-16,
19.7781765696305));
#2676=CARTESIAN_POINT('Ctrl Pts',(1.43622738301231,-0.676066727485248,19.6675228433711));
#2677=CARTESIAN_POINT('Ctrl Pts',(1.41698849713128,-0.664333997032898,19.6990924615562));
#2678=CARTESIAN_POINT('Ctrl Pts',(1.39481378461297,-0.649794276383447,19.7274600715682));
#2679=CARTESIAN_POINT('Ctrl Pts',(1.32457253206506,-0.597550473366908,19.8013306211263));
#2680=CARTESIAN_POINT('Ctrl Pts',(1.26354380404246,-0.541065597484281,19.840776032601));
#2681=CARTESIAN_POINT('Ctrl Pts',(1.16988901104734,-0.422730405824515,19.8837444539629));
#2682=CARTESIAN_POINT('Ctrl Pts',(1.12627758919299,-0.348953962713059,19.8944070520637));
#2683=CARTESIAN_POINT('Ctrl Pts',(1.09608798399307,-0.269258240356726,19.8997302939973));
#2684=CARTESIAN_POINT('',(-0.702067267016686,-0.717824561156858,6.92224067357985));
#2685=CARTESIAN_POINT('Ctrl Pts',(-0.702067267016687,-0.717824561156858,
6.92224067357984));
#2686=CARTESIAN_POINT('Ctrl Pts',(-0.674851009870845,-0.71851182674224,
7.16674436656124));
#2687=CARTESIAN_POINT('Ctrl Pts',(-0.64762645042982,-0.719128725499256,
7.41124733318592));
#2688=CARTESIAN_POINT('Ctrl Pts',(-0.620395290913554,-0.719675076032956,
7.65574972237884));
#2689=CARTESIAN_POINT('Ctrl Pts',(-0.549999999999996,0.722841614740048,
7.68491619531354));
#2690=CARTESIAN_POINT('Ctrl Pts',(-0.607952278244773,0.722841614740048,
7.35625249329848));
#2691=CARTESIAN_POINT('Ctrl Pts',(-0.673716810444679,0.722568991637996,
7.00463689251471));
#2692=CARTESIAN_POINT('Ctrl Pts',(-0.805429885413754,0.706942441611123,
6.53008234994903));
#2693=CARTESIAN_POINT('Ctrl Pts',(-0.854462334376129,0.699740167937668,
6.38238021516448));
#2694=CARTESIAN_POINT('Ctrl Pts',(-0.951155014950352,0.671510210617856,
6.18598480283524));
#2695=CARTESIAN_POINT('Ctrl Pts',(-0.987290097875127,0.659167495204292,
6.12500748664757));
#2696=CARTESIAN_POINT('Ctrl Pts',(-1.07237389398994,0.619530140502292,6.01468267567232));
#2697=CARTESIAN_POINT('Ctrl Pts',(-1.1216615911362,0.592699384024622,5.96543071479268));
#2698=CARTESIAN_POINT('Ctrl Pts',(-1.21383263078161,0.518406627289715,5.8988881965516));
#2699=CARTESIAN_POINT('Ctrl Pts',(-1.25180735161912,0.481683953730234,5.87715675178869));
#2700=CARTESIAN_POINT('Ctrl Pts',(-1.31958347742664,0.39723211911059,5.84443793411048));
#2701=CARTESIAN_POINT('Ctrl Pts',(-1.34924342943721,0.349526448295621,5.83309802044744));
#2702=CARTESIAN_POINT('Ctrl Pts',(-1.40112972432512,0.240949183685911,5.81478028873406));
#2703=CARTESIAN_POINT('Ctrl Pts',(-1.42488133044116,0.161470533952146,5.80805638540513));
#2704=CARTESIAN_POINT('Ctrl Pts',(-1.43643692458675,0.074709711301637,5.80480251203424));
#2705=CARTESIAN_POINT('Ctrl Pts',(-1.43842326226874,0.0529258949799539,
5.80425258376984));
#2706=CARTESIAN_POINT('Ctrl Pts',(-1.43986012761056,0.0238754448346506,
5.80385568076951));
#2707=CARTESIAN_POINT('Ctrl Pts',(-1.44018196832822,0.0108544193537268,
5.80376714791102));
#2708=CARTESIAN_POINT('Ctrl Pts',(-1.44018196832822,-0.0108544193537264,
5.80376714791102));
#2709=CARTESIAN_POINT('Ctrl Pts',(-1.43986012761056,-0.0238754448346502,
5.80385568076951));
#2710=CARTESIAN_POINT('Ctrl Pts',(-1.43842326226874,-0.0529258949799538,
5.80425258376984));
#2711=CARTESIAN_POINT('Ctrl Pts',(-1.43643692458675,-0.0747097113016371,
5.80480251203424));
#2712=CARTESIAN_POINT('Ctrl Pts',(-1.42488133044116,-0.161470533952146,
5.80805638540513));
#2713=CARTESIAN_POINT('Ctrl Pts',(-1.40112972432512,-0.240949183685911,
5.81478028873406));
#2714=CARTESIAN_POINT('Ctrl Pts',(-1.34924342943721,-0.34952644829562,5.83309802044744));
#2715=CARTESIAN_POINT('Ctrl Pts',(-1.31958347742664,-0.39723211911059,5.84443793411048));
#2716=CARTESIAN_POINT('Ctrl Pts',(-1.25180735161912,-0.481683953730234,
5.87715675178869));
#2717=CARTESIAN_POINT('Ctrl Pts',(-1.21383263078161,-0.518406627289715,
5.8988881965516));
#2718=CARTESIAN_POINT('Ctrl Pts',(-1.1216615911362,-0.592699384024621,5.96543071479269));
#2719=CARTESIAN_POINT('Ctrl Pts',(-1.07237389398994,-0.619530140502293,
6.01468267567233));
#2720=CARTESIAN_POINT('Ctrl Pts',(-0.987290097875125,-0.659167495204293,
6.12500748664757));
#2721=CARTESIAN_POINT('Ctrl Pts',(-0.951155014950351,-0.671510210617856,
6.18598480283525));
#2722=CARTESIAN_POINT('Ctrl Pts',(-0.854462334376128,-0.699740167937668,
6.38238021516449));
#2723=CARTESIAN_POINT('Ctrl Pts',(-0.805429885413754,-0.706942441611122,
6.53008234994904));
#2724=CARTESIAN_POINT('Ctrl Pts',(-0.740379074596115,-0.714660124534926,
6.76445663494952));
#2725=CARTESIAN_POINT('Ctrl Pts',(-0.720710663397501,-0.716445536628668,
6.84274007575966));
#2726=CARTESIAN_POINT('Ctrl Pts',(-0.702067267016697,-0.717824561156857,
6.92224067357985));
#2727=CARTESIAN_POINT('Ctrl Pts',(1.09608798399307,0.269258240356726,19.8997302939973));
#2728=CARTESIAN_POINT('Ctrl Pts',(1.12627758919299,0.348953962713058,19.8944070520637));
#2729=CARTESIAN_POINT('Ctrl Pts',(1.16988901104734,0.422730405824515,19.8837444539629));
#2730=CARTESIAN_POINT('Ctrl Pts',(1.26354380404246,0.541065597484281,19.840776032601));
#2731=CARTESIAN_POINT('Ctrl Pts',(1.32457253206506,0.597550473366908,19.8013306211263));
#2732=CARTESIAN_POINT('Ctrl Pts',(1.39558899428991,0.650370859234543,19.7266448075633));
#2733=CARTESIAN_POINT('Ctrl Pts',(1.41846981442191,0.665290107550339,19.697188996273));
#2734=CARTESIAN_POINT('Ctrl Pts',(1.45782136869315,0.689176623892358,19.6315085584563));
#2735=CARTESIAN_POINT('Ctrl Pts',(1.47429685561994,0.698167086135408,19.5952952173388));
#2736=CARTESIAN_POINT('Ctrl Pts',(1.5101508579987,0.718207594375163,19.4812486231481));
#2737=CARTESIAN_POINT('Ctrl Pts',(1.51525013949873,0.722841614740048,19.3975317644165));
#2738=CARTESIAN_POINT('Ctrl Pts',(1.50166777166572,0.722841614740048,19.3205023286578));
#2739=CARTESIAN_POINT('Origin',(1.78545341110162,-1.91794902440325E-16,
19.7781765696305));
#2740=CARTESIAN_POINT('',(1.09608798399307,-1.0356157588604,19.8997302939973));
#2741=CARTESIAN_POINT('',(1.25945543588017,-1.13264712374819,19.8402284767978));
#2742=CARTESIAN_POINT('Ctrl Pts',(1.09608798399307,-1.0356157588604,19.8997302939973));
#2743=CARTESIAN_POINT('Ctrl Pts',(1.11762952569698,-1.05040087405784,19.8959319389889));
#2744=CARTESIAN_POINT('Ctrl Pts',(1.13922692017884,-1.06438642970051,19.8906688382193));
#2745=CARTESIAN_POINT('Ctrl Pts',(1.16075459256455,-1.07755067175471,19.8838246531645));
#2746=CARTESIAN_POINT('Ctrl Pts',(1.18098202990822,-1.08991981582924,19.8773938453241));
#2747=CARTESIAN_POINT('Ctrl Pts',(1.20114835568146,-1.10156386210587,19.869566442623));
#2748=CARTESIAN_POINT('Ctrl Pts',(1.22110674871948,-1.11246476499135,19.8602310491695));
#2749=CARTESIAN_POINT('Ctrl Pts',(1.23399427877623,-1.11950369409324,19.8542030005438));
#2750=CARTESIAN_POINT('Ctrl Pts',(1.24679423653832,-1.1262327665171,19.8475458939886));
#2751=CARTESIAN_POINT('Ctrl Pts',(1.25945543588016,-1.13264712374819,19.8402284767978));
#2752=CARTESIAN_POINT('',(1.09608798399307,1.0356157588604,19.8997302939973));
#2753=CARTESIAN_POINT('Origin',(1.78545341110162,-1.91794902440325E-16,
19.7781765696305));
#2754=CARTESIAN_POINT('Ctrl Pts',(1.50166777166572,1.23389626792531,19.3205023286578));
#2755=CARTESIAN_POINT('Ctrl Pts',(1.51249988991103,1.23389626792531,19.3819343239304));
#2756=CARTESIAN_POINT('Ctrl Pts',(1.51182461255809,1.23208459295895,19.4495861056561));
#2757=CARTESIAN_POINT('Ctrl Pts',(1.48366035786913,1.22238576093629,19.5785021252556));
#2758=CARTESIAN_POINT('Ctrl Pts',(1.4561681603375,1.2142232011354,19.6397447920325));
#2759=CARTESIAN_POINT('Ctrl Pts',(1.38298124316676,1.18836364144826,19.7464232223194));
#2760=CARTESIAN_POINT('Ctrl Pts',(1.33071456264694,1.16785806482842,19.7962572551495));
#2761=CARTESIAN_POINT('Ctrl Pts',(1.21552156957877,1.1110905333837,19.8678212127652));
#2762=CARTESIAN_POINT('Ctrl Pts',(1.15283389583571,1.07456352105446,19.8897244586946));
#2763=CARTESIAN_POINT('Ctrl Pts',(1.09608798399307,1.0356157588604,19.8997302939973));
#2764=CARTESIAN_POINT('',(-1.40636051696384,-0.945348837209302,6.38608873582351));
#2765=CARTESIAN_POINT('Origin',(-31.0926620761775,-1.91794902440325E-16,
-166.682882056681));
#2766=CARTESIAN_POINT('',(-1.45771631047443,-0.987444033308551,5.79908932994761));
#2767=CARTESIAN_POINT('Origin',(-2.22417197199917,-1.91794902440325E-16,
-2.96153896902845));
#2768=CARTESIAN_POINT('',(-0.672121758775512,-1.2320902796224,7.05475486587717));
#2769=CARTESIAN_POINT('Ctrl Pts',(-0.672121758775589,-1.23209027962238,
7.05475486587718));
#2770=CARTESIAN_POINT('Ctrl Pts',(-0.703658027557041,-1.2310710309924,6.91020420308792));
#2771=CARTESIAN_POINT('Ctrl Pts',(-0.737866595797131,-1.22953808461108,
6.76798344485035));
#2772=CARTESIAN_POINT('Ctrl Pts',(-0.825501077994522,-1.22282550411909,
6.46761005125312));
#2773=CARTESIAN_POINT('Ctrl Pts',(-0.880149325497659,-1.21776045251861,
6.31422486285898));
#2774=CARTESIAN_POINT('Ctrl Pts',(-0.993806856572122,-1.19597411644301,
6.11529771834766));
#2775=CARTESIAN_POINT('Ctrl Pts',(-1.03724257990074,-1.18623934974832,6.05438797050832));
#2776=CARTESIAN_POINT('Ctrl Pts',(-1.14187507779544,-1.15454674957087,5.94761992812926));
#2777=CARTESIAN_POINT('Ctrl Pts',(-1.20332496305465,-1.1327080748483,5.9019746004783));
#2778=CARTESIAN_POINT('Ctrl Pts',(-1.33319232216994,-1.06909362766653,5.8369070734148));
#2779=CARTESIAN_POINT('Ctrl Pts',(-1.39729344060841,-1.03152769381563,5.81470035641325));
#2780=CARTESIAN_POINT('Ctrl Pts',(-1.45771631047443,-0.987444033308553,
5.79908932994759));
#2781=CARTESIAN_POINT('Origin',(19.1098091511803,-1.91794902440325E-16,
118.029480314936));
#2782=CARTESIAN_POINT('Origin',(1.04684759634246,0.,19.9084127028807));
#2783=CARTESIAN_POINT('',(1.09608798399307,-0.269258240356726,19.8997302939973));
#2784=CARTESIAN_POINT('',(1.09608798399307,1.0356157588604,19.8997302939973));
#2785=CARTESIAN_POINT('Origin',(-1.21305797849794,-17.8665392058429,0.106128821318236));
#2786=CARTESIAN_POINT('',(-0.55,-0.802841614740044,7.68491619531352));
#2787=CARTESIAN_POINT('',(-1.7293860496645,-1.2238962679253,-5.79552803749976));
#2788=CARTESIAN_POINT('Origin',(-2.42663199164571,0.,-13.7650856222337));
#2789=CARTESIAN_POINT('',(-1.81407958769144,-0.717824561156858,-5.78811831304851));
#2790=CARTESIAN_POINT('Origin',(-2.51132552967266,-0.717824561156857,-13.7576758977825));
#2791=CARTESIAN_POINT('Origin',(1.00926389515961,0.,19.4073264174912));
#2792=CARTESIAN_POINT('Origin',(1.00926389515961,0.,19.4073264174912));
#2793=CARTESIAN_POINT('Origin',(1.00926389515961,-1.15861723537444,19.4073264174912));
#2794=CARTESIAN_POINT('Origin',(-2.76813254266713,8.1688827145472E-17,-3.69700981999803));
#2795=CARTESIAN_POINT('',(-1.55507456416919,2.,-3.80313864131627));
#2796=CARTESIAN_POINT('Origin',(-1.29017928656242,1.51842025264809,-5.83395365021511));
#2797=CARTESIAN_POINT('Origin',(-0.216060968336172,-5.27983032932499E-16,
11.501856793165));
#2798=CARTESIAN_POINT('',(-1.45771631047443,-0.987444033308551,5.79908932994761));
#2799=CARTESIAN_POINT('',(-0.672121758775513,-1.23209027962239,7.05475486587717));
#2800=CARTESIAN_POINT('Origin',(-0.0922109285557282,-0.945348837209303,
21.4068872649817));
#2801=CARTESIAN_POINT('',(-1.40636051696384,-0.945348837209302,6.38608873582351));
#2802=CARTESIAN_POINT('',(-2.78029308349654,-0.898686391453732,-1.1120752357387));
#2803=CARTESIAN_POINT('Origin',(-0.0922109285557282,-0.987444033308551,
21.4068872649817));
#2804=CARTESIAN_POINT('Origin',(-1.90644314442157,0.0689193245677036,-1.16097813693129));
#2805=CARTESIAN_POINT('Origin',(-0.282541891904339,-1.23209027962239,11.5076731203179));
#2806=UNCERTAINTY_MEASURE_WITH_UNIT(LENGTH_MEASURE(0.01),#2810,
'DISTANCE_ACCURACY_VALUE',
'Maximum model space distance between geometric entities at asserted c
onnectivities');
#2807=UNCERTAINTY_MEASURE_WITH_UNIT(LENGTH_MEASURE(0.01),#2810,
'DISTANCE_ACCURACY_VALUE',
'Maximum model space distance between geometric entities at asserted c
onnectivities');
#2808=(
GEOMETRIC_REPRESENTATION_CONTEXT(3)
GLOBAL_UNCERTAINTY_ASSIGNED_CONTEXT((#2806))
GLOBAL_UNIT_ASSIGNED_CONTEXT((#2810,#2812,#2813))
REPRESENTATION_CONTEXT('','3D')
);
#2809=(
GEOMETRIC_REPRESENTATION_CONTEXT(3)
GLOBAL_UNCERTAINTY_ASSIGNED_CONTEXT((#2807))
GLOBAL_UNIT_ASSIGNED_CONTEXT((#2810,#2812,#2813))
REPRESENTATION_CONTEXT('','3D')
);
#2810=(
LENGTH_UNIT()
NAMED_UNIT(*)
SI_UNIT(.MILLI.,.METRE.)
);
#2811=(
LENGTH_UNIT()
NAMED_UNIT(*)
SI_UNIT(.CENTI.,.METRE.)
);
#2812=(
NAMED_UNIT(*)
PLANE_ANGLE_UNIT()
SI_UNIT($,.RADIAN.)
);
#2813=(
NAMED_UNIT(*)
SI_UNIT($,.STERADIAN.)
SOLID_ANGLE_UNIT()
);
#2814=SHAPE_DEFINITION_REPRESENTATION(#2815,#2816);
#2815=PRODUCT_DEFINITION_SHAPE('',$,#2818);
#2816=SHAPE_REPRESENTATION('',(#1602),#2808);
#2817=PRODUCT_DEFINITION_CONTEXT('part definition',#2822,'design');
#2818=PRODUCT_DEFINITION('\X2\722A5B504E0B\X0\15\X2\5EA6\X0\_V2',
'\X2\722A5B504E0B\X0\15\X2\5EA6\X0\_V2',#2819,#2817);
#2819=PRODUCT_DEFINITION_FORMATION('',$,#2824);
#2820=PRODUCT_RELATED_PRODUCT_CATEGORY('\X2\722A5B504E0B\X0\15\X2\5EA6\X0\_
V2','\X2\722A5B504E0B\X0\15\X2\5EA6\X0\_V2',(#2824));
#2821=APPLICATION_PROTOCOL_DEFINITION('international standard',
'automotive_design',2009,#2822);
#2822=APPLICATION_CONTEXT(
'Core Data for Automotive Mechanical Design Process');
#2823=PRODUCT_CONTEXT('part definition',#2822,'mechanical');
#2824=PRODUCT('\X2\722A5B504E0B\X0\15\X2\5EA6\X0\_V2',
'\X2\722A5B504E0B\X0\15\X2\5EA6\X0\_V2',$,(#2823));
#2825=PRESENTATION_STYLE_ASSIGNMENT((#2826));
#2826=SURFACE_STYLE_USAGE(.BOTH.,#2829);
#2827=SURFACE_STYLE_RENDERING_WITH_PROPERTIES($,#2833,(#2828));
#2828=SURFACE_STYLE_TRANSPARENT(0.);
#2829=SURFACE_SIDE_STYLE('',(#2830,#2827));
#2830=SURFACE_STYLE_FILL_AREA(#2831);
#2831=FILL_AREA_STYLE('',(#2832));
#2832=FILL_AREA_STYLE_COLOUR('',#2833);
#2833=COLOUR_RGB('',0.792156862745098,0.819607843137255,0.933333333333333);
ENDSEC;
END-ISO-10303-21;
