ISO-10303-21;
HEADER;
/* Generated by software containing ST-Developer
 * from STEP Tools, Inc. (www.steptools.com) 
 */

FILE_DESCRIPTION(
/* description */ (''),
/* implementation_level */ '2;1');

FILE_NAME(
/* name */ '',
/* time_stamp */ '2026-03-12T12:49:37+08:00',
/* author */ ('user'),
/* organization */ (''),
/* preprocessor_version */ 'ST-DEVELOPER v20',
/* originating_system */ 'Autodesk Inventor 2025',
/* authorisation */ '');

FILE_SCHEMA (('AUTOMOTIVE_DESIGN { 1 0 10303 214 3 1 1 }'));
ENDSEC;

DATA;
#10=MECHANICAL_DESIGN_GEOMETRIC_PRESENTATION_REPRESENTATION('',(#53,#54,
#55,#56,#57,#58,#59,#60,#61,#62,#63,#64,#65,#66,#67,#68,#69,#70,#71,#72,
#73,#74,#75,#76,#77,#78,#79,#80,#81,#82,#83,#84,#85,#86),#3080);
#11=GEOMETRICALLY_BOUNDED_WIREFRAME_SHAPE_REPRESENTATION('',(#12,#13),#3079);
#12=GEOMETRIC_CURVE_SET('\X2\83495716\X0\2',(#17,#18,#19,#20,#21,#22,#23,
#24,#25,#26,#27,#28,#29,#30,#768,#31,#32,#33,#34,#35,#36,#37,#38,#39,#40,
#41,#42,#43,#44,#3059));
#13=GEOMETRIC_CURVE_SET('\X2\83495716\X0\8',(#45,#46,#47,#48,#49,#50,#51,
#52,#3076));
#14=SHAPE_REPRESENTATION_RELATIONSHIP('SRR','None',#3087,#16);
#15=SHAPE_REPRESENTATION_RELATIONSHIP('SRR','None',#3087,#11);
#16=ADVANCED_BREP_SHAPE_REPRESENTATION('',(#87,#88),#3079);
#17=POLYLINE('',(#3002,#3003));
#18=POLYLINE('',(#3004,#3005));
#19=POLYLINE('',(#3006,#3007));
#20=POLYLINE('',(#3008,#3009));
#21=POLYLINE('',(#3010,#3011));
#22=POLYLINE('',(#3012,#3013));
#23=POLYLINE('',(#3014,#3015));
#24=POLYLINE('',(#3016,#3017));
#25=POLYLINE('',(#3018,#3019));
#26=POLYLINE('',(#3020,#3021));
#27=POLYLINE('',(#3022,#3023));
#28=POLYLINE('',(#3024,#3025));
#29=POLYLINE('',(#3026,#3027));
#30=POLYLINE('',(#3028,#3029));
#31=POLYLINE('',(#3031,#3032));
#32=POLYLINE('',(#3033,#3034));
#33=POLYLINE('',(#3035,#3036));
#34=POLYLINE('',(#3037,#3038));
#35=POLYLINE('',(#3039,#3040));
#36=POLYLINE('',(#3041,#3042));
#37=POLYLINE('',(#3043,#3044));
#38=POLYLINE('',(#3045,#3046));
#39=POLYLINE('',(#3047,#3048));
#40=POLYLINE('',(#3049,#3050));
#41=POLYLINE('',(#3051,#3052));
#42=POLYLINE('',(#3053,#3054));
#43=POLYLINE('',(#3055,#3056));
#44=POLYLINE('',(#3057,#3058));
#45=POLYLINE('',(#3060,#3061));
#46=POLYLINE('',(#3062,#3063));
#47=POLYLINE('',(#3064,#3065));
#48=POLYLINE('',(#3066,#3067));
#49=POLYLINE('',(#3068,#3069));
#50=POLYLINE('',(#3070,#3071));
#51=POLYLINE('',(#3072,#3073));
#52=POLYLINE('',(#3074,#3075));
#53=STYLED_ITEM('',(#3096),#87);
#54=STYLED_ITEM('',(#3096),#88);
#55=STYLED_ITEM('',(#3097),#17);
#56=STYLED_ITEM('',(#3098),#18);
#57=STYLED_ITEM('',(#3098),#19);
#58=STYLED_ITEM('',(#3098),#20);
#59=STYLED_ITEM('',(#3098),#21);
#60=STYLED_ITEM('',(#3097),#22);
#61=STYLED_ITEM('',(#3098),#23);
#62=STYLED_ITEM('',(#3098),#25);
#63=STYLED_ITEM('',(#3098),#26);
#64=STYLED_ITEM('',(#3098),#27);
#65=STYLED_ITEM('',(#3098),#28);
#66=STYLED_ITEM('',(#3097),#29);
#67=STYLED_ITEM('',(#3098),#30);
#68=STYLED_ITEM('',(#3098),#31);
#69=STYLED_ITEM('',(#3098),#32);
#70=STYLED_ITEM('',(#3098),#34);
#71=STYLED_ITEM('',(#3098),#35);
#72=STYLED_ITEM('',(#3098),#36);
#73=STYLED_ITEM('',(#3098),#37);
#74=STYLED_ITEM('',(#3098),#38);
#75=STYLED_ITEM('',(#3098),#39);
#76=STYLED_ITEM('',(#3098),#40);
#77=STYLED_ITEM('',(#3098),#41);
#78=STYLED_ITEM('',(#3097),#42);
#79=STYLED_ITEM('',(#3098),#43);
#80=STYLED_ITEM('',(#3097),#44);
#81=STYLED_ITEM('',(#3097),#45);
#82=STYLED_ITEM('',(#3097),#46);
#83=STYLED_ITEM('',(#3097),#48);
#84=STYLED_ITEM('',(#3098),#49);
#85=STYLED_ITEM('',(#3098),#50);
#86=STYLED_ITEM('',(#3097),#51);
#87=MANIFOLD_SOLID_BREP('\X2\5BE69AD4\X0\1',#1727);
#88=MANIFOLD_SOLID_BREP('\X2\5BE69AD4\X0\3',#1728);
#89=CONICAL_SURFACE('',#1778,1.25,0.34906585039886);
#90=CONICAL_SURFACE('',#1850,1.25,0.34906585039886);
#91=B_SPLINE_SURFACE_WITH_KNOTS('',3,1,((#2435,#2436),(#2437,#2438),(#2439,
#2440),(#2441,#2442)),.UNSPECIFIED.,.F.,.F.,.F.,(4,4),(2,2),(0.,0.0351083960004023),
(0.,0.0145425226030779),.UNSPECIFIED.);
#92=B_SPLINE_SURFACE_WITH_KNOTS('',3,1,((#2823,#2824),(#2825,#2826),(#2827,
#2828),(#2829,#2830)),.UNSPECIFIED.,.F.,.F.,.F.,(4,4),(2,2),(0.,0.0351083960004023),
(0.,0.0145425226030779),.UNSPECIFIED.);
#93=B_SPLINE_CURVE_WITH_KNOTS('',3,(#2428,#2429,#2430,#2431,#2432,#2433,
#2434),.UNSPECIFIED.,.F.,.F.,(4,3,4),(0.,0.00843968214893545,0.0134709132548437),
 .UNSPECIFIED.);
#94=B_SPLINE_CURVE_WITH_KNOTS('',3,(#2444,#2445,#2446,#2447,#2448,#2449,
#2450),.UNSPECIFIED.,.F.,.F.,(4,3,4),(-0.012497646076559,-0.00622312957747029,
0.),.UNSPECIFIED.);
#95=B_SPLINE_CURVE_WITH_KNOTS('',3,(#2480,#2481,#2482,#2483,#2484,#2485,
#2486,#2487,#2488,#2489,#2490,#2491),.UNSPECIFIED.,.F.,.F.,(4,2,2,2,2,4),
(-0.0940036194534467,-0.0699401350824827,-0.0469306433807616,-0.0351979825355712,
-0.0234653216903808,0.),.UNSPECIFIED.);
#96=B_SPLINE_CURVE_WITH_KNOTS('',3,(#2493,#2494,#2495,#2496,#2497,#2498,
#2499,#2500,#2501,#2502,#2503,#2504,#2505,#2506,#2507,#2508,#2509,#2510,
#2511,#2512,#2513,#2514,#2515,#2516,#2517,#2518,#2519,#2520,#2521,#2522,
#2523,#2524,#2525,#2526,#2527,#2528,#2529,#2530),.UNSPECIFIED.,.F.,.F.,
(4,2,2,2,2,2,2,2,2,2,2,2,2,2,2,2,2,2,4),(-0.522390816395786,-0.422270655579695,
-0.372210575171649,-0.347180534967626,-0.322150494763603,-0.306439230511575,
-0.290727966259546,-0.269922009431376,-0.264451734004011,-0.261195408197893,
-0.257939082391775,-0.25246880696441,-0.23166285013624,-0.215951585884212,
-0.200240321632183,-0.17521028142816,-0.150180241224137,-0.100120160816091,
-0.0760088162330155),.UNSPECIFIED.);
#97=B_SPLINE_CURVE_WITH_KNOTS('',3,(#2531,#2532,#2533,#2534),
 .UNSPECIFIED.,.F.,.F.,(4,4),(0.,1.02103172871233),.UNSPECIFIED.);
#98=B_SPLINE_CURVE_WITH_KNOTS('',3,(#2535,#2536,#2537,#2538,#2539,#2540,
#2541,#2542),.UNSPECIFIED.,.F.,.F.,(4,2,2,4),(-0.205080702793681,-0.19372728433833,
-0.170717792636609,-0.146654308265645),.UNSPECIFIED.);
#99=B_SPLINE_CURVE_WITH_KNOTS('',3,(#2546,#2547,#2548,#2549,#2550,#2551,
#2552,#2553,#2554,#2555),.UNSPECIFIED.,.F.,.F.,(4,3,3,4),(0.,7.82159412598025E-5,
0.000151707771809918,0.000199162903760465),.UNSPECIFIED.);
#100=B_SPLINE_CURVE_WITH_KNOTS('',3,(#2559,#2560,#2561,#2562,#2563,#2564,
#2565,#2566,#2567,#2568,#2569,#2570),.UNSPECIFIED.,.F.,.F.,(4,2,2,2,2,4),
(2.26474405500302,2.30795740565339,2.36091165260655,2.38738877608312,2.4138658995597,
2.43496135299334),.UNSPECIFIED.);
#101=B_SPLINE_CURVE_WITH_KNOTS('',3,(#2575,#2576,#2577,#2578,#2579,#2580,
#2581,#2582,#2583,#2584),.UNSPECIFIED.,.F.,.F.,(4,2,2,2,4),(0.,0.0187139048463075,
0.037427809692615,0.0582926822965746,0.0791575549005341),.UNSPECIFIED.);
#102=B_SPLINE_CURVE_WITH_KNOTS('',3,(#2813,#2814,#2815,#2816,#2817,#2818,
#2819),.UNSPECIFIED.,.F.,.F.,(4,3,4),(0.,0.00843968214893545,0.0134709132548437),
 .UNSPECIFIED.);
#103=B_SPLINE_CURVE_WITH_KNOTS('',3,(#2833,#2834,#2835,#2836,#2837,#2838,
#2839),.UNSPECIFIED.,.F.,.F.,(4,3,4),(-0.012497646076559,-0.00622312957747029,
0.),.UNSPECIFIED.);
#104=B_SPLINE_CURVE_WITH_KNOTS('',3,(#2869,#2870,#2871,#2872,#2873,#2874,
#2875,#2876),.UNSPECIFIED.,.F.,.F.,(4,2,2,4),(-0.205080702793681,-0.19372728433833,
-0.170717792636609,-0.146654308265645),.UNSPECIFIED.);
#105=B_SPLINE_CURVE_WITH_KNOTS('',3,(#2878,#2879,#2880,#2881),
 .UNSPECIFIED.,.F.,.F.,(4,4),(0.,1.02103172871233),.UNSPECIFIED.);
#106=B_SPLINE_CURVE_WITH_KNOTS('',3,(#2882,#2883,#2884,#2885,#2886,#2887,
#2888,#2889,#2890,#2891,#2892,#2893,#2894,#2895,#2896,#2897,#2898,#2899,
#2900,#2901,#2902,#2903,#2904,#2905,#2906,#2907,#2908,#2909,#2910,#2911,
#2912,#2913,#2914,#2915,#2916,#2917,#2918,#2919),.UNSPECIFIED.,.F.,.F.,
(4,2,2,2,2,2,2,2,2,2,2,2,2,2,2,2,2,2,4),(-0.522390816395786,-0.422270655579695,
-0.372210575171649,-0.347180534967626,-0.322150494763603,-0.306439230511575,
-0.290727966259546,-0.269922009431376,-0.264451734004011,-0.261195408197893,
-0.257939082391775,-0.25246880696441,-0.23166285013624,-0.215951585884212,
-0.200240321632183,-0.17521028142816,-0.150180241224137,-0.100120160816091,
-0.0760088162330155),.UNSPECIFIED.);
#107=B_SPLINE_CURVE_WITH_KNOTS('',3,(#2920,#2921,#2922,#2923,#2924,#2925,
#2926,#2927,#2928,#2929,#2930,#2931),.UNSPECIFIED.,.F.,.F.,(4,2,2,2,2,4),
(-0.0940036194534467,-0.0699401350824827,-0.0469306433807616,-0.0351979825355712,
-0.0234653216903808,0.),.UNSPECIFIED.);
#108=B_SPLINE_CURVE_WITH_KNOTS('',3,(#2935,#2936,#2937,#2938,#2939,#2940,
#2941,#2942,#2943,#2944),.UNSPECIFIED.,.F.,.F.,(4,3,3,4),(0.,7.82159412598011E-5,
0.000151707771809923,0.000199162903760465),.UNSPECIFIED.);
#109=B_SPLINE_CURVE_WITH_KNOTS('',3,(#2947,#2948,#2949,#2950,#2951,#2952,
#2953,#2954,#2955,#2956),.UNSPECIFIED.,.F.,.F.,(4,2,2,2,4),(0.,0.0187139048463075,
0.037427809692615,0.0582926822965746,0.0791575549005341),.UNSPECIFIED.);
#110=B_SPLINE_CURVE_WITH_KNOTS('',3,(#2962,#2963,#2964,#2965,#2966,#2967,
#2968,#2969,#2970,#2971,#2972,#2973),.UNSPECIFIED.,.F.,.F.,(4,2,2,2,2,4),
(2.26474405500302,2.30795740565339,2.36091165260655,2.38738877608312,2.4138658995597,
2.43496135299334),.UNSPECIFIED.);
#111=ELLIPSE('',#1775,0.752236967852911,0.5);
#112=ELLIPSE('',#1784,117.684572316191,1.25);
#113=ELLIPSE('',#1785,14.3421415570883,1.25);
#114=ELLIPSE('',#1786,220.289679768119,1.25);
#115=ELLIPSE('',#1795,0.503754912729424,0.5);
#116=ELLIPSE('',#1798,1.33665881210785,1.25);
#117=ELLIPSE('',#1801,1.33665881210785,1.25);
#118=ELLIPSE('',#1837,1.33665881210785,1.25);
#119=ELLIPSE('',#1842,1.33665881210785,1.25);
#120=ELLIPSE('',#1845,0.752236967852911,0.5);
#121=ELLIPSE('',#1857,220.289679768119,1.25);
#122=ELLIPSE('',#1858,14.3421415570883,1.25);
#123=ELLIPSE('',#1859,117.684572316191,1.25);
#124=ELLIPSE('',#1866,0.503754912729424,0.5);
#125=(
BOUNDED_CURVE()
B_SPLINE_CURVE(2,(#2396,#2397,#2398),.UNSPECIFIED.,.F.,.F.)
B_SPLINE_CURVE_WITH_KNOTS((3,3),(-2.60234797974036,-1.79805746801368),
 .UNSPECIFIED.)
CURVE()
GEOMETRIC_REPRESENTATION_ITEM()
RATIONAL_B_SPLINE_CURVE((1.75162158366374,2.21520520583342,2.32044033574995))
REPRESENTATION_ITEM('')
);
#126=(
BOUNDED_CURVE()
B_SPLINE_CURVE(2,(#2407,#2408,#2409),.UNSPECIFIED.,.F.,.F.)
B_SPLINE_CURVE_WITH_KNOTS((3,3),(0.29986282390999,1.10827418395967),
 .UNSPECIFIED.)
CURVE()
GEOMETRIC_REPRESENTATION_ITEM()
RATIONAL_B_SPLINE_CURVE((1.9700670965774,3.16541097887772,3.75537603936889))
REPRESENTATION_ITEM('')
);
#127=(
BOUNDED_CURVE()
B_SPLINE_CURVE(2,(#2465,#2466,#2467),.UNSPECIFIED.,.F.,.F.)
B_SPLINE_CURVE_WITH_KNOTS((3,3),(1.90892241026881,1.96592742114845),
 .UNSPECIFIED.)
CURVE()
GEOMETRIC_REPRESENTATION_ITEM()
RATIONAL_B_SPLINE_CURVE((2.63032429949713,2.1948944487722,1.73200477132537))
REPRESENTATION_ITEM('')
);
#128=(
BOUNDED_CURVE()
B_SPLINE_CURVE(2,(#2764,#2765,#2766),.UNSPECIFIED.,.F.,.F.)
B_SPLINE_CURVE_WITH_KNOTS((3,3),(0.29986282390999,1.10827418395967),
 .UNSPECIFIED.)
CURVE()
GEOMETRIC_REPRESENTATION_ITEM()
RATIONAL_B_SPLINE_CURVE((1.9700670965774,3.16541097887772,3.75537603936889))
REPRESENTATION_ITEM('')
);
#129=(
BOUNDED_CURVE()
B_SPLINE_CURVE(2,(#2800,#2801,#2802),.UNSPECIFIED.,.F.,.F.)
B_SPLINE_CURVE_WITH_KNOTS((3,3),(-2.60234797974036,-1.79805746801368),
 .UNSPECIFIED.)
CURVE()
GEOMETRIC_REPRESENTATION_ITEM()
RATIONAL_B_SPLINE_CURVE((1.75162158366374,2.21520520583342,2.32044033574995))
REPRESENTATION_ITEM('')
);
#130=(
BOUNDED_CURVE()
B_SPLINE_CURVE(2,(#2851,#2852,#2853),.UNSPECIFIED.,.F.,.F.)
B_SPLINE_CURVE_WITH_KNOTS((3,3),(1.90892241026881,1.96592742114845),
 .UNSPECIFIED.)
CURVE()
GEOMETRIC_REPRESENTATION_ITEM()
RATIONAL_B_SPLINE_CURVE((2.63032429949713,2.1948944487722,1.73200477132537))
REPRESENTATION_ITEM('')
);
#131=FACE_BOUND('',#304,.T.);
#132=FACE_BOUND('',#305,.T.);
#133=FACE_BOUND('',#342,.T.);
#134=FACE_BOUND('',#343,.T.);
#135=FACE_BOUND('',#359,.T.);
#136=FACE_BOUND('',#360,.T.);
#137=FACE_BOUND('',#395,.T.);
#138=FACE_BOUND('',#396,.T.);
#139=PLANE('',#1757);
#140=PLANE('',#1758);
#141=PLANE('',#1759);
#142=PLANE('',#1760);
#143=PLANE('',#1761);
#144=PLANE('',#1762);
#145=PLANE('',#1763);
#146=PLANE('',#1764);
#147=PLANE('',#1765);
#148=PLANE('',#1766);
#149=PLANE('',#1767);
#150=PLANE('',#1769);
#151=PLANE('',#1770);
#152=PLANE('',#1771);
#153=PLANE('',#1772);
#154=PLANE('',#1774);
#155=PLANE('',#1776);
#156=PLANE('',#1777);
#157=PLANE('',#1780);
#158=PLANE('',#1788);
#159=PLANE('',#1789);
#160=PLANE('',#1792);
#161=PLANE('',#1796);
#162=PLANE('',#1797);
#163=PLANE('',#1800);
#164=PLANE('',#1803);
#165=PLANE('',#1804);
#166=PLANE('',#1806);
#167=PLANE('',#1807);
#168=PLANE('',#1808);
#169=PLANE('',#1809);
#170=PLANE('',#1816);
#171=PLANE('',#1817);
#172=PLANE('',#1818);
#173=PLANE('',#1819);
#174=PLANE('',#1820);
#175=PLANE('',#1821);
#176=PLANE('',#1822);
#177=PLANE('',#1823);
#178=PLANE('',#1824);
#179=PLANE('',#1825);
#180=PLANE('',#1826);
#181=PLANE('',#1827);
#182=PLANE('',#1828);
#183=PLANE('',#1829);
#184=PLANE('',#1830);
#185=PLANE('',#1831);
#186=PLANE('',#1832);
#187=PLANE('',#1833);
#188=PLANE('',#1834);
#189=PLANE('',#1836);
#190=PLANE('',#1838);
#191=PLANE('',#1839);
#192=PLANE('',#1843);
#193=PLANE('',#1844);
#194=PLANE('',#1846);
#195=PLANE('',#1847);
#196=PLANE('',#1849);
#197=PLANE('',#1852);
#198=PLANE('',#1860);
#199=PLANE('',#1861);
#200=PLANE('',#1863);
#201=PLANE('',#1867);
#202=PLANE('',#1868);
#203=PLANE('',#1870);
#204=PLANE('',#1871);
#205=PLANE('',#1873);
#206=PLANE('',#1874);
#207=PLANE('',#1875);
#208=FACE_OUTER_BOUND('',#299,.T.);
#209=FACE_OUTER_BOUND('',#300,.T.);
#210=FACE_OUTER_BOUND('',#301,.T.);
#211=FACE_OUTER_BOUND('',#302,.T.);
#212=FACE_OUTER_BOUND('',#303,.T.);
#213=FACE_OUTER_BOUND('',#306,.T.);
#214=FACE_OUTER_BOUND('',#307,.T.);
#215=FACE_OUTER_BOUND('',#308,.T.);
#216=FACE_OUTER_BOUND('',#309,.T.);
#217=FACE_OUTER_BOUND('',#310,.T.);
#218=FACE_OUTER_BOUND('',#311,.T.);
#219=FACE_OUTER_BOUND('',#312,.T.);
#220=FACE_OUTER_BOUND('',#313,.T.);
#221=FACE_OUTER_BOUND('',#314,.T.);
#222=FACE_OUTER_BOUND('',#315,.T.);
#223=FACE_OUTER_BOUND('',#316,.T.);
#224=FACE_OUTER_BOUND('',#317,.T.);
#225=FACE_OUTER_BOUND('',#318,.T.);
#226=FACE_OUTER_BOUND('',#319,.T.);
#227=FACE_OUTER_BOUND('',#320,.T.);
#228=FACE_OUTER_BOUND('',#321,.T.);
#229=FACE_OUTER_BOUND('',#322,.T.);
#230=FACE_OUTER_BOUND('',#323,.T.);
#231=FACE_OUTER_BOUND('',#324,.T.);
#232=FACE_OUTER_BOUND('',#325,.T.);
#233=FACE_OUTER_BOUND('',#326,.T.);
#234=FACE_OUTER_BOUND('',#327,.T.);
#235=FACE_OUTER_BOUND('',#328,.T.);
#236=FACE_OUTER_BOUND('',#329,.T.);
#237=FACE_OUTER_BOUND('',#330,.T.);
#238=FACE_OUTER_BOUND('',#331,.T.);
#239=FACE_OUTER_BOUND('',#332,.T.);
#240=FACE_OUTER_BOUND('',#333,.T.);
#241=FACE_OUTER_BOUND('',#334,.T.);
#242=FACE_OUTER_BOUND('',#335,.T.);
#243=FACE_OUTER_BOUND('',#336,.T.);
#244=FACE_OUTER_BOUND('',#337,.T.);
#245=FACE_OUTER_BOUND('',#338,.T.);
#246=FACE_OUTER_BOUND('',#339,.T.);
#247=FACE_OUTER_BOUND('',#340,.T.);
#248=FACE_OUTER_BOUND('',#341,.T.);
#249=FACE_OUTER_BOUND('',#344,.T.);
#250=FACE_OUTER_BOUND('',#345,.T.);
#251=FACE_OUTER_BOUND('',#346,.T.);
#252=FACE_OUTER_BOUND('',#347,.T.);
#253=FACE_OUTER_BOUND('',#348,.T.);
#254=FACE_OUTER_BOUND('',#349,.T.);
#255=FACE_OUTER_BOUND('',#350,.T.);
#256=FACE_OUTER_BOUND('',#351,.T.);
#257=FACE_OUTER_BOUND('',#352,.T.);
#258=FACE_OUTER_BOUND('',#353,.T.);
#259=FACE_OUTER_BOUND('',#354,.T.);
#260=FACE_OUTER_BOUND('',#355,.T.);
#261=FACE_OUTER_BOUND('',#356,.T.);
#262=FACE_OUTER_BOUND('',#357,.T.);
#263=FACE_OUTER_BOUND('',#358,.T.);
#264=FACE_OUTER_BOUND('',#361,.T.);
#265=FACE_OUTER_BOUND('',#362,.T.);
#266=FACE_OUTER_BOUND('',#363,.T.);
#267=FACE_OUTER_BOUND('',#364,.T.);
#268=FACE_OUTER_BOUND('',#365,.T.);
#269=FACE_OUTER_BOUND('',#366,.T.);
#270=FACE_OUTER_BOUND('',#367,.T.);
#271=FACE_OUTER_BOUND('',#368,.T.);
#272=FACE_OUTER_BOUND('',#369,.T.);
#273=FACE_OUTER_BOUND('',#370,.T.);
#274=FACE_OUTER_BOUND('',#371,.T.);
#275=FACE_OUTER_BOUND('',#372,.T.);
#276=FACE_OUTER_BOUND('',#373,.T.);
#277=FACE_OUTER_BOUND('',#374,.T.);
#278=FACE_OUTER_BOUND('',#375,.T.);
#279=FACE_OUTER_BOUND('',#376,.T.);
#280=FACE_OUTER_BOUND('',#377,.T.);
#281=FACE_OUTER_BOUND('',#378,.T.);
#282=FACE_OUTER_BOUND('',#379,.T.);
#283=FACE_OUTER_BOUND('',#380,.T.);
#284=FACE_OUTER_BOUND('',#381,.T.);
#285=FACE_OUTER_BOUND('',#382,.T.);
#286=FACE_OUTER_BOUND('',#383,.T.);
#287=FACE_OUTER_BOUND('',#384,.T.);
#288=FACE_OUTER_BOUND('',#385,.T.);
#289=FACE_OUTER_BOUND('',#386,.T.);
#290=FACE_OUTER_BOUND('',#387,.T.);
#291=FACE_OUTER_BOUND('',#388,.T.);
#292=FACE_OUTER_BOUND('',#389,.T.);
#293=FACE_OUTER_BOUND('',#390,.T.);
#294=FACE_OUTER_BOUND('',#391,.T.);
#295=FACE_OUTER_BOUND('',#392,.T.);
#296=FACE_OUTER_BOUND('',#393,.T.);
#297=FACE_OUTER_BOUND('',#394,.T.);
#298=FACE_OUTER_BOUND('',#397,.T.);
#299=EDGE_LOOP('',(#1150,#1151,#1152,#1153));
#300=EDGE_LOOP('',(#1154,#1155,#1156,#1157));
#301=EDGE_LOOP('',(#1158,#1159,#1160,#1161,#1162));
#302=EDGE_LOOP('',(#1163,#1164,#1165,#1166));
#303=EDGE_LOOP('',(#1167,#1168,#1169,#1170));
#304=EDGE_LOOP('',(#1171));
#305=EDGE_LOOP('',(#1172));
#306=EDGE_LOOP('',(#1173,#1174,#1175,#1176,#1177,#1178,#1179));
#307=EDGE_LOOP('',(#1180,#1181,#1182,#1183));
#308=EDGE_LOOP('',(#1184,#1185,#1186,#1187));
#309=EDGE_LOOP('',(#1188,#1189,#1190,#1191,#1192,#1193));
#310=EDGE_LOOP('',(#1194,#1195,#1196));
#311=EDGE_LOOP('',(#1197,#1198,#1199,#1200,#1201));
#312=EDGE_LOOP('',(#1202,#1203,#1204));
#313=EDGE_LOOP('',(#1205,#1206,#1207,#1208));
#314=EDGE_LOOP('',(#1209,#1210,#1211,#1212,#1213,#1214));
#315=EDGE_LOOP('',(#1215,#1216,#1217,#1218));
#316=EDGE_LOOP('',(#1219,#1220,#1221,#1222));
#317=EDGE_LOOP('',(#1223,#1224,#1225,#1226,#1227,#1228,#1229,#1230,#1231,
#1232,#1233,#1234));
#318=EDGE_LOOP('',(#1235,#1236,#1237,#1238));
#319=EDGE_LOOP('',(#1239,#1240,#1241));
#320=EDGE_LOOP('',(#1242,#1243,#1244,#1245,#1246));
#321=EDGE_LOOP('',(#1247,#1248,#1249,#1250,#1251,#1252));
#322=EDGE_LOOP('',(#1253,#1254,#1255,#1256,#1257));
#323=EDGE_LOOP('',(#1258,#1259,#1260,#1261));
#324=EDGE_LOOP('',(#1262,#1263,#1264,#1265,#1266,#1267,#1268));
#325=EDGE_LOOP('',(#1269,#1270,#1271,#1272,#1273,#1274,#1275,#1276,#1277,
#1278));
#326=EDGE_LOOP('',(#1279,#1280,#1281,#1282));
#327=EDGE_LOOP('',(#1283,#1284,#1285,#1286,#1287));
#328=EDGE_LOOP('',(#1288,#1289,#1290,#1291));
#329=EDGE_LOOP('',(#1292,#1293,#1294,#1295,#1296));
#330=EDGE_LOOP('',(#1297,#1298,#1299,#1300));
#331=EDGE_LOOP('',(#1301,#1302,#1303,#1304,#1305,#1306));
#332=EDGE_LOOP('',(#1307,#1308,#1309,#1310,#1311));
#333=EDGE_LOOP('',(#1312,#1313,#1314,#1315,#1316,#1317,#1318,#1319,#1320,
#1321,#1322,#1323));
#334=EDGE_LOOP('',(#1324,#1325,#1326,#1327));
#335=EDGE_LOOP('',(#1328,#1329,#1330,#1331));
#336=EDGE_LOOP('',(#1332,#1333,#1334,#1335));
#337=EDGE_LOOP('',(#1336,#1337,#1338,#1339));
#338=EDGE_LOOP('',(#1340,#1341,#1342,#1343,#1344));
#339=EDGE_LOOP('',(#1345,#1346,#1347,#1348,#1349,#1350));
#340=EDGE_LOOP('',(#1351,#1352,#1353,#1354,#1355));
#341=EDGE_LOOP('',(#1356,#1357,#1358,#1359));
#342=EDGE_LOOP('',(#1360));
#343=EDGE_LOOP('',(#1361));
#344=EDGE_LOOP('',(#1362,#1363,#1364,#1365));
#345=EDGE_LOOP('',(#1366,#1367,#1368,#1369));
#346=EDGE_LOOP('',(#1370,#1371,#1372,#1373));
#347=EDGE_LOOP('',(#1374,#1375,#1376,#1377));
#348=EDGE_LOOP('',(#1378,#1379,#1380,#1381,#1382,#1383,#1384,#1385));
#349=EDGE_LOOP('',(#1386,#1387,#1388,#1389,#1390,#1391));
#350=EDGE_LOOP('',(#1392,#1393,#1394,#1395,#1396,#1397));
#351=EDGE_LOOP('',(#1398,#1399,#1400));
#352=EDGE_LOOP('',(#1401,#1402,#1403,#1404));
#353=EDGE_LOOP('',(#1405,#1406,#1407,#1408,#1409));
#354=EDGE_LOOP('',(#1410,#1411,#1412,#1413));
#355=EDGE_LOOP('',(#1414,#1415,#1416,#1417));
#356=EDGE_LOOP('',(#1418,#1419,#1420,#1421,#1422,#1423));
#357=EDGE_LOOP('',(#1424,#1425,#1426,#1427,#1428));
#358=EDGE_LOOP('',(#1429,#1430,#1431,#1432));
#359=EDGE_LOOP('',(#1433));
#360=EDGE_LOOP('',(#1434));
#361=EDGE_LOOP('',(#1435,#1436,#1437,#1438));
#362=EDGE_LOOP('',(#1439,#1440,#1441));
#363=EDGE_LOOP('',(#1442,#1443,#1444));
#364=EDGE_LOOP('',(#1445,#1446,#1447,#1448));
#365=EDGE_LOOP('',(#1449,#1450,#1451));
#366=EDGE_LOOP('',(#1452,#1453,#1454,#1455));
#367=EDGE_LOOP('',(#1456,#1457,#1458,#1459,#1460,#1461,#1462,#1463,#1464,
#1465,#1466,#1467));
#368=EDGE_LOOP('',(#1468,#1469,#1470,#1471));
#369=EDGE_LOOP('',(#1472,#1473,#1474,#1475,#1476));
#370=EDGE_LOOP('',(#1477,#1478,#1479,#1480,#1481,#1482,#1483,#1484,#1485,
#1486,#1487,#1488,#1489));
#371=EDGE_LOOP('',(#1490,#1491,#1492,#1493,#1494,#1495,#1496));
#372=EDGE_LOOP('',(#1497,#1498,#1499,#1500));
#373=EDGE_LOOP('',(#1501,#1502,#1503));
#374=EDGE_LOOP('',(#1504,#1505,#1506,#1507,#1508));
#375=EDGE_LOOP('',(#1509,#1510,#1511,#1512));
#376=EDGE_LOOP('',(#1513,#1514,#1515,#1516,#1517,#1518));
#377=EDGE_LOOP('',(#1519,#1520,#1521,#1522,#1523));
#378=EDGE_LOOP('',(#1524,#1525,#1526,#1527));
#379=EDGE_LOOP('',(#1528,#1529,#1530,#1531,#1532,#1533,#1534));
#380=EDGE_LOOP('',(#1535,#1536,#1537,#1538,#1539,#1540,#1541,#1542,#1543,
#1544));
#381=EDGE_LOOP('',(#1545,#1546,#1547,#1548));
#382=EDGE_LOOP('',(#1549,#1550,#1551,#1552,#1553));
#383=EDGE_LOOP('',(#1554,#1555,#1556,#1557));
#384=EDGE_LOOP('',(#1558,#1559,#1560,#1561,#1562));
#385=EDGE_LOOP('',(#1563,#1564,#1565,#1566));
#386=EDGE_LOOP('',(#1567,#1568,#1569,#1570,#1571,#1572));
#387=EDGE_LOOP('',(#1573,#1574,#1575,#1576));
#388=EDGE_LOOP('',(#1577,#1578,#1579,#1580));
#389=EDGE_LOOP('',(#1581,#1582,#1583,#1584));
#390=EDGE_LOOP('',(#1585,#1586,#1587,#1588));
#391=EDGE_LOOP('',(#1589,#1590,#1591,#1592));
#392=EDGE_LOOP('',(#1593,#1594,#1595,#1596,#1597));
#393=EDGE_LOOP('',(#1598,#1599,#1600,#1601,#1602,#1603));
#394=EDGE_LOOP('',(#1604,#1605,#1606,#1607,#1608));
#395=EDGE_LOOP('',(#1609));
#396=EDGE_LOOP('',(#1610));
#397=EDGE_LOOP('',(#1611,#1612,#1613,#1614,#1615,#1616,#1617));
#398=LINE('',#2310,#572);
#399=LINE('',#2316,#573);
#400=LINE('',#2321,#574);
#401=LINE('',#2323,#575);
#402=LINE('',#2325,#576);
#403=LINE('',#2327,#577);
#404=LINE('',#2328,#578);
#405=LINE('',#2331,#579);
#406=LINE('',#2333,#580);
#407=LINE('',#2334,#581);
#408=LINE('',#2337,#582);
#409=LINE('',#2339,#583);
#410=LINE('',#2340,#584);
#411=LINE('',#2343,#585);
#412=LINE('',#2345,#586);
#413=LINE('',#2347,#587);
#414=LINE('',#2348,#588);
#415=LINE('',#2351,#589);
#416=LINE('',#2352,#590);
#417=LINE('',#2355,#591);
#418=LINE('',#2357,#592);
#419=LINE('',#2358,#593);
#420=LINE('',#2362,#594);
#421=LINE('',#2364,#595);
#422=LINE('',#2365,#596);
#423=LINE('',#2366,#597);
#424=LINE('',#2369,#598);
#425=LINE('',#2370,#599);
#426=LINE('',#2374,#600);
#427=LINE('',#2375,#601);
#428=LINE('',#2376,#602);
#429=LINE('',#2379,#603);
#430=LINE('',#2381,#604);
#431=LINE('',#2382,#605);
#432=LINE('',#2385,#606);
#433=LINE('',#2388,#607);
#434=LINE('',#2391,#608);
#435=LINE('',#2393,#609);
#436=LINE('',#2395,#610);
#437=LINE('',#2400,#611);
#438=LINE('',#2403,#612);
#439=LINE('',#2404,#613);
#440=LINE('',#2411,#614);
#441=LINE('',#2414,#615);
#442=LINE('',#2416,#616);
#443=LINE('',#2418,#617);
#444=LINE('',#2419,#618);
#445=LINE('',#2423,#619);
#446=LINE('',#2427,#620);
#447=LINE('',#2451,#621);
#448=LINE('',#2454,#622);
#449=LINE('',#2456,#623);
#450=LINE('',#2457,#624);
#451=LINE('',#2460,#625);
#452=LINE('',#2462,#626);
#453=LINE('',#2464,#627);
#454=LINE('',#2472,#628);
#455=LINE('',#2474,#629);
#456=LINE('',#2475,#630);
#457=LINE('',#2587,#631);
#458=LINE('',#2588,#632);
#459=LINE('',#2592,#633);
#460=LINE('',#2593,#634);
#461=LINE('',#2594,#635);
#462=LINE('',#2597,#636);
#463=LINE('',#2600,#637);
#464=LINE('',#2606,#638);
#465=LINE('',#2608,#639);
#466=LINE('',#2609,#640);
#467=LINE('',#2614,#641);
#468=LINE('',#2616,#642);
#469=LINE('',#2619,#643);
#470=LINE('',#2623,#644);
#471=LINE('',#2624,#645);
#472=LINE('',#2626,#646);
#473=LINE('',#2627,#647);
#474=LINE('',#2632,#648);
#475=LINE('',#2634,#649);
#476=LINE('',#2640,#650);
#477=LINE('',#2646,#651);
#478=LINE('',#2651,#652);
#479=LINE('',#2653,#653);
#480=LINE('',#2655,#654);
#481=LINE('',#2656,#655);
#482=LINE('',#2659,#656);
#483=LINE('',#2661,#657);
#484=LINE('',#2663,#658);
#485=LINE('',#2665,#659);
#486=LINE('',#2667,#660);
#487=LINE('',#2669,#661);
#488=LINE('',#2670,#662);
#489=LINE('',#2673,#663);
#490=LINE('',#2675,#664);
#491=LINE('',#2677,#665);
#492=LINE('',#2679,#666);
#493=LINE('',#2680,#667);
#494=LINE('',#2683,#668);
#495=LINE('',#2685,#669);
#496=LINE('',#2687,#670);
#497=LINE('',#2689,#671);
#498=LINE('',#2690,#672);
#499=LINE('',#2693,#673);
#500=LINE('',#2694,#674);
#501=LINE('',#2697,#675);
#502=LINE('',#2698,#676);
#503=LINE('',#2701,#677);
#504=LINE('',#2703,#678);
#505=LINE('',#2704,#679);
#506=LINE('',#2706,#680);
#507=LINE('',#2709,#681);
#508=LINE('',#2711,#682);
#509=LINE('',#2712,#683);
#510=LINE('',#2714,#684);
#511=LINE('',#2715,#685);
#512=LINE('',#2718,#686);
#513=LINE('',#2721,#687);
#514=LINE('',#2723,#688);
#515=LINE('',#2724,#689);
#516=LINE('',#2727,#690);
#517=LINE('',#2729,#691);
#518=LINE('',#2730,#692);
#519=LINE('',#2732,#693);
#520=LINE('',#2735,#694);
#521=LINE('',#2737,#695);
#522=LINE('',#2739,#696);
#523=LINE('',#2740,#697);
#524=LINE('',#2743,#698);
#525=LINE('',#2745,#699);
#526=LINE('',#2746,#700);
#527=LINE('',#2749,#701);
#528=LINE('',#2751,#702);
#529=LINE('',#2752,#703);
#530=LINE('',#2755,#704);
#531=LINE('',#2756,#705);
#532=LINE('',#2758,#706);
#533=LINE('',#2762,#707);
#534=LINE('',#2767,#708);
#535=LINE('',#2770,#709);
#536=LINE('',#2774,#710);
#537=LINE('',#2775,#711);
#538=LINE('',#2778,#712);
#539=LINE('',#2780,#713);
#540=LINE('',#2784,#714);
#541=LINE('',#2786,#715);
#542=LINE('',#2788,#716);
#543=LINE('',#2792,#717);
#544=LINE('',#2794,#718);
#545=LINE('',#2798,#719);
#546=LINE('',#2804,#720);
#547=LINE('',#2806,#721);
#548=LINE('',#2807,#722);
#549=LINE('',#2811,#723);
#550=LINE('',#2821,#724);
#551=LINE('',#2832,#725);
#552=LINE('',#2841,#726);
#553=LINE('',#2843,#727);
#554=LINE('',#2844,#728);
#555=LINE('',#2849,#729);
#556=LINE('',#2855,#730);
#557=LINE('',#2856,#731);
#558=LINE('',#2861,#732);
#559=LINE('',#2863,#733);
#560=LINE('',#2864,#734);
#561=LINE('',#2976,#735);
#562=LINE('',#2977,#736);
#563=LINE('',#2979,#737);
#564=LINE('',#2980,#738);
#565=LINE('',#2982,#739);
#566=LINE('',#2988,#740);
#567=LINE('',#2991,#741);
#568=LINE('',#2992,#742);
#569=LINE('',#2994,#743);
#570=LINE('',#2995,#744);
#571=LINE('',#3000,#745);
#572=VECTOR('',#1883,1.65);
#573=VECTOR('',#1890,1.65);
#574=VECTOR('',#1895,10.);
#575=VECTOR('',#1896,10.);
#576=VECTOR('',#1897,10.);
#577=VECTOR('',#1898,10.);
#578=VECTOR('',#1899,10.);
#579=VECTOR('',#1902,10.);
#580=VECTOR('',#1903,10.);
#581=VECTOR('',#1904,10.);
#582=VECTOR('',#1907,10.);
#583=VECTOR('',#1908,10.);
#584=VECTOR('',#1909,10.);
#585=VECTOR('',#1912,10.);
#586=VECTOR('',#1913,10.);
#587=VECTOR('',#1914,10.);
#588=VECTOR('',#1915,10.);
#589=VECTOR('',#1918,10.);
#590=VECTOR('',#1919,10.);
#591=VECTOR('',#1922,10.);
#592=VECTOR('',#1923,10.);
#593=VECTOR('',#1924,10.);
#594=VECTOR('',#1927,10.);
#595=VECTOR('',#1928,10.);
#596=VECTOR('',#1929,10.);
#597=VECTOR('',#1930,10.);
#598=VECTOR('',#1933,10.);
#599=VECTOR('',#1934,10.);
#600=VECTOR('',#1937,10.);
#601=VECTOR('',#1938,10.);
#602=VECTOR('',#1939,10.);
#603=VECTOR('',#1942,10.);
#604=VECTOR('',#1943,10.);
#605=VECTOR('',#1944,10.);
#606=VECTOR('',#1947,5.87462547575866);
#607=VECTOR('',#1950,10.6107444508263);
#608=VECTOR('',#1953,8.20550904812502);
#609=VECTOR('',#1954,11.5319373397948);
#610=VECTOR('',#1955,0.743826358896904);
#611=VECTOR('',#1958,20.3366668577278);
#612=VECTOR('',#1961,20.3366668577278);
#613=VECTOR('',#1962,2.);
#614=VECTOR('',#1965,11.8606703376903);
#615=VECTOR('',#1968,12.3261697288493);
#616=VECTOR('',#1969,10.);
#617=VECTOR('',#1970,10.);
#618=VECTOR('',#1971,10.);
#619=VECTOR('',#1974,11.8150838046865);
#620=VECTOR('',#1977,7.78509723719721);
#621=VECTOR('',#1978,0.0133979508579532);
#622=VECTOR('',#1981,1.27715838525995);
#623=VECTOR('',#1982,13.5319373397948);
#624=VECTOR('',#1983,1.27715838525995);
#625=VECTOR('',#1986,11.8150838046865);
#626=VECTOR('',#1987,0.511054653185259);
#627=VECTOR('',#1988,9.00504516109065);
#628=VECTOR('',#1995,0.40765670232731);
#629=VECTOR('',#1996,11.8157603142137);
#630=VECTOR('',#1997,0.281219005486947);
#631=VECTOR('',#2014,0.766357518503674);
#632=VECTOR('',#2015,0.766357518503674);
#633=VECTOR('',#2018,0.42105465318526);
#634=VECTOR('',#2019,13.5319373397948);
#635=VECTOR('',#2020,13.5319373397948);
#636=VECTOR('',#2023,13.4998458886617);
#637=VECTOR('',#2028,0.12023227021033);
#638=VECTOR('',#2037,12.3349079551679);
#639=VECTOR('',#2038,2.);
#640=VECTOR('',#2039,12.3349079551679);
#641=VECTOR('',#2044,0.716716899758354);
#642=VECTOR('',#2045,0.0420951960992484);
#643=VECTOR('',#2048,0.0672360371208737);
#644=VECTOR('',#2055,12.8935303518761);
#645=VECTOR('',#2056,11.5741739257547);
#646=VECTOR('',#2059,12.1634155739991);
#647=VECTOR('',#2060,4.57403826678494);
#648=VECTOR('',#2069,10.);
#649=VECTOR('',#2072,10.);
#650=VECTOR('',#2079,1.65);
#651=VECTOR('',#2086,1.65);
#652=VECTOR('',#2091,10.);
#653=VECTOR('',#2092,10.);
#654=VECTOR('',#2093,10.);
#655=VECTOR('',#2094,10.);
#656=VECTOR('',#2097,10.);
#657=VECTOR('',#2098,10.);
#658=VECTOR('',#2099,10.);
#659=VECTOR('',#2100,10.);
#660=VECTOR('',#2101,10.);
#661=VECTOR('',#2102,10.);
#662=VECTOR('',#2103,10.);
#663=VECTOR('',#2106,10.);
#664=VECTOR('',#2107,10.);
#665=VECTOR('',#2108,10.);
#666=VECTOR('',#2109,10.);
#667=VECTOR('',#2110,10.);
#668=VECTOR('',#2113,10.);
#669=VECTOR('',#2114,10.);
#670=VECTOR('',#2115,10.);
#671=VECTOR('',#2116,10.);
#672=VECTOR('',#2117,10.);
#673=VECTOR('',#2120,10.);
#674=VECTOR('',#2121,10.);
#675=VECTOR('',#2124,10.);
#676=VECTOR('',#2125,10.);
#677=VECTOR('',#2128,10.);
#678=VECTOR('',#2129,10.);
#679=VECTOR('',#2130,10.);
#680=VECTOR('',#2133,10.);
#681=VECTOR('',#2136,10.);
#682=VECTOR('',#2137,10.);
#683=VECTOR('',#2138,10.);
#684=VECTOR('',#2141,10.);
#685=VECTOR('',#2142,10.);
#686=VECTOR('',#2147,10.);
#687=VECTOR('',#2150,10.);
#688=VECTOR('',#2151,10.);
#689=VECTOR('',#2152,10.);
#690=VECTOR('',#2155,10.);
#691=VECTOR('',#2156,10.);
#692=VECTOR('',#2157,10.);
#693=VECTOR('',#2160,10.);
#694=VECTOR('',#2163,10.);
#695=VECTOR('',#2164,10.);
#696=VECTOR('',#2165,10.);
#697=VECTOR('',#2166,10.);
#698=VECTOR('',#2169,10.);
#699=VECTOR('',#2170,10.);
#700=VECTOR('',#2171,10.);
#701=VECTOR('',#2174,10.);
#702=VECTOR('',#2175,10.);
#703=VECTOR('',#2176,10.);
#704=VECTOR('',#2179,10.);
#705=VECTOR('',#2180,10.);
#706=VECTOR('',#2181,12.3261697288493);
#707=VECTOR('',#2184,11.8606703376903);
#708=VECTOR('',#2185,10.6107444508263);
#709=VECTOR('',#2188,12.3349079551679);
#710=VECTOR('',#2193,12.3349079551679);
#711=VECTOR('',#2194,2.);
#712=VECTOR('',#2197,20.3366668577278);
#713=VECTOR('',#2198,1.27715838525995);
#714=VECTOR('',#2201,0.12023227021033);
#715=VECTOR('',#2202,0.42105465318526);
#716=VECTOR('',#2203,0.0672360371208737);
#717=VECTOR('',#2206,0.0420951960992484);
#718=VECTOR('',#2207,0.716716899758354);
#719=VECTOR('',#2212,5.87462547575866);
#720=VECTOR('',#2213,0.743826358896904);
#721=VECTOR('',#2214,11.5319373397948);
#722=VECTOR('',#2215,8.20550904812502);
#723=VECTOR('',#2218,11.8150838046865);
#724=VECTOR('',#2219,7.78509723719721);
#725=VECTOR('',#2222,0.0133979508579532);
#726=VECTOR('',#2225,2.);
#727=VECTOR('',#2226,1.27715838525995);
#728=VECTOR('',#2227,13.5319373397948);
#729=VECTOR('',#2234,11.8150838046865);
#730=VECTOR('',#2235,9.00504516109065);
#731=VECTOR('',#2236,0.511054653185259);
#732=VECTOR('',#2243,0.40765670232731);
#733=VECTOR('',#2244,0.281219005486947);
#734=VECTOR('',#2245,11.8157603142137);
#735=VECTOR('',#2262,0.766357518503674);
#736=VECTOR('',#2263,0.766357518503674);
#737=VECTOR('',#2266,13.5319373397948);
#738=VECTOR('',#2267,13.5319373397948);
#739=VECTOR('',#2270,13.4998458886617);
#740=VECTOR('',#2281,20.3366668577278);
#741=VECTOR('',#2286,11.5741739257547);
#742=VECTOR('',#2287,12.8935303518761);
#743=VECTOR('',#2290,12.1634155739991);
#744=VECTOR('',#2291,4.57403826678494);
#745=VECTOR('',#2300,10.);
#746=CIRCLE('',#1752,1.65);
#747=CIRCLE('',#1753,1.65);
#748=CIRCLE('',#1755,1.65);
#749=CIRCLE('',#1756,1.65);
#750=CIRCLE('',#1768,3.25);
#751=CIRCLE('',#1773,8037.09176354077);
#752=CIRCLE('',#1779,1.25);
#753=CIRCLE('',#1782,0.75);
#754=CIRCLE('',#1787,1.25);
#755=CIRCLE('',#1791,0.722841614740048);
#756=CIRCLE('',#1799,1.23389626792531);
#757=CIRCLE('',#1811,1.65);
#758=CIRCLE('',#1812,1.65);
#759=CIRCLE('',#1814,1.65);
#760=CIRCLE('',#1815,1.65);
#761=CIRCLE('',#1835,8037.09176354077);
#762=CIRCLE('',#1840,0.722841614740049);
#763=CIRCLE('',#1841,1.23389626792531);
#764=CIRCLE('',#1848,3.25);
#765=CIRCLE('',#1851,1.25);
#766=CIRCLE('',#1854,0.75);
#767=CIRCLE('',#1856,1.25);
#768=CIRCLE('',#1876,4.35609500948766);
#769=VERTEX_POINT('',#2307);
#770=VERTEX_POINT('',#2309);
#771=VERTEX_POINT('',#2313);
#772=VERTEX_POINT('',#2315);
#773=VERTEX_POINT('',#2319);
#774=VERTEX_POINT('',#2320);
#775=VERTEX_POINT('',#2322);
#776=VERTEX_POINT('',#2324);
#777=VERTEX_POINT('',#2326);
#778=VERTEX_POINT('',#2330);
#779=VERTEX_POINT('',#2332);
#780=VERTEX_POINT('',#2336);
#781=VERTEX_POINT('',#2338);
#782=VERTEX_POINT('',#2342);
#783=VERTEX_POINT('',#2344);
#784=VERTEX_POINT('',#2346);
#785=VERTEX_POINT('',#2350);
#786=VERTEX_POINT('',#2354);
#787=VERTEX_POINT('',#2356);
#788=VERTEX_POINT('',#2360);
#789=VERTEX_POINT('',#2361);
#790=VERTEX_POINT('',#2363);
#791=VERTEX_POINT('',#2368);
#792=VERTEX_POINT('',#2372);
#793=VERTEX_POINT('',#2373);
#794=VERTEX_POINT('',#2378);
#795=VERTEX_POINT('',#2380);
#796=VERTEX_POINT('',#2384);
#797=VERTEX_POINT('',#2386);
#798=VERTEX_POINT('',#2390);
#799=VERTEX_POINT('',#2392);
#800=VERTEX_POINT('',#2394);
#801=VERTEX_POINT('',#2402);
#802=VERTEX_POINT('',#2406);
#803=VERTEX_POINT('',#2410);
#804=VERTEX_POINT('',#2412);
#805=VERTEX_POINT('',#2415);
#806=VERTEX_POINT('',#2417);
#807=VERTEX_POINT('',#2421);
#808=VERTEX_POINT('',#2422);
#809=VERTEX_POINT('',#2424);
#810=VERTEX_POINT('',#2426);
#811=VERTEX_POINT('',#2443);
#812=VERTEX_POINT('',#2453);
#813=VERTEX_POINT('',#2455);
#814=VERTEX_POINT('',#2459);
#815=VERTEX_POINT('',#2461);
#816=VERTEX_POINT('',#2463);
#817=VERTEX_POINT('',#2471);
#818=VERTEX_POINT('',#2473);
#819=VERTEX_POINT('',#2477);
#820=VERTEX_POINT('',#2478);
#821=VERTEX_POINT('',#2492);
#822=VERTEX_POINT('',#2544);
#823=VERTEX_POINT('',#2545);
#824=VERTEX_POINT('',#2556);
#825=VERTEX_POINT('',#2558);
#826=VERTEX_POINT('',#2571);
#827=VERTEX_POINT('',#2574);
#828=VERTEX_POINT('',#2590);
#829=VERTEX_POINT('',#2591);
#830=VERTEX_POINT('',#2596);
#831=VERTEX_POINT('',#2605);
#832=VERTEX_POINT('',#2607);
#833=VERTEX_POINT('',#2611);
#834=VERTEX_POINT('',#2613);
#835=VERTEX_POINT('',#2615);
#836=VERTEX_POINT('',#2617);
#837=VERTEX_POINT('',#2637);
#838=VERTEX_POINT('',#2639);
#839=VERTEX_POINT('',#2643);
#840=VERTEX_POINT('',#2645);
#841=VERTEX_POINT('',#2649);
#842=VERTEX_POINT('',#2650);
#843=VERTEX_POINT('',#2652);
#844=VERTEX_POINT('',#2654);
#845=VERTEX_POINT('',#2658);
#846=VERTEX_POINT('',#2660);
#847=VERTEX_POINT('',#2662);
#848=VERTEX_POINT('',#2664);
#849=VERTEX_POINT('',#2666);
#850=VERTEX_POINT('',#2668);
#851=VERTEX_POINT('',#2672);
#852=VERTEX_POINT('',#2674);
#853=VERTEX_POINT('',#2676);
#854=VERTEX_POINT('',#2678);
#855=VERTEX_POINT('',#2682);
#856=VERTEX_POINT('',#2684);
#857=VERTEX_POINT('',#2686);
#858=VERTEX_POINT('',#2688);
#859=VERTEX_POINT('',#2692);
#860=VERTEX_POINT('',#2696);
#861=VERTEX_POINT('',#2700);
#862=VERTEX_POINT('',#2702);
#863=VERTEX_POINT('',#2708);
#864=VERTEX_POINT('',#2710);
#865=VERTEX_POINT('',#2720);
#866=VERTEX_POINT('',#2722);
#867=VERTEX_POINT('',#2726);
#868=VERTEX_POINT('',#2728);
#869=VERTEX_POINT('',#2734);
#870=VERTEX_POINT('',#2736);
#871=VERTEX_POINT('',#2738);
#872=VERTEX_POINT('',#2742);
#873=VERTEX_POINT('',#2744);
#874=VERTEX_POINT('',#2748);
#875=VERTEX_POINT('',#2750);
#876=VERTEX_POINT('',#2754);
#877=VERTEX_POINT('',#2757);
#878=VERTEX_POINT('',#2759);
#879=VERTEX_POINT('',#2761);
#880=VERTEX_POINT('',#2763);
#881=VERTEX_POINT('',#2769);
#882=VERTEX_POINT('',#2773);
#883=VERTEX_POINT('',#2777);
#884=VERTEX_POINT('',#2779);
#885=VERTEX_POINT('',#2781);
#886=VERTEX_POINT('',#2783);
#887=VERTEX_POINT('',#2785);
#888=VERTEX_POINT('',#2787);
#889=VERTEX_POINT('',#2789);
#890=VERTEX_POINT('',#2791);
#891=VERTEX_POINT('',#2793);
#892=VERTEX_POINT('',#2797);
#893=VERTEX_POINT('',#2799);
#894=VERTEX_POINT('',#2803);
#895=VERTEX_POINT('',#2805);
#896=VERTEX_POINT('',#2809);
#897=VERTEX_POINT('',#2810);
#898=VERTEX_POINT('',#2812);
#899=VERTEX_POINT('',#2820);
#900=VERTEX_POINT('',#2831);
#901=VERTEX_POINT('',#2842);
#902=VERTEX_POINT('',#2848);
#903=VERTEX_POINT('',#2850);
#904=VERTEX_POINT('',#2854);
#905=VERTEX_POINT('',#2860);
#906=VERTEX_POINT('',#2862);
#907=VERTEX_POINT('',#2866);
#908=VERTEX_POINT('',#2867);
#909=VERTEX_POINT('',#2877);
#910=VERTEX_POINT('',#2933);
#911=VERTEX_POINT('',#2934);
#912=VERTEX_POINT('',#2945);
#913=VERTEX_POINT('',#2957);
#914=VERTEX_POINT('',#2959);
#915=VERTEX_POINT('',#2961);
#916=EDGE_CURVE('',#769,#769,#746,.T.);
#917=EDGE_CURVE('',#769,#770,#398,.T.);
#918=EDGE_CURVE('',#770,#770,#747,.T.);
#919=EDGE_CURVE('',#771,#771,#748,.T.);
#920=EDGE_CURVE('',#771,#772,#399,.T.);
#921=EDGE_CURVE('',#772,#772,#749,.T.);
#922=EDGE_CURVE('',#773,#774,#400,.T.);
#923=EDGE_CURVE('',#775,#774,#401,.T.);
#924=EDGE_CURVE('',#776,#775,#402,.T.);
#925=EDGE_CURVE('',#777,#776,#403,.T.);
#926=EDGE_CURVE('',#773,#777,#404,.T.);
#927=EDGE_CURVE('',#775,#778,#405,.T.);
#928=EDGE_CURVE('',#774,#779,#406,.T.);
#929=EDGE_CURVE('',#778,#779,#407,.T.);
#930=EDGE_CURVE('',#780,#777,#408,.T.);
#931=EDGE_CURVE('',#780,#781,#409,.T.);
#932=EDGE_CURVE('',#781,#773,#410,.T.);
#933=EDGE_CURVE('',#782,#781,#411,.T.);
#934=EDGE_CURVE('',#783,#782,#412,.T.);
#935=EDGE_CURVE('',#784,#783,#413,.T.);
#936=EDGE_CURVE('',#779,#784,#414,.T.);
#937=EDGE_CURVE('',#776,#785,#415,.T.);
#938=EDGE_CURVE('',#785,#780,#416,.T.);
#939=EDGE_CURVE('',#786,#776,#417,.T.);
#940=EDGE_CURVE('',#787,#786,#418,.T.);
#941=EDGE_CURVE('',#785,#787,#419,.T.);
#942=EDGE_CURVE('',#788,#789,#420,.T.);
#943=EDGE_CURVE('',#790,#789,#421,.T.);
#944=EDGE_CURVE('',#778,#790,#422,.T.);
#945=EDGE_CURVE('',#788,#784,#423,.T.);
#946=EDGE_CURVE('',#790,#791,#424,.T.);
#947=EDGE_CURVE('',#789,#791,#425,.T.);
#948=EDGE_CURVE('',#792,#793,#426,.T.);
#949=EDGE_CURVE('',#780,#793,#427,.T.);
#950=EDGE_CURVE('',#792,#787,#428,.T.);
#951=EDGE_CURVE('',#791,#794,#429,.T.);
#952=EDGE_CURVE('',#795,#794,#430,.T.);
#953=EDGE_CURVE('',#791,#795,#431,.T.);
#954=EDGE_CURVE('',#787,#796,#432,.T.);
#955=EDGE_CURVE('',#796,#797,#750,.F.);
#956=EDGE_CURVE('',#797,#792,#433,.T.);
#957=EDGE_CURVE('',#786,#798,#434,.T.);
#958=EDGE_CURVE('',#799,#798,#435,.T.);
#959=EDGE_CURVE('',#800,#799,#436,.T.);
#960=EDGE_CURVE('',#796,#800,#125,.T.);
#961=EDGE_CURVE('',#798,#775,#437,.T.);
#962=EDGE_CURVE('',#801,#778,#438,.T.);
#963=EDGE_CURVE('',#798,#801,#439,.T.);
#964=EDGE_CURVE('',#797,#802,#126,.T.);
#965=EDGE_CURVE('',#803,#802,#440,.T.);
#966=EDGE_CURVE('',#804,#803,#751,.T.);
#967=EDGE_CURVE('',#804,#794,#441,.T.);
#968=EDGE_CURVE('',#805,#788,#442,.T.);
#969=EDGE_CURVE('',#806,#805,#443,.T.);
#970=EDGE_CURVE('',#793,#806,#444,.T.);
#971=EDGE_CURVE('',#807,#808,#445,.F.);
#972=EDGE_CURVE('',#808,#809,#111,.F.);
#973=EDGE_CURVE('',#810,#809,#446,.F.);
#974=EDGE_CURVE('',#807,#810,#93,.T.);
#975=EDGE_CURVE('',#810,#811,#94,.T.);
#976=EDGE_CURVE('',#807,#811,#447,.T.);
#977=EDGE_CURVE('',#812,#801,#448,.T.);
#978=EDGE_CURVE('',#813,#812,#449,.F.);
#979=EDGE_CURVE('',#799,#813,#450,.T.);
#980=EDGE_CURVE('',#814,#813,#451,.T.);
#981=EDGE_CURVE('',#814,#815,#452,.F.);
#982=EDGE_CURVE('',#815,#816,#453,.T.);
#983=EDGE_CURVE('',#816,#800,#127,.T.);
#984=EDGE_CURVE('',#802,#816,#752,.T.);
#985=EDGE_CURVE('',#817,#807,#454,.T.);
#986=EDGE_CURVE('',#817,#818,#455,.F.);
#987=EDGE_CURVE('',#818,#808,#456,.F.);
#988=EDGE_CURVE('',#819,#820,#753,.F.);
#989=EDGE_CURVE('',#819,#814,#95,.T.);
#990=EDGE_CURVE('',#821,#813,#96,.F.);
#991=EDGE_CURVE('',#821,#810,#97,.T.);
#992=EDGE_CURVE('',#809,#820,#98,.T.);
#993=EDGE_CURVE('',#822,#823,#99,.T.);
#994=EDGE_CURVE('',#823,#824,#112,.T.);
#995=EDGE_CURVE('',#824,#825,#100,.T.);
#996=EDGE_CURVE('',#825,#826,#113,.T.);
#997=EDGE_CURVE('',#826,#803,#114,.T.);
#998=EDGE_CURVE('',#815,#827,#101,.T.);
#999=EDGE_CURVE('',#822,#827,#754,.T.);
#1000=EDGE_CURVE('',#827,#819,#457,.T.);
#1001=EDGE_CURVE('',#820,#822,#458,.T.);
#1002=EDGE_CURVE('',#828,#829,#459,.T.);
#1003=EDGE_CURVE('',#828,#817,#460,.T.);
#1004=EDGE_CURVE('',#811,#829,#461,.T.);
#1005=EDGE_CURVE('',#830,#821,#462,.T.);
#1006=EDGE_CURVE('',#812,#830,#755,.T.);
#1007=EDGE_CURVE('',#829,#830,#463,.T.);
#1008=EDGE_CURVE('',#818,#823,#115,.T.);
#1009=EDGE_CURVE('',#795,#831,#464,.T.);
#1010=EDGE_CURVE('',#831,#832,#465,.T.);
#1011=EDGE_CURVE('',#790,#832,#466,.T.);
#1012=EDGE_CURVE('',#833,#832,#116,.T.);
#1013=EDGE_CURVE('',#834,#833,#467,.T.);
#1014=EDGE_CURVE('',#835,#834,#468,.T.);
#1015=EDGE_CURVE('',#835,#836,#756,.T.);
#1016=EDGE_CURVE('',#836,#828,#469,.F.);
#1017=EDGE_CURVE('',#804,#831,#117,.T.);
#1018=EDGE_CURVE('',#824,#836,#470,.T.);
#1019=EDGE_CURVE('',#825,#835,#471,.T.);
#1020=EDGE_CURVE('',#826,#834,#472,.T.);
#1021=EDGE_CURVE('',#803,#833,#473,.T.);
#1022=EDGE_CURVE('',#782,#806,#474,.T.);
#1023=EDGE_CURVE('',#805,#783,#475,.T.);
#1024=EDGE_CURVE('',#837,#837,#757,.T.);
#1025=EDGE_CURVE('',#837,#838,#476,.T.);
#1026=EDGE_CURVE('',#838,#838,#758,.T.);
#1027=EDGE_CURVE('',#839,#839,#759,.T.);
#1028=EDGE_CURVE('',#839,#840,#477,.T.);
#1029=EDGE_CURVE('',#840,#840,#760,.T.);
#1030=EDGE_CURVE('',#841,#842,#478,.T.);
#1031=EDGE_CURVE('',#843,#842,#479,.T.);
#1032=EDGE_CURVE('',#844,#843,#480,.T.);
#1033=EDGE_CURVE('',#844,#841,#481,.T.);
#1034=EDGE_CURVE('',#845,#841,#482,.T.);
#1035=EDGE_CURVE('',#845,#846,#483,.T.);
#1036=EDGE_CURVE('',#847,#846,#484,.T.);
#1037=EDGE_CURVE('',#848,#847,#485,.T.);
#1038=EDGE_CURVE('',#849,#848,#486,.T.);
#1039=EDGE_CURVE('',#850,#849,#487,.T.);
#1040=EDGE_CURVE('',#850,#842,#488,.T.);
#1041=EDGE_CURVE('',#851,#843,#489,.T.);
#1042=EDGE_CURVE('',#851,#852,#490,.T.);
#1043=EDGE_CURVE('',#852,#853,#491,.T.);
#1044=EDGE_CURVE('',#854,#853,#492,.T.);
#1045=EDGE_CURVE('',#854,#844,#493,.T.);
#1046=EDGE_CURVE('',#847,#855,#494,.T.);
#1047=EDGE_CURVE('',#856,#846,#495,.T.);
#1048=EDGE_CURVE('',#857,#856,#496,.T.);
#1049=EDGE_CURVE('',#858,#857,#497,.T.);
#1050=EDGE_CURVE('',#855,#858,#498,.T.);
#1051=EDGE_CURVE('',#858,#859,#499,.T.);
#1052=EDGE_CURVE('',#859,#857,#500,.T.);
#1053=EDGE_CURVE('',#859,#860,#501,.T.);
#1054=EDGE_CURVE('',#860,#856,#502,.T.);
#1055=EDGE_CURVE('',#859,#861,#503,.T.);
#1056=EDGE_CURVE('',#861,#862,#504,.T.);
#1057=EDGE_CURVE('',#855,#862,#505,.T.);
#1058=EDGE_CURVE('',#862,#848,#506,.T.);
#1059=EDGE_CURVE('',#859,#863,#507,.T.);
#1060=EDGE_CURVE('',#864,#860,#508,.T.);
#1061=EDGE_CURVE('',#863,#864,#509,.T.);
#1062=EDGE_CURVE('',#863,#854,#510,.T.);
#1063=EDGE_CURVE('',#864,#845,#511,.T.);
#1064=EDGE_CURVE('',#851,#850,#512,.T.);
#1065=EDGE_CURVE('',#853,#865,#513,.T.);
#1066=EDGE_CURVE('',#852,#866,#514,.T.);
#1067=EDGE_CURVE('',#865,#866,#515,.T.);
#1068=EDGE_CURVE('',#867,#863,#516,.T.);
#1069=EDGE_CURVE('',#867,#868,#517,.T.);
#1070=EDGE_CURVE('',#863,#868,#518,.T.);
#1071=EDGE_CURVE('',#868,#859,#519,.T.);
#1072=EDGE_CURVE('',#866,#869,#520,.T.);
#1073=EDGE_CURVE('',#870,#869,#521,.T.);
#1074=EDGE_CURVE('',#871,#870,#522,.T.);
#1075=EDGE_CURVE('',#866,#871,#523,.T.);
#1076=EDGE_CURVE('',#872,#867,#524,.T.);
#1077=EDGE_CURVE('',#873,#867,#525,.T.);
#1078=EDGE_CURVE('',#872,#873,#526,.T.);
#1079=EDGE_CURVE('',#874,#853,#527,.T.);
#1080=EDGE_CURVE('',#875,#874,#528,.T.);
#1081=EDGE_CURVE('',#854,#875,#529,.T.);
#1082=EDGE_CURVE('',#876,#869,#530,.T.);
#1083=EDGE_CURVE('',#861,#876,#531,.T.);
#1084=EDGE_CURVE('',#877,#872,#532,.T.);
#1085=EDGE_CURVE('',#877,#878,#761,.T.);
#1086=EDGE_CURVE('',#878,#879,#533,.T.);
#1087=EDGE_CURVE('',#880,#879,#128,.T.);
#1088=EDGE_CURVE('',#880,#870,#534,.T.);
#1089=EDGE_CURVE('',#873,#881,#535,.T.);
#1090=EDGE_CURVE('',#877,#881,#118,.T.);
#1091=EDGE_CURVE('',#863,#882,#536,.T.);
#1092=EDGE_CURVE('',#881,#882,#537,.T.);
#1093=EDGE_CURVE('',#883,#875,#538,.T.);
#1094=EDGE_CURVE('',#884,#883,#539,.T.);
#1095=EDGE_CURVE('',#884,#885,#762,.T.);
#1096=EDGE_CURVE('',#886,#885,#540,.T.);
#1097=EDGE_CURVE('',#887,#886,#541,.T.);
#1098=EDGE_CURVE('',#888,#887,#542,.F.);
#1099=EDGE_CURVE('',#889,#888,#763,.T.);
#1100=EDGE_CURVE('',#889,#890,#543,.T.);
#1101=EDGE_CURVE('',#890,#891,#544,.T.);
#1102=EDGE_CURVE('',#891,#882,#119,.T.);
#1103=EDGE_CURVE('',#871,#892,#545,.T.);
#1104=EDGE_CURVE('',#892,#893,#129,.T.);
#1105=EDGE_CURVE('',#893,#894,#546,.T.);
#1106=EDGE_CURVE('',#894,#895,#547,.T.);
#1107=EDGE_CURVE('',#865,#895,#548,.T.);
#1108=EDGE_CURVE('',#896,#897,#549,.F.);
#1109=EDGE_CURVE('',#896,#898,#102,.T.);
#1110=EDGE_CURVE('',#898,#899,#550,.F.);
#1111=EDGE_CURVE('',#897,#899,#120,.F.);
#1112=EDGE_CURVE('',#896,#900,#551,.T.);
#1113=EDGE_CURVE('',#898,#900,#103,.T.);
#1114=EDGE_CURVE('',#895,#883,#552,.T.);
#1115=EDGE_CURVE('',#894,#901,#553,.T.);
#1116=EDGE_CURVE('',#901,#884,#554,.F.);
#1117=EDGE_CURVE('',#892,#880,#764,.F.);
#1118=EDGE_CURVE('',#902,#901,#555,.T.);
#1119=EDGE_CURVE('',#903,#893,#130,.T.);
#1120=EDGE_CURVE('',#904,#903,#556,.T.);
#1121=EDGE_CURVE('',#902,#904,#557,.F.);
#1122=EDGE_CURVE('',#879,#903,#765,.T.);
#1123=EDGE_CURVE('',#905,#896,#558,.T.);
#1124=EDGE_CURVE('',#906,#897,#559,.F.);
#1125=EDGE_CURVE('',#905,#906,#560,.F.);
#1126=EDGE_CURVE('',#907,#908,#766,.F.);
#1127=EDGE_CURVE('',#899,#908,#104,.T.);
#1128=EDGE_CURVE('',#909,#898,#105,.T.);
#1129=EDGE_CURVE('',#909,#901,#106,.F.);
#1130=EDGE_CURVE('',#907,#902,#107,.T.);
#1131=EDGE_CURVE('',#910,#911,#108,.T.);
#1132=EDGE_CURVE('',#910,#912,#767,.T.);
#1133=EDGE_CURVE('',#904,#912,#109,.T.);
#1134=EDGE_CURVE('',#913,#878,#121,.T.);
#1135=EDGE_CURVE('',#914,#913,#122,.T.);
#1136=EDGE_CURVE('',#915,#914,#110,.T.);
#1137=EDGE_CURVE('',#911,#915,#123,.T.);
#1138=EDGE_CURVE('',#908,#910,#561,.T.);
#1139=EDGE_CURVE('',#912,#907,#562,.T.);
#1140=EDGE_CURVE('',#900,#886,#563,.T.);
#1141=EDGE_CURVE('',#887,#905,#564,.T.);
#1142=EDGE_CURVE('',#885,#909,#565,.T.);
#1143=EDGE_CURVE('',#906,#911,#124,.T.);
#1144=EDGE_CURVE('',#895,#874,#566,.T.);
#1145=EDGE_CURVE('',#914,#889,#567,.T.);
#1146=EDGE_CURVE('',#915,#888,#568,.T.);
#1147=EDGE_CURVE('',#913,#890,#569,.T.);
#1148=EDGE_CURVE('',#878,#891,#570,.T.);
#1149=EDGE_CURVE('',#876,#849,#571,.T.);
#1150=ORIENTED_EDGE('',*,*,#916,.F.);
#1151=ORIENTED_EDGE('',*,*,#917,.T.);
#1152=ORIENTED_EDGE('',*,*,#918,.F.);
#1153=ORIENTED_EDGE('',*,*,#917,.F.);
#1154=ORIENTED_EDGE('',*,*,#919,.F.);
#1155=ORIENTED_EDGE('',*,*,#920,.T.);
#1156=ORIENTED_EDGE('',*,*,#921,.F.);
#1157=ORIENTED_EDGE('',*,*,#920,.F.);
#1158=ORIENTED_EDGE('',*,*,#922,.T.);
#1159=ORIENTED_EDGE('',*,*,#923,.F.);
#1160=ORIENTED_EDGE('',*,*,#924,.F.);
#1161=ORIENTED_EDGE('',*,*,#925,.F.);
#1162=ORIENTED_EDGE('',*,*,#926,.F.);
#1163=ORIENTED_EDGE('',*,*,#927,.F.);
#1164=ORIENTED_EDGE('',*,*,#923,.T.);
#1165=ORIENTED_EDGE('',*,*,#928,.T.);
#1166=ORIENTED_EDGE('',*,*,#929,.F.);
#1167=ORIENTED_EDGE('',*,*,#926,.T.);
#1168=ORIENTED_EDGE('',*,*,#930,.F.);
#1169=ORIENTED_EDGE('',*,*,#931,.T.);
#1170=ORIENTED_EDGE('',*,*,#932,.T.);
#1171=ORIENTED_EDGE('',*,*,#916,.T.);
#1172=ORIENTED_EDGE('',*,*,#919,.T.);
#1173=ORIENTED_EDGE('',*,*,#933,.F.);
#1174=ORIENTED_EDGE('',*,*,#934,.F.);
#1175=ORIENTED_EDGE('',*,*,#935,.F.);
#1176=ORIENTED_EDGE('',*,*,#936,.F.);
#1177=ORIENTED_EDGE('',*,*,#928,.F.);
#1178=ORIENTED_EDGE('',*,*,#922,.F.);
#1179=ORIENTED_EDGE('',*,*,#932,.F.);
#1180=ORIENTED_EDGE('',*,*,#925,.T.);
#1181=ORIENTED_EDGE('',*,*,#937,.T.);
#1182=ORIENTED_EDGE('',*,*,#938,.T.);
#1183=ORIENTED_EDGE('',*,*,#930,.T.);
#1184=ORIENTED_EDGE('',*,*,#939,.F.);
#1185=ORIENTED_EDGE('',*,*,#940,.F.);
#1186=ORIENTED_EDGE('',*,*,#941,.F.);
#1187=ORIENTED_EDGE('',*,*,#937,.F.);
#1188=ORIENTED_EDGE('',*,*,#942,.T.);
#1189=ORIENTED_EDGE('',*,*,#943,.F.);
#1190=ORIENTED_EDGE('',*,*,#944,.F.);
#1191=ORIENTED_EDGE('',*,*,#929,.T.);
#1192=ORIENTED_EDGE('',*,*,#936,.T.);
#1193=ORIENTED_EDGE('',*,*,#945,.F.);
#1194=ORIENTED_EDGE('',*,*,#946,.F.);
#1195=ORIENTED_EDGE('',*,*,#943,.T.);
#1196=ORIENTED_EDGE('',*,*,#947,.T.);
#1197=ORIENTED_EDGE('',*,*,#948,.T.);
#1198=ORIENTED_EDGE('',*,*,#949,.F.);
#1199=ORIENTED_EDGE('',*,*,#938,.F.);
#1200=ORIENTED_EDGE('',*,*,#941,.T.);
#1201=ORIENTED_EDGE('',*,*,#950,.F.);
#1202=ORIENTED_EDGE('',*,*,#951,.T.);
#1203=ORIENTED_EDGE('',*,*,#952,.F.);
#1204=ORIENTED_EDGE('',*,*,#953,.F.);
#1205=ORIENTED_EDGE('',*,*,#950,.T.);
#1206=ORIENTED_EDGE('',*,*,#954,.T.);
#1207=ORIENTED_EDGE('',*,*,#955,.T.);
#1208=ORIENTED_EDGE('',*,*,#956,.T.);
#1209=ORIENTED_EDGE('',*,*,#940,.T.);
#1210=ORIENTED_EDGE('',*,*,#957,.T.);
#1211=ORIENTED_EDGE('',*,*,#958,.F.);
#1212=ORIENTED_EDGE('',*,*,#959,.F.);
#1213=ORIENTED_EDGE('',*,*,#960,.F.);
#1214=ORIENTED_EDGE('',*,*,#954,.F.);
#1215=ORIENTED_EDGE('',*,*,#939,.T.);
#1216=ORIENTED_EDGE('',*,*,#924,.T.);
#1217=ORIENTED_EDGE('',*,*,#961,.F.);
#1218=ORIENTED_EDGE('',*,*,#957,.F.);
#1219=ORIENTED_EDGE('',*,*,#927,.T.);
#1220=ORIENTED_EDGE('',*,*,#962,.F.);
#1221=ORIENTED_EDGE('',*,*,#963,.F.);
#1222=ORIENTED_EDGE('',*,*,#961,.T.);
#1223=ORIENTED_EDGE('',*,*,#956,.F.);
#1224=ORIENTED_EDGE('',*,*,#964,.T.);
#1225=ORIENTED_EDGE('',*,*,#965,.F.);
#1226=ORIENTED_EDGE('',*,*,#966,.F.);
#1227=ORIENTED_EDGE('',*,*,#967,.T.);
#1228=ORIENTED_EDGE('',*,*,#951,.F.);
#1229=ORIENTED_EDGE('',*,*,#947,.F.);
#1230=ORIENTED_EDGE('',*,*,#942,.F.);
#1231=ORIENTED_EDGE('',*,*,#968,.F.);
#1232=ORIENTED_EDGE('',*,*,#969,.F.);
#1233=ORIENTED_EDGE('',*,*,#970,.F.);
#1234=ORIENTED_EDGE('',*,*,#948,.F.);
#1235=ORIENTED_EDGE('',*,*,#971,.T.);
#1236=ORIENTED_EDGE('',*,*,#972,.T.);
#1237=ORIENTED_EDGE('',*,*,#973,.F.);
#1238=ORIENTED_EDGE('',*,*,#974,.F.);
#1239=ORIENTED_EDGE('',*,*,#974,.T.);
#1240=ORIENTED_EDGE('',*,*,#975,.T.);
#1241=ORIENTED_EDGE('',*,*,#976,.F.);
#1242=ORIENTED_EDGE('',*,*,#977,.F.);
#1243=ORIENTED_EDGE('',*,*,#978,.F.);
#1244=ORIENTED_EDGE('',*,*,#979,.F.);
#1245=ORIENTED_EDGE('',*,*,#958,.T.);
#1246=ORIENTED_EDGE('',*,*,#963,.T.);
#1247=ORIENTED_EDGE('',*,*,#980,.F.);
#1248=ORIENTED_EDGE('',*,*,#981,.T.);
#1249=ORIENTED_EDGE('',*,*,#982,.T.);
#1250=ORIENTED_EDGE('',*,*,#983,.T.);
#1251=ORIENTED_EDGE('',*,*,#959,.T.);
#1252=ORIENTED_EDGE('',*,*,#979,.T.);
#1253=ORIENTED_EDGE('',*,*,#955,.F.);
#1254=ORIENTED_EDGE('',*,*,#960,.T.);
#1255=ORIENTED_EDGE('',*,*,#983,.F.);
#1256=ORIENTED_EDGE('',*,*,#984,.F.);
#1257=ORIENTED_EDGE('',*,*,#964,.F.);
#1258=ORIENTED_EDGE('',*,*,#985,.F.);
#1259=ORIENTED_EDGE('',*,*,#986,.T.);
#1260=ORIENTED_EDGE('',*,*,#987,.T.);
#1261=ORIENTED_EDGE('',*,*,#971,.F.);
#1262=ORIENTED_EDGE('',*,*,#988,.F.);
#1263=ORIENTED_EDGE('',*,*,#989,.T.);
#1264=ORIENTED_EDGE('',*,*,#980,.T.);
#1265=ORIENTED_EDGE('',*,*,#990,.F.);
#1266=ORIENTED_EDGE('',*,*,#991,.T.);
#1267=ORIENTED_EDGE('',*,*,#973,.T.);
#1268=ORIENTED_EDGE('',*,*,#992,.T.);
#1269=ORIENTED_EDGE('',*,*,#993,.T.);
#1270=ORIENTED_EDGE('',*,*,#994,.T.);
#1271=ORIENTED_EDGE('',*,*,#995,.T.);
#1272=ORIENTED_EDGE('',*,*,#996,.T.);
#1273=ORIENTED_EDGE('',*,*,#997,.T.);
#1274=ORIENTED_EDGE('',*,*,#965,.T.);
#1275=ORIENTED_EDGE('',*,*,#984,.T.);
#1276=ORIENTED_EDGE('',*,*,#982,.F.);
#1277=ORIENTED_EDGE('',*,*,#998,.T.);
#1278=ORIENTED_EDGE('',*,*,#999,.F.);
#1279=ORIENTED_EDGE('',*,*,#999,.T.);
#1280=ORIENTED_EDGE('',*,*,#1000,.T.);
#1281=ORIENTED_EDGE('',*,*,#988,.T.);
#1282=ORIENTED_EDGE('',*,*,#1001,.T.);
#1283=ORIENTED_EDGE('',*,*,#1002,.F.);
#1284=ORIENTED_EDGE('',*,*,#1003,.T.);
#1285=ORIENTED_EDGE('',*,*,#985,.T.);
#1286=ORIENTED_EDGE('',*,*,#976,.T.);
#1287=ORIENTED_EDGE('',*,*,#1004,.T.);
#1288=ORIENTED_EDGE('',*,*,#1005,.T.);
#1289=ORIENTED_EDGE('',*,*,#990,.T.);
#1290=ORIENTED_EDGE('',*,*,#978,.T.);
#1291=ORIENTED_EDGE('',*,*,#1006,.T.);
#1292=ORIENTED_EDGE('',*,*,#1007,.F.);
#1293=ORIENTED_EDGE('',*,*,#1004,.F.);
#1294=ORIENTED_EDGE('',*,*,#975,.F.);
#1295=ORIENTED_EDGE('',*,*,#991,.F.);
#1296=ORIENTED_EDGE('',*,*,#1005,.F.);
#1297=ORIENTED_EDGE('',*,*,#998,.F.);
#1298=ORIENTED_EDGE('',*,*,#981,.F.);
#1299=ORIENTED_EDGE('',*,*,#989,.F.);
#1300=ORIENTED_EDGE('',*,*,#1000,.F.);
#1301=ORIENTED_EDGE('',*,*,#987,.F.);
#1302=ORIENTED_EDGE('',*,*,#1008,.T.);
#1303=ORIENTED_EDGE('',*,*,#993,.F.);
#1304=ORIENTED_EDGE('',*,*,#1001,.F.);
#1305=ORIENTED_EDGE('',*,*,#992,.F.);
#1306=ORIENTED_EDGE('',*,*,#972,.F.);
#1307=ORIENTED_EDGE('',*,*,#946,.T.);
#1308=ORIENTED_EDGE('',*,*,#953,.T.);
#1309=ORIENTED_EDGE('',*,*,#1009,.T.);
#1310=ORIENTED_EDGE('',*,*,#1010,.T.);
#1311=ORIENTED_EDGE('',*,*,#1011,.F.);
#1312=ORIENTED_EDGE('',*,*,#944,.T.);
#1313=ORIENTED_EDGE('',*,*,#1011,.T.);
#1314=ORIENTED_EDGE('',*,*,#1012,.F.);
#1315=ORIENTED_EDGE('',*,*,#1013,.F.);
#1316=ORIENTED_EDGE('',*,*,#1014,.F.);
#1317=ORIENTED_EDGE('',*,*,#1015,.T.);
#1318=ORIENTED_EDGE('',*,*,#1016,.T.);
#1319=ORIENTED_EDGE('',*,*,#1002,.T.);
#1320=ORIENTED_EDGE('',*,*,#1007,.T.);
#1321=ORIENTED_EDGE('',*,*,#1006,.F.);
#1322=ORIENTED_EDGE('',*,*,#977,.T.);
#1323=ORIENTED_EDGE('',*,*,#962,.T.);
#1324=ORIENTED_EDGE('',*,*,#952,.T.);
#1325=ORIENTED_EDGE('',*,*,#967,.F.);
#1326=ORIENTED_EDGE('',*,*,#1017,.T.);
#1327=ORIENTED_EDGE('',*,*,#1009,.F.);
#1328=ORIENTED_EDGE('',*,*,#995,.F.);
#1329=ORIENTED_EDGE('',*,*,#1018,.T.);
#1330=ORIENTED_EDGE('',*,*,#1015,.F.);
#1331=ORIENTED_EDGE('',*,*,#1019,.F.);
#1332=ORIENTED_EDGE('',*,*,#1020,.T.);
#1333=ORIENTED_EDGE('',*,*,#1013,.T.);
#1334=ORIENTED_EDGE('',*,*,#1021,.F.);
#1335=ORIENTED_EDGE('',*,*,#997,.F.);
#1336=ORIENTED_EDGE('',*,*,#996,.F.);
#1337=ORIENTED_EDGE('',*,*,#1019,.T.);
#1338=ORIENTED_EDGE('',*,*,#1014,.T.);
#1339=ORIENTED_EDGE('',*,*,#1020,.F.);
#1340=ORIENTED_EDGE('',*,*,#1012,.T.);
#1341=ORIENTED_EDGE('',*,*,#1010,.F.);
#1342=ORIENTED_EDGE('',*,*,#1017,.F.);
#1343=ORIENTED_EDGE('',*,*,#966,.T.);
#1344=ORIENTED_EDGE('',*,*,#1021,.T.);
#1345=ORIENTED_EDGE('',*,*,#986,.F.);
#1346=ORIENTED_EDGE('',*,*,#1003,.F.);
#1347=ORIENTED_EDGE('',*,*,#1016,.F.);
#1348=ORIENTED_EDGE('',*,*,#1018,.F.);
#1349=ORIENTED_EDGE('',*,*,#994,.F.);
#1350=ORIENTED_EDGE('',*,*,#1008,.F.);
#1351=ORIENTED_EDGE('',*,*,#970,.T.);
#1352=ORIENTED_EDGE('',*,*,#1022,.F.);
#1353=ORIENTED_EDGE('',*,*,#933,.T.);
#1354=ORIENTED_EDGE('',*,*,#931,.F.);
#1355=ORIENTED_EDGE('',*,*,#949,.T.);
#1356=ORIENTED_EDGE('',*,*,#969,.T.);
#1357=ORIENTED_EDGE('',*,*,#1023,.T.);
#1358=ORIENTED_EDGE('',*,*,#934,.T.);
#1359=ORIENTED_EDGE('',*,*,#1022,.T.);
#1360=ORIENTED_EDGE('',*,*,#918,.T.);
#1361=ORIENTED_EDGE('',*,*,#921,.T.);
#1362=ORIENTED_EDGE('',*,*,#968,.T.);
#1363=ORIENTED_EDGE('',*,*,#945,.T.);
#1364=ORIENTED_EDGE('',*,*,#935,.T.);
#1365=ORIENTED_EDGE('',*,*,#1023,.F.);
#1366=ORIENTED_EDGE('',*,*,#1024,.F.);
#1367=ORIENTED_EDGE('',*,*,#1025,.T.);
#1368=ORIENTED_EDGE('',*,*,#1026,.F.);
#1369=ORIENTED_EDGE('',*,*,#1025,.F.);
#1370=ORIENTED_EDGE('',*,*,#1027,.F.);
#1371=ORIENTED_EDGE('',*,*,#1028,.T.);
#1372=ORIENTED_EDGE('',*,*,#1029,.F.);
#1373=ORIENTED_EDGE('',*,*,#1028,.F.);
#1374=ORIENTED_EDGE('',*,*,#1030,.T.);
#1375=ORIENTED_EDGE('',*,*,#1031,.F.);
#1376=ORIENTED_EDGE('',*,*,#1032,.F.);
#1377=ORIENTED_EDGE('',*,*,#1033,.T.);
#1378=ORIENTED_EDGE('',*,*,#1030,.F.);
#1379=ORIENTED_EDGE('',*,*,#1034,.F.);
#1380=ORIENTED_EDGE('',*,*,#1035,.T.);
#1381=ORIENTED_EDGE('',*,*,#1036,.F.);
#1382=ORIENTED_EDGE('',*,*,#1037,.F.);
#1383=ORIENTED_EDGE('',*,*,#1038,.F.);
#1384=ORIENTED_EDGE('',*,*,#1039,.F.);
#1385=ORIENTED_EDGE('',*,*,#1040,.T.);
#1386=ORIENTED_EDGE('',*,*,#1032,.T.);
#1387=ORIENTED_EDGE('',*,*,#1041,.F.);
#1388=ORIENTED_EDGE('',*,*,#1042,.T.);
#1389=ORIENTED_EDGE('',*,*,#1043,.T.);
#1390=ORIENTED_EDGE('',*,*,#1044,.F.);
#1391=ORIENTED_EDGE('',*,*,#1045,.T.);
#1392=ORIENTED_EDGE('',*,*,#1046,.F.);
#1393=ORIENTED_EDGE('',*,*,#1036,.T.);
#1394=ORIENTED_EDGE('',*,*,#1047,.F.);
#1395=ORIENTED_EDGE('',*,*,#1048,.F.);
#1396=ORIENTED_EDGE('',*,*,#1049,.F.);
#1397=ORIENTED_EDGE('',*,*,#1050,.F.);
#1398=ORIENTED_EDGE('',*,*,#1051,.F.);
#1399=ORIENTED_EDGE('',*,*,#1049,.T.);
#1400=ORIENTED_EDGE('',*,*,#1052,.F.);
#1401=ORIENTED_EDGE('',*,*,#1053,.F.);
#1402=ORIENTED_EDGE('',*,*,#1052,.T.);
#1403=ORIENTED_EDGE('',*,*,#1048,.T.);
#1404=ORIENTED_EDGE('',*,*,#1054,.F.);
#1405=ORIENTED_EDGE('',*,*,#1050,.T.);
#1406=ORIENTED_EDGE('',*,*,#1051,.T.);
#1407=ORIENTED_EDGE('',*,*,#1055,.T.);
#1408=ORIENTED_EDGE('',*,*,#1056,.T.);
#1409=ORIENTED_EDGE('',*,*,#1057,.F.);
#1410=ORIENTED_EDGE('',*,*,#1046,.T.);
#1411=ORIENTED_EDGE('',*,*,#1057,.T.);
#1412=ORIENTED_EDGE('',*,*,#1058,.T.);
#1413=ORIENTED_EDGE('',*,*,#1037,.T.);
#1414=ORIENTED_EDGE('',*,*,#1059,.F.);
#1415=ORIENTED_EDGE('',*,*,#1053,.T.);
#1416=ORIENTED_EDGE('',*,*,#1060,.F.);
#1417=ORIENTED_EDGE('',*,*,#1061,.F.);
#1418=ORIENTED_EDGE('',*,*,#1062,.F.);
#1419=ORIENTED_EDGE('',*,*,#1061,.T.);
#1420=ORIENTED_EDGE('',*,*,#1063,.T.);
#1421=ORIENTED_EDGE('',*,*,#1034,.T.);
#1422=ORIENTED_EDGE('',*,*,#1033,.F.);
#1423=ORIENTED_EDGE('',*,*,#1045,.F.);
#1424=ORIENTED_EDGE('',*,*,#1063,.F.);
#1425=ORIENTED_EDGE('',*,*,#1060,.T.);
#1426=ORIENTED_EDGE('',*,*,#1054,.T.);
#1427=ORIENTED_EDGE('',*,*,#1047,.T.);
#1428=ORIENTED_EDGE('',*,*,#1035,.F.);
#1429=ORIENTED_EDGE('',*,*,#1031,.T.);
#1430=ORIENTED_EDGE('',*,*,#1040,.F.);
#1431=ORIENTED_EDGE('',*,*,#1064,.F.);
#1432=ORIENTED_EDGE('',*,*,#1041,.T.);
#1433=ORIENTED_EDGE('',*,*,#1024,.T.);
#1434=ORIENTED_EDGE('',*,*,#1027,.T.);
#1435=ORIENTED_EDGE('',*,*,#1065,.F.);
#1436=ORIENTED_EDGE('',*,*,#1043,.F.);
#1437=ORIENTED_EDGE('',*,*,#1066,.T.);
#1438=ORIENTED_EDGE('',*,*,#1067,.F.);
#1439=ORIENTED_EDGE('',*,*,#1068,.F.);
#1440=ORIENTED_EDGE('',*,*,#1069,.T.);
#1441=ORIENTED_EDGE('',*,*,#1070,.F.);
#1442=ORIENTED_EDGE('',*,*,#1059,.T.);
#1443=ORIENTED_EDGE('',*,*,#1070,.T.);
#1444=ORIENTED_EDGE('',*,*,#1071,.T.);
#1445=ORIENTED_EDGE('',*,*,#1072,.T.);
#1446=ORIENTED_EDGE('',*,*,#1073,.F.);
#1447=ORIENTED_EDGE('',*,*,#1074,.F.);
#1448=ORIENTED_EDGE('',*,*,#1075,.F.);
#1449=ORIENTED_EDGE('',*,*,#1076,.T.);
#1450=ORIENTED_EDGE('',*,*,#1077,.F.);
#1451=ORIENTED_EDGE('',*,*,#1078,.F.);
#1452=ORIENTED_EDGE('',*,*,#1044,.T.);
#1453=ORIENTED_EDGE('',*,*,#1079,.F.);
#1454=ORIENTED_EDGE('',*,*,#1080,.F.);
#1455=ORIENTED_EDGE('',*,*,#1081,.F.);
#1456=ORIENTED_EDGE('',*,*,#1073,.T.);
#1457=ORIENTED_EDGE('',*,*,#1082,.F.);
#1458=ORIENTED_EDGE('',*,*,#1083,.F.);
#1459=ORIENTED_EDGE('',*,*,#1055,.F.);
#1460=ORIENTED_EDGE('',*,*,#1071,.F.);
#1461=ORIENTED_EDGE('',*,*,#1069,.F.);
#1462=ORIENTED_EDGE('',*,*,#1076,.F.);
#1463=ORIENTED_EDGE('',*,*,#1084,.F.);
#1464=ORIENTED_EDGE('',*,*,#1085,.T.);
#1465=ORIENTED_EDGE('',*,*,#1086,.T.);
#1466=ORIENTED_EDGE('',*,*,#1087,.F.);
#1467=ORIENTED_EDGE('',*,*,#1088,.T.);
#1468=ORIENTED_EDGE('',*,*,#1078,.T.);
#1469=ORIENTED_EDGE('',*,*,#1089,.T.);
#1470=ORIENTED_EDGE('',*,*,#1090,.F.);
#1471=ORIENTED_EDGE('',*,*,#1084,.T.);
#1472=ORIENTED_EDGE('',*,*,#1077,.T.);
#1473=ORIENTED_EDGE('',*,*,#1068,.T.);
#1474=ORIENTED_EDGE('',*,*,#1091,.T.);
#1475=ORIENTED_EDGE('',*,*,#1092,.F.);
#1476=ORIENTED_EDGE('',*,*,#1089,.F.);
#1477=ORIENTED_EDGE('',*,*,#1062,.T.);
#1478=ORIENTED_EDGE('',*,*,#1081,.T.);
#1479=ORIENTED_EDGE('',*,*,#1093,.F.);
#1480=ORIENTED_EDGE('',*,*,#1094,.F.);
#1481=ORIENTED_EDGE('',*,*,#1095,.T.);
#1482=ORIENTED_EDGE('',*,*,#1096,.F.);
#1483=ORIENTED_EDGE('',*,*,#1097,.F.);
#1484=ORIENTED_EDGE('',*,*,#1098,.F.);
#1485=ORIENTED_EDGE('',*,*,#1099,.F.);
#1486=ORIENTED_EDGE('',*,*,#1100,.T.);
#1487=ORIENTED_EDGE('',*,*,#1101,.T.);
#1488=ORIENTED_EDGE('',*,*,#1102,.T.);
#1489=ORIENTED_EDGE('',*,*,#1091,.F.);
#1490=ORIENTED_EDGE('',*,*,#1067,.T.);
#1491=ORIENTED_EDGE('',*,*,#1075,.T.);
#1492=ORIENTED_EDGE('',*,*,#1103,.T.);
#1493=ORIENTED_EDGE('',*,*,#1104,.T.);
#1494=ORIENTED_EDGE('',*,*,#1105,.T.);
#1495=ORIENTED_EDGE('',*,*,#1106,.T.);
#1496=ORIENTED_EDGE('',*,*,#1107,.F.);
#1497=ORIENTED_EDGE('',*,*,#1108,.F.);
#1498=ORIENTED_EDGE('',*,*,#1109,.T.);
#1499=ORIENTED_EDGE('',*,*,#1110,.T.);
#1500=ORIENTED_EDGE('',*,*,#1111,.F.);
#1501=ORIENTED_EDGE('',*,*,#1109,.F.);
#1502=ORIENTED_EDGE('',*,*,#1112,.T.);
#1503=ORIENTED_EDGE('',*,*,#1113,.F.);
#1504=ORIENTED_EDGE('',*,*,#1094,.T.);
#1505=ORIENTED_EDGE('',*,*,#1114,.F.);
#1506=ORIENTED_EDGE('',*,*,#1106,.F.);
#1507=ORIENTED_EDGE('',*,*,#1115,.T.);
#1508=ORIENTED_EDGE('',*,*,#1116,.T.);
#1509=ORIENTED_EDGE('',*,*,#1074,.T.);
#1510=ORIENTED_EDGE('',*,*,#1088,.F.);
#1511=ORIENTED_EDGE('',*,*,#1117,.F.);
#1512=ORIENTED_EDGE('',*,*,#1103,.F.);
#1513=ORIENTED_EDGE('',*,*,#1118,.T.);
#1514=ORIENTED_EDGE('',*,*,#1115,.F.);
#1515=ORIENTED_EDGE('',*,*,#1105,.F.);
#1516=ORIENTED_EDGE('',*,*,#1119,.F.);
#1517=ORIENTED_EDGE('',*,*,#1120,.F.);
#1518=ORIENTED_EDGE('',*,*,#1121,.F.);
#1519=ORIENTED_EDGE('',*,*,#1117,.T.);
#1520=ORIENTED_EDGE('',*,*,#1087,.T.);
#1521=ORIENTED_EDGE('',*,*,#1122,.T.);
#1522=ORIENTED_EDGE('',*,*,#1119,.T.);
#1523=ORIENTED_EDGE('',*,*,#1104,.F.);
#1524=ORIENTED_EDGE('',*,*,#1123,.T.);
#1525=ORIENTED_EDGE('',*,*,#1108,.T.);
#1526=ORIENTED_EDGE('',*,*,#1124,.F.);
#1527=ORIENTED_EDGE('',*,*,#1125,.F.);
#1528=ORIENTED_EDGE('',*,*,#1126,.T.);
#1529=ORIENTED_EDGE('',*,*,#1127,.F.);
#1530=ORIENTED_EDGE('',*,*,#1110,.F.);
#1531=ORIENTED_EDGE('',*,*,#1128,.F.);
#1532=ORIENTED_EDGE('',*,*,#1129,.T.);
#1533=ORIENTED_EDGE('',*,*,#1118,.F.);
#1534=ORIENTED_EDGE('',*,*,#1130,.F.);
#1535=ORIENTED_EDGE('',*,*,#1131,.F.);
#1536=ORIENTED_EDGE('',*,*,#1132,.T.);
#1537=ORIENTED_EDGE('',*,*,#1133,.F.);
#1538=ORIENTED_EDGE('',*,*,#1120,.T.);
#1539=ORIENTED_EDGE('',*,*,#1122,.F.);
#1540=ORIENTED_EDGE('',*,*,#1086,.F.);
#1541=ORIENTED_EDGE('',*,*,#1134,.F.);
#1542=ORIENTED_EDGE('',*,*,#1135,.F.);
#1543=ORIENTED_EDGE('',*,*,#1136,.F.);
#1544=ORIENTED_EDGE('',*,*,#1137,.F.);
#1545=ORIENTED_EDGE('',*,*,#1132,.F.);
#1546=ORIENTED_EDGE('',*,*,#1138,.F.);
#1547=ORIENTED_EDGE('',*,*,#1126,.F.);
#1548=ORIENTED_EDGE('',*,*,#1139,.F.);
#1549=ORIENTED_EDGE('',*,*,#1097,.T.);
#1550=ORIENTED_EDGE('',*,*,#1140,.F.);
#1551=ORIENTED_EDGE('',*,*,#1112,.F.);
#1552=ORIENTED_EDGE('',*,*,#1123,.F.);
#1553=ORIENTED_EDGE('',*,*,#1141,.F.);
#1554=ORIENTED_EDGE('',*,*,#1142,.F.);
#1555=ORIENTED_EDGE('',*,*,#1095,.F.);
#1556=ORIENTED_EDGE('',*,*,#1116,.F.);
#1557=ORIENTED_EDGE('',*,*,#1129,.F.);
#1558=ORIENTED_EDGE('',*,*,#1096,.T.);
#1559=ORIENTED_EDGE('',*,*,#1142,.T.);
#1560=ORIENTED_EDGE('',*,*,#1128,.T.);
#1561=ORIENTED_EDGE('',*,*,#1113,.T.);
#1562=ORIENTED_EDGE('',*,*,#1140,.T.);
#1563=ORIENTED_EDGE('',*,*,#1133,.T.);
#1564=ORIENTED_EDGE('',*,*,#1139,.T.);
#1565=ORIENTED_EDGE('',*,*,#1130,.T.);
#1566=ORIENTED_EDGE('',*,*,#1121,.T.);
#1567=ORIENTED_EDGE('',*,*,#1124,.T.);
#1568=ORIENTED_EDGE('',*,*,#1111,.T.);
#1569=ORIENTED_EDGE('',*,*,#1127,.T.);
#1570=ORIENTED_EDGE('',*,*,#1138,.T.);
#1571=ORIENTED_EDGE('',*,*,#1131,.T.);
#1572=ORIENTED_EDGE('',*,*,#1143,.F.);
#1573=ORIENTED_EDGE('',*,*,#1079,.T.);
#1574=ORIENTED_EDGE('',*,*,#1065,.T.);
#1575=ORIENTED_EDGE('',*,*,#1107,.T.);
#1576=ORIENTED_EDGE('',*,*,#1144,.T.);
#1577=ORIENTED_EDGE('',*,*,#1080,.T.);
#1578=ORIENTED_EDGE('',*,*,#1144,.F.);
#1579=ORIENTED_EDGE('',*,*,#1114,.T.);
#1580=ORIENTED_EDGE('',*,*,#1093,.T.);
#1581=ORIENTED_EDGE('',*,*,#1136,.T.);
#1582=ORIENTED_EDGE('',*,*,#1145,.T.);
#1583=ORIENTED_EDGE('',*,*,#1099,.T.);
#1584=ORIENTED_EDGE('',*,*,#1146,.F.);
#1585=ORIENTED_EDGE('',*,*,#1147,.F.);
#1586=ORIENTED_EDGE('',*,*,#1134,.T.);
#1587=ORIENTED_EDGE('',*,*,#1148,.T.);
#1588=ORIENTED_EDGE('',*,*,#1101,.F.);
#1589=ORIENTED_EDGE('',*,*,#1135,.T.);
#1590=ORIENTED_EDGE('',*,*,#1147,.T.);
#1591=ORIENTED_EDGE('',*,*,#1100,.F.);
#1592=ORIENTED_EDGE('',*,*,#1145,.F.);
#1593=ORIENTED_EDGE('',*,*,#1102,.F.);
#1594=ORIENTED_EDGE('',*,*,#1148,.F.);
#1595=ORIENTED_EDGE('',*,*,#1085,.F.);
#1596=ORIENTED_EDGE('',*,*,#1090,.T.);
#1597=ORIENTED_EDGE('',*,*,#1092,.T.);
#1598=ORIENTED_EDGE('',*,*,#1125,.T.);
#1599=ORIENTED_EDGE('',*,*,#1143,.T.);
#1600=ORIENTED_EDGE('',*,*,#1137,.T.);
#1601=ORIENTED_EDGE('',*,*,#1146,.T.);
#1602=ORIENTED_EDGE('',*,*,#1098,.T.);
#1603=ORIENTED_EDGE('',*,*,#1141,.T.);
#1604=ORIENTED_EDGE('',*,*,#1083,.T.);
#1605=ORIENTED_EDGE('',*,*,#1149,.T.);
#1606=ORIENTED_EDGE('',*,*,#1038,.T.);
#1607=ORIENTED_EDGE('',*,*,#1058,.F.);
#1608=ORIENTED_EDGE('',*,*,#1056,.F.);
#1609=ORIENTED_EDGE('',*,*,#1026,.T.);
#1610=ORIENTED_EDGE('',*,*,#1029,.T.);
#1611=ORIENTED_EDGE('',*,*,#1082,.T.);
#1612=ORIENTED_EDGE('',*,*,#1072,.F.);
#1613=ORIENTED_EDGE('',*,*,#1066,.F.);
#1614=ORIENTED_EDGE('',*,*,#1042,.F.);
#1615=ORIENTED_EDGE('',*,*,#1064,.T.);
#1616=ORIENTED_EDGE('',*,*,#1039,.T.);
#1617=ORIENTED_EDGE('',*,*,#1149,.F.);
#1618=CYLINDRICAL_SURFACE('',#1751,1.65);
#1619=CYLINDRICAL_SURFACE('',#1754,1.65);
#1620=CYLINDRICAL_SURFACE('',#1781,0.75);
#1621=CYLINDRICAL_SURFACE('',#1783,1.25);
#1622=CYLINDRICAL_SURFACE('',#1790,0.722841614740048);
#1623=CYLINDRICAL_SURFACE('',#1793,0.5);
#1624=CYLINDRICAL_SURFACE('',#1794,0.5);
#1625=CYLINDRICAL_SURFACE('',#1802,1.23389626792531);
#1626=CYLINDRICAL_SURFACE('',#1805,1.30442055967633);
#1627=CYLINDRICAL_SURFACE('',#1810,1.65);
#1628=CYLINDRICAL_SURFACE('',#1813,1.65);
#1629=CYLINDRICAL_SURFACE('',#1853,0.75);
#1630=CYLINDRICAL_SURFACE('',#1855,1.25);
#1631=CYLINDRICAL_SURFACE('',#1862,0.722841614740048);
#1632=CYLINDRICAL_SURFACE('',#1864,0.5);
#1633=CYLINDRICAL_SURFACE('',#1865,0.5);
#1634=CYLINDRICAL_SURFACE('',#1869,1.23389626792531);
#1635=CYLINDRICAL_SURFACE('',#1872,1.30442055967633);
#1636=ADVANCED_FACE('',(#208),#1618,.F.);
#1637=ADVANCED_FACE('',(#209),#1619,.F.);
#1638=ADVANCED_FACE('',(#210),#139,.T.);
#1639=ADVANCED_FACE('',(#211),#140,.T.);
#1640=ADVANCED_FACE('',(#212,#131,#132),#141,.T.);
#1641=ADVANCED_FACE('',(#213),#142,.T.);
#1642=ADVANCED_FACE('',(#214),#143,.T.);
#1643=ADVANCED_FACE('',(#215),#144,.T.);
#1644=ADVANCED_FACE('',(#216),#145,.T.);
#1645=ADVANCED_FACE('',(#217),#146,.T.);
#1646=ADVANCED_FACE('',(#218),#147,.T.);
#1647=ADVANCED_FACE('',(#219),#148,.F.);
#1648=ADVANCED_FACE('',(#220),#149,.T.);
#1649=ADVANCED_FACE('',(#221),#150,.T.);
#1650=ADVANCED_FACE('',(#222),#151,.F.);
#1651=ADVANCED_FACE('',(#223),#152,.F.);
#1652=ADVANCED_FACE('',(#224),#153,.T.);
#1653=ADVANCED_FACE('',(#225),#154,.F.);
#1654=ADVANCED_FACE('',(#226),#91,.T.);
#1655=ADVANCED_FACE('',(#227),#155,.F.);
#1656=ADVANCED_FACE('',(#228),#156,.T.);
#1657=ADVANCED_FACE('',(#229),#89,.T.);
#1658=ADVANCED_FACE('',(#230),#157,.T.);
#1659=ADVANCED_FACE('',(#231),#1620,.F.);
#1660=ADVANCED_FACE('',(#232),#1621,.T.);
#1661=ADVANCED_FACE('',(#233),#158,.T.);
#1662=ADVANCED_FACE('',(#234),#159,.F.);
#1663=ADVANCED_FACE('',(#235),#1622,.F.);
#1664=ADVANCED_FACE('',(#236),#160,.F.);
#1665=ADVANCED_FACE('',(#237),#1623,.T.);
#1666=ADVANCED_FACE('',(#238),#1624,.T.);
#1667=ADVANCED_FACE('',(#239),#161,.F.);
#1668=ADVANCED_FACE('',(#240),#162,.T.);
#1669=ADVANCED_FACE('',(#241),#163,.F.);
#1670=ADVANCED_FACE('',(#242),#1625,.T.);
#1671=ADVANCED_FACE('',(#243),#164,.F.);
#1672=ADVANCED_FACE('',(#244),#165,.F.);
#1673=ADVANCED_FACE('',(#245),#1626,.F.);
#1674=ADVANCED_FACE('',(#246),#166,.F.);
#1675=ADVANCED_FACE('',(#247),#167,.T.);
#1676=ADVANCED_FACE('',(#248,#133,#134),#168,.T.);
#1677=ADVANCED_FACE('',(#249),#169,.T.);
#1678=ADVANCED_FACE('',(#250),#1627,.F.);
#1679=ADVANCED_FACE('',(#251),#1628,.F.);
#1680=ADVANCED_FACE('',(#252),#170,.T.);
#1681=ADVANCED_FACE('',(#253),#171,.T.);
#1682=ADVANCED_FACE('',(#254),#172,.T.);
#1683=ADVANCED_FACE('',(#255),#173,.T.);
#1684=ADVANCED_FACE('',(#256),#174,.F.);
#1685=ADVANCED_FACE('',(#257),#175,.F.);
#1686=ADVANCED_FACE('',(#258),#176,.T.);
#1687=ADVANCED_FACE('',(#259),#177,.T.);
#1688=ADVANCED_FACE('',(#260),#178,.T.);
#1689=ADVANCED_FACE('',(#261),#179,.T.);
#1690=ADVANCED_FACE('',(#262),#180,.T.);
#1691=ADVANCED_FACE('',(#263,#135,#136),#181,.T.);
#1692=ADVANCED_FACE('',(#264),#182,.T.);
#1693=ADVANCED_FACE('',(#265),#183,.T.);
#1694=ADVANCED_FACE('',(#266),#184,.T.);
#1695=ADVANCED_FACE('',(#267),#185,.F.);
#1696=ADVANCED_FACE('',(#268),#186,.F.);
#1697=ADVANCED_FACE('',(#269),#187,.F.);
#1698=ADVANCED_FACE('',(#270),#188,.F.);
#1699=ADVANCED_FACE('',(#271),#189,.T.);
#1700=ADVANCED_FACE('',(#272),#190,.T.);
#1701=ADVANCED_FACE('',(#273),#191,.F.);
#1702=ADVANCED_FACE('',(#274),#192,.F.);
#1703=ADVANCED_FACE('',(#275),#193,.T.);
#1704=ADVANCED_FACE('',(#276),#92,.F.);
#1705=ADVANCED_FACE('',(#277),#194,.T.);
#1706=ADVANCED_FACE('',(#278),#195,.F.);
#1707=ADVANCED_FACE('',(#279),#196,.F.);
#1708=ADVANCED_FACE('',(#280),#90,.T.);
#1709=ADVANCED_FACE('',(#281),#197,.F.);
#1710=ADVANCED_FACE('',(#282),#1629,.F.);
#1711=ADVANCED_FACE('',(#283),#1630,.T.);
#1712=ADVANCED_FACE('',(#284),#198,.F.);
#1713=ADVANCED_FACE('',(#285),#199,.T.);
#1714=ADVANCED_FACE('',(#286),#1631,.F.);
#1715=ADVANCED_FACE('',(#287),#200,.T.);
#1716=ADVANCED_FACE('',(#288),#1632,.T.);
#1717=ADVANCED_FACE('',(#289),#1633,.T.);
#1718=ADVANCED_FACE('',(#290),#201,.T.);
#1719=ADVANCED_FACE('',(#291),#202,.T.);
#1720=ADVANCED_FACE('',(#292),#1634,.T.);
#1721=ADVANCED_FACE('',(#293),#203,.T.);
#1722=ADVANCED_FACE('',(#294),#204,.T.);
#1723=ADVANCED_FACE('',(#295),#1635,.F.);
#1724=ADVANCED_FACE('',(#296),#205,.T.);
#1725=ADVANCED_FACE('',(#297,#137,#138),#206,.T.);
#1726=ADVANCED_FACE('',(#298),#207,.T.);
#1727=CLOSED_SHELL('',(#1636,#1637,#1638,#1639,#1640,#1641,#1642,#1643,
#1644,#1645,#1646,#1647,#1648,#1649,#1650,#1651,#1652,#1653,#1654,#1655,
#1656,#1657,#1658,#1659,#1660,#1661,#1662,#1663,#1664,#1665,#1666,#1667,
#1668,#1669,#1670,#1671,#1672,#1673,#1674,#1675,#1676,#1677));
#1728=CLOSED_SHELL('',(#1678,#1679,#1680,#1681,#1682,#1683,#1684,#1685,
#1686,#1687,#1688,#1689,#1690,#1691,#1692,#1693,#1694,#1695,#1696,#1697,
#1698,#1699,#1700,#1701,#1702,#1703,#1704,#1705,#1706,#1707,#1708,#1709,
#1710,#1711,#1712,#1713,#1714,#1715,#1716,#1717,#1718,#1719,#1720,#1721,
#1722,#1723,#1724,#1725,#1726));
#1729=DERIVED_UNIT_ELEMENT(#1732,1.);
#1730=DERIVED_UNIT_ELEMENT(#3082,-3.);
#1731=DIMENSIONAL_EXPONENTS(0.,1.,0.,0.,0.,0.,0.);
#1732=(
CONVERSION_BASED_UNIT('gram',#1734)
MASS_UNIT()
NAMED_UNIT(#1731)
);
#1733=(
MASS_UNIT()
NAMED_UNIT(*)
SI_UNIT(.KILO.,.GRAM.)
);
#1734=MASS_MEASURE_WITH_UNIT(MASS_MEASURE(0.001),#1733);
#1735=DERIVED_UNIT((#1729,#1730));
#1736=MEASURE_REPRESENTATION_ITEM('density measure',
POSITIVE_RATIO_MEASURE(1.),#1735);
#1737=PROPERTY_DEFINITION_REPRESENTATION(#1742,#1739);
#1738=PROPERTY_DEFINITION_REPRESENTATION(#1743,#1740);
#1739=REPRESENTATION('material name',(#1741),#3079);
#1740=REPRESENTATION('density',(#1736),#3079);
#1741=DESCRIPTIVE_REPRESENTATION_ITEM('\X2\4E00822C\X0\','\X2\4E00822C\X0\');
#1742=PROPERTY_DEFINITION('material property','material name',#3089);
#1743=PROPERTY_DEFINITION('material property','density of part',#3089);
#1744=DATE_TIME_ROLE('creation_date');
#1745=APPLIED_DATE_AND_TIME_ASSIGNMENT(#1746,#1744,(#3089));
#1746=DATE_AND_TIME(#1747,#1748);
#1747=CALENDAR_DATE(2025,8,4);
#1748=LOCAL_TIME(11,29,12.,#1749);
#1749=COORDINATED_UNIVERSAL_TIME_OFFSET(0,0,.BEHIND.);
#1750=AXIS2_PLACEMENT_3D('',#2305,#1877,#1878);
#1751=AXIS2_PLACEMENT_3D('',#2306,#1879,#1880);
#1752=AXIS2_PLACEMENT_3D('',#2308,#1881,#1882);
#1753=AXIS2_PLACEMENT_3D('',#2311,#1884,#1885);
#1754=AXIS2_PLACEMENT_3D('',#2312,#1886,#1887);
#1755=AXIS2_PLACEMENT_3D('',#2314,#1888,#1889);
#1756=AXIS2_PLACEMENT_3D('',#2317,#1891,#1892);
#1757=AXIS2_PLACEMENT_3D('',#2318,#1893,#1894);
#1758=AXIS2_PLACEMENT_3D('',#2329,#1900,#1901);
#1759=AXIS2_PLACEMENT_3D('',#2335,#1905,#1906);
#1760=AXIS2_PLACEMENT_3D('',#2341,#1910,#1911);
#1761=AXIS2_PLACEMENT_3D('',#2349,#1916,#1917);
#1762=AXIS2_PLACEMENT_3D('',#2353,#1920,#1921);
#1763=AXIS2_PLACEMENT_3D('',#2359,#1925,#1926);
#1764=AXIS2_PLACEMENT_3D('',#2367,#1931,#1932);
#1765=AXIS2_PLACEMENT_3D('',#2371,#1935,#1936);
#1766=AXIS2_PLACEMENT_3D('',#2377,#1940,#1941);
#1767=AXIS2_PLACEMENT_3D('',#2383,#1945,#1946);
#1768=AXIS2_PLACEMENT_3D('',#2387,#1948,#1949);
#1769=AXIS2_PLACEMENT_3D('',#2389,#1951,#1952);
#1770=AXIS2_PLACEMENT_3D('',#2399,#1956,#1957);
#1771=AXIS2_PLACEMENT_3D('',#2401,#1959,#1960);
#1772=AXIS2_PLACEMENT_3D('',#2405,#1963,#1964);
#1773=AXIS2_PLACEMENT_3D('',#2413,#1966,#1967);
#1774=AXIS2_PLACEMENT_3D('',#2420,#1972,#1973);
#1775=AXIS2_PLACEMENT_3D('',#2425,#1975,#1976);
#1776=AXIS2_PLACEMENT_3D('',#2452,#1979,#1980);
#1777=AXIS2_PLACEMENT_3D('',#2458,#1984,#1985);
#1778=AXIS2_PLACEMENT_3D('',#2468,#1989,#1990);
#1779=AXIS2_PLACEMENT_3D('',#2469,#1991,#1992);
#1780=AXIS2_PLACEMENT_3D('',#2470,#1993,#1994);
#1781=AXIS2_PLACEMENT_3D('',#2476,#1998,#1999);
#1782=AXIS2_PLACEMENT_3D('',#2479,#2000,#2001);
#1783=AXIS2_PLACEMENT_3D('',#2543,#2002,#2003);
#1784=AXIS2_PLACEMENT_3D('',#2557,#2004,#2005);
#1785=AXIS2_PLACEMENT_3D('',#2572,#2006,#2007);
#1786=AXIS2_PLACEMENT_3D('',#2573,#2008,#2009);
#1787=AXIS2_PLACEMENT_3D('',#2585,#2010,#2011);
#1788=AXIS2_PLACEMENT_3D('',#2586,#2012,#2013);
#1789=AXIS2_PLACEMENT_3D('',#2589,#2016,#2017);
#1790=AXIS2_PLACEMENT_3D('',#2595,#2021,#2022);
#1791=AXIS2_PLACEMENT_3D('',#2598,#2024,#2025);
#1792=AXIS2_PLACEMENT_3D('',#2599,#2026,#2027);
#1793=AXIS2_PLACEMENT_3D('',#2601,#2029,#2030);
#1794=AXIS2_PLACEMENT_3D('',#2602,#2031,#2032);
#1795=AXIS2_PLACEMENT_3D('',#2603,#2033,#2034);
#1796=AXIS2_PLACEMENT_3D('',#2604,#2035,#2036);
#1797=AXIS2_PLACEMENT_3D('',#2610,#2040,#2041);
#1798=AXIS2_PLACEMENT_3D('',#2612,#2042,#2043);
#1799=AXIS2_PLACEMENT_3D('',#2618,#2046,#2047);
#1800=AXIS2_PLACEMENT_3D('',#2620,#2049,#2050);
#1801=AXIS2_PLACEMENT_3D('',#2621,#2051,#2052);
#1802=AXIS2_PLACEMENT_3D('',#2622,#2053,#2054);
#1803=AXIS2_PLACEMENT_3D('',#2625,#2057,#2058);
#1804=AXIS2_PLACEMENT_3D('',#2628,#2061,#2062);
#1805=AXIS2_PLACEMENT_3D('',#2629,#2063,#2064);
#1806=AXIS2_PLACEMENT_3D('',#2630,#2065,#2066);
#1807=AXIS2_PLACEMENT_3D('',#2631,#2067,#2068);
#1808=AXIS2_PLACEMENT_3D('',#2633,#2070,#2071);
#1809=AXIS2_PLACEMENT_3D('',#2635,#2073,#2074);
#1810=AXIS2_PLACEMENT_3D('',#2636,#2075,#2076);
#1811=AXIS2_PLACEMENT_3D('',#2638,#2077,#2078);
#1812=AXIS2_PLACEMENT_3D('',#2641,#2080,#2081);
#1813=AXIS2_PLACEMENT_3D('',#2642,#2082,#2083);
#1814=AXIS2_PLACEMENT_3D('',#2644,#2084,#2085);
#1815=AXIS2_PLACEMENT_3D('',#2647,#2087,#2088);
#1816=AXIS2_PLACEMENT_3D('',#2648,#2089,#2090);
#1817=AXIS2_PLACEMENT_3D('',#2657,#2095,#2096);
#1818=AXIS2_PLACEMENT_3D('',#2671,#2104,#2105);
#1819=AXIS2_PLACEMENT_3D('',#2681,#2111,#2112);
#1820=AXIS2_PLACEMENT_3D('',#2691,#2118,#2119);
#1821=AXIS2_PLACEMENT_3D('',#2695,#2122,#2123);
#1822=AXIS2_PLACEMENT_3D('',#2699,#2126,#2127);
#1823=AXIS2_PLACEMENT_3D('',#2705,#2131,#2132);
#1824=AXIS2_PLACEMENT_3D('',#2707,#2134,#2135);
#1825=AXIS2_PLACEMENT_3D('',#2713,#2139,#2140);
#1826=AXIS2_PLACEMENT_3D('',#2716,#2143,#2144);
#1827=AXIS2_PLACEMENT_3D('',#2717,#2145,#2146);
#1828=AXIS2_PLACEMENT_3D('',#2719,#2148,#2149);
#1829=AXIS2_PLACEMENT_3D('',#2725,#2153,#2154);
#1830=AXIS2_PLACEMENT_3D('',#2731,#2158,#2159);
#1831=AXIS2_PLACEMENT_3D('',#2733,#2161,#2162);
#1832=AXIS2_PLACEMENT_3D('',#2741,#2167,#2168);
#1833=AXIS2_PLACEMENT_3D('',#2747,#2172,#2173);
#1834=AXIS2_PLACEMENT_3D('',#2753,#2177,#2178);
#1835=AXIS2_PLACEMENT_3D('',#2760,#2182,#2183);
#1836=AXIS2_PLACEMENT_3D('',#2768,#2186,#2187);
#1837=AXIS2_PLACEMENT_3D('',#2771,#2189,#2190);
#1838=AXIS2_PLACEMENT_3D('',#2772,#2191,#2192);
#1839=AXIS2_PLACEMENT_3D('',#2776,#2195,#2196);
#1840=AXIS2_PLACEMENT_3D('',#2782,#2199,#2200);
#1841=AXIS2_PLACEMENT_3D('',#2790,#2204,#2205);
#1842=AXIS2_PLACEMENT_3D('',#2795,#2208,#2209);
#1843=AXIS2_PLACEMENT_3D('',#2796,#2210,#2211);
#1844=AXIS2_PLACEMENT_3D('',#2808,#2216,#2217);
#1845=AXIS2_PLACEMENT_3D('',#2822,#2220,#2221);
#1846=AXIS2_PLACEMENT_3D('',#2840,#2223,#2224);
#1847=AXIS2_PLACEMENT_3D('',#2845,#2228,#2229);
#1848=AXIS2_PLACEMENT_3D('',#2846,#2230,#2231);
#1849=AXIS2_PLACEMENT_3D('',#2847,#2232,#2233);
#1850=AXIS2_PLACEMENT_3D('',#2857,#2237,#2238);
#1851=AXIS2_PLACEMENT_3D('',#2858,#2239,#2240);
#1852=AXIS2_PLACEMENT_3D('',#2859,#2241,#2242);
#1853=AXIS2_PLACEMENT_3D('',#2865,#2246,#2247);
#1854=AXIS2_PLACEMENT_3D('',#2868,#2248,#2249);
#1855=AXIS2_PLACEMENT_3D('',#2932,#2250,#2251);
#1856=AXIS2_PLACEMENT_3D('',#2946,#2252,#2253);
#1857=AXIS2_PLACEMENT_3D('',#2958,#2254,#2255);
#1858=AXIS2_PLACEMENT_3D('',#2960,#2256,#2257);
#1859=AXIS2_PLACEMENT_3D('',#2974,#2258,#2259);
#1860=AXIS2_PLACEMENT_3D('',#2975,#2260,#2261);
#1861=AXIS2_PLACEMENT_3D('',#2978,#2264,#2265);
#1862=AXIS2_PLACEMENT_3D('',#2981,#2268,#2269);
#1863=AXIS2_PLACEMENT_3D('',#2983,#2271,#2272);
#1864=AXIS2_PLACEMENT_3D('',#2984,#2273,#2274);
#1865=AXIS2_PLACEMENT_3D('',#2985,#2275,#2276);
#1866=AXIS2_PLACEMENT_3D('',#2986,#2277,#2278);
#1867=AXIS2_PLACEMENT_3D('',#2987,#2279,#2280);
#1868=AXIS2_PLACEMENT_3D('',#2989,#2282,#2283);
#1869=AXIS2_PLACEMENT_3D('',#2990,#2284,#2285);
#1870=AXIS2_PLACEMENT_3D('',#2993,#2288,#2289);
#1871=AXIS2_PLACEMENT_3D('',#2996,#2292,#2293);
#1872=AXIS2_PLACEMENT_3D('',#2997,#2294,#2295);
#1873=AXIS2_PLACEMENT_3D('',#2998,#2296,#2297);
#1874=AXIS2_PLACEMENT_3D('',#2999,#2298,#2299);
#1875=AXIS2_PLACEMENT_3D('',#3001,#2301,#2302);
#1876=AXIS2_PLACEMENT_3D('',#3030,#2303,#2304);
#1877=DIRECTION('axis',(0.,0.,1.));
#1878=DIRECTION('refdir',(1.,0.,0.));
#1879=DIRECTION('center_axis',(-0.984807753012207,0.,-0.173648177666936));
#1880=DIRECTION('ref_axis',(-0.173648177666936,0.,0.984807753012207));
#1881=DIRECTION('center_axis',(0.984807753012207,0.,0.173648177666936));
#1882=DIRECTION('ref_axis',(-0.173648177666936,0.,0.984807753012207));
#1883=DIRECTION('',(0.984807753012207,0.,0.173648177666936));
#1884=DIRECTION('center_axis',(-0.984807753012207,0.,-0.173648177666936));
#1885=DIRECTION('ref_axis',(-0.173648177666936,0.,0.984807753012207));
#1886=DIRECTION('center_axis',(-0.984807753012207,0.,-0.173648177666936));
#1887=DIRECTION('ref_axis',(-0.173648177666936,0.,0.984807753012207));
#1888=DIRECTION('center_axis',(0.984807753012207,0.,0.173648177666936));
#1889=DIRECTION('ref_axis',(-0.173648177666936,0.,0.984807753012207));
#1890=DIRECTION('',(0.984807753012207,0.,0.173648177666936));
#1891=DIRECTION('center_axis',(-0.984807753012207,0.,-0.173648177666936));
#1892=DIRECTION('ref_axis',(-0.173648177666936,0.,0.984807753012207));
#1893=DIRECTION('center_axis',(-0.246563356620629,0.,0.969126674471386));
#1894=DIRECTION('ref_axis',(0.969126674471386,0.,0.246563356620629));
#1895=DIRECTION('',(-0.969126674471386,0.,-0.246563356620629));
#1896=DIRECTION('',(0.,1.,0.));
#1897=DIRECTION('',(1.81429335612658E-18,1.,2.07374679530805E-17));
#1898=DIRECTION('',(-0.969126674471386,0.,-0.246563356620629));
#1899=DIRECTION('',(0.,-1.,0.));
#1900=DIRECTION('center_axis',(-0.996194698091746,0.,0.0871557427476528));
#1901=DIRECTION('ref_axis',(0.0871557427476528,0.,0.996194698091746));
#1902=DIRECTION('',(-0.0871557427476526,-5.54901557615353E-16,-0.996194698091746));
#1903=DIRECTION('',(-0.0871557427476528,0.,-0.996194698091746));
#1904=DIRECTION('',(0.,1.,0.));
#1905=DIRECTION('center_axis',(-0.984807753012207,0.,-0.173648177666936));
#1906=DIRECTION('ref_axis',(-0.173648177666936,0.,0.984807753012207));
#1907=DIRECTION('',(0.173648177666936,0.,-0.984807753012207));
#1908=DIRECTION('',(0.,1.,0.));
#1909=DIRECTION('',(0.173648177666936,0.,-0.984807753012207));
#1910=DIRECTION('center_axis',(0.,1.,0.));
#1911=DIRECTION('ref_axis',(0.,0.,1.));
#1912=DIRECTION('',(-0.984807753012207,0.,-0.173648177666936));
#1913=DIRECTION('',(-0.173648177666936,0.,0.984807753012207));
#1914=DIRECTION('',(0.984807753012207,0.,0.173648177666934));
#1915=DIRECTION('',(0.971442163783708,0.,0.237276468330147));
#1916=DIRECTION('center_axis',(0.,1.,0.));
#1917=DIRECTION('ref_axis',(0.,0.,1.));
#1918=DIRECTION('',(0.0871557427476527,0.,0.996194698091746));
#1919=DIRECTION('',(0.921113886607132,0.,0.389293215840584));
#1920=DIRECTION('center_axis',(-0.996194698091746,0.,0.0871557427476527));
#1921=DIRECTION('ref_axis',(-0.0871557427476527,0.,-0.996194698091746));
#1922=DIRECTION('',(1.81429335612658E-18,1.,2.07374679530805E-17));
#1923=DIRECTION('',(-0.0871557427476526,-1.13603811522549E-16,-0.996194698091746));
#1924=DIRECTION('',(0.,-1.,0.));
#1925=DIRECTION('center_axis',(0.237276468330147,0.,-0.971442163783708));
#1926=DIRECTION('ref_axis',(0.971442163783708,0.,0.237276468330147));
#1927=DIRECTION('',(-0.969218682862764,-0.0676199081067045,-0.236733379178791));
#1928=DIRECTION('',(0.,-1.,0.));
#1929=DIRECTION('',(-1.81429335612658E-18,-1.,-2.07374679530805E-17));
#1930=DIRECTION('',(0.,1.,0.));
#1931=DIRECTION('center_axis',(-0.996194698091746,0.,0.0871557427476527));
#1932=DIRECTION('ref_axis',(-0.0871557427476527,0.,-0.996194698091746));
#1933=DIRECTION('',(0.0871557427476526,3.65184218158051E-17,0.996194698091746));
#1934=DIRECTION('',(0.0871541315397454,0.00608052080509852,0.996176281901096));
#1935=DIRECTION('center_axis',(-0.389293215840584,0.,0.921113886607132));
#1936=DIRECTION('ref_axis',(-0.921113886607132,0.,-0.389293215840584));
#1937=DIRECTION('',(0.919217735433128,0.0641314699139391,0.388491839594952));
#1938=DIRECTION('',(0.,-1.,0.));
#1939=DIRECTION('',(0.,1.,0.));
#1940=DIRECTION('center_axis',(-0.996194698091746,0.,0.0871557427476526));
#1941=DIRECTION('ref_axis',(-0.0871557427476526,0.,-0.996194698091746));
#1942=DIRECTION('',(0.0871541315397454,0.00608052080509852,0.996176281901096));
#1943=DIRECTION('',(1.81429335612658E-18,1.,2.07374679530805E-17));
#1944=DIRECTION('',(0.0871557427476526,3.65184218158051E-17,0.996194698091746));
#1945=DIRECTION('center_axis',(0.,0.,1.));
#1946=DIRECTION('ref_axis',(1.,0.,0.));
#1947=DIRECTION('',(-0.992602145245472,-0.121412442748208,0.));
#1948=DIRECTION('center_axis',(0.,0.,1.));
#1949=DIRECTION('ref_axis',(1.,0.,0.));
#1950=DIRECTION('',(0.997575100836221,0.0695982628490387,0.));
#1951=DIRECTION('center_axis',(-0.121405593760131,0.992546151641322,0.0106216131426443));
#1952=DIRECTION('ref_axis',(0.,-0.0107007668976048,0.999942745154843));
#1953=DIRECTION('',(-0.988769213876451,-0.121869343405148,0.0865060970576232));
#1954=DIRECTION('',(-0.0871557427476517,0.,-0.996194698091746));
#1955=DIRECTION('',(0.,0.010700766897605,-0.999942745154843));
#1956=DIRECTION('center_axis',(-0.0871557427476521,2.08166817117217E-17,
-0.996194698091746));
#1957=DIRECTION('ref_axis',(-0.996194698091746,0.,0.0871557427476521));
#1958=DIRECTION('',(0.672685844962426,0.737583995692985,-0.0588523855485655));
#1959=DIRECTION('center_axis',(0.734777265906677,-0.675255395607892,-0.0642846809834031));
#1960=DIRECTION('ref_axis',(-0.0871557427476521,0.,-0.996194698091746));
#1961=DIRECTION('',(0.672685844962426,0.737583995692985,-0.0588523855485655));
#1962=DIRECTION('',(-0.0871557427476517,0.,-0.996194698091746));
#1963=DIRECTION('center_axis',(0.0695982628490387,-0.997575100836221,0.));
#1964=DIRECTION('ref_axis',(0.,0.,-1.));
#1965=DIRECTION('',(0.,0.,1.));
#1966=DIRECTION('center_axis',(0.0697223380288707,-0.99756643660435,-1.18442927580588E-5));
#1967=DIRECTION('ref_axis',(0.993089151015183,0.0694105333185174,-0.0946367581882508));
#1968=DIRECTION('',(0.993797309955966,0.0693346960434395,-0.0869459984636998));
#1969=DIRECTION('',(-0.982491448471449,-0.0685459150096359,-0.17323975068086));
#1970=DIRECTION('',(0.173635435640879,0.0121141001609916,-0.984735489391487));
#1971=DIRECTION('',(0.982491448471448,0.0685459150096359,0.173239750680863));
#1972=DIRECTION('center_axis',(0.747124462400395,-0.664684163857483,0.));
#1973=DIRECTION('ref_axis',(0.,0.,-1.));
#1974=DIRECTION('',(0.,0.,-1.));
#1975=DIRECTION('center_axis',(0.747124462400395,-0.664684163857483,0.));
#1976=DIRECTION('ref_axis',(-0.664684163857483,-0.747124462400395,0.));
#1977=DIRECTION('',(0.,0.,-1.));
#1978=DIRECTION('',(0.,1.,0.));
#1979=DIRECTION('center_axis',(0.996194698091746,0.,-0.0871557427476517));
#1980=DIRECTION('ref_axis',(-0.0871557427476517,0.,-0.996194698091746));
#1981=DIRECTION('',(0.,1.,0.));
#1982=DIRECTION('',(0.0871557427476515,0.,0.996194698091746));
#1983=DIRECTION('',(0.,-1.,0.));
#1984=DIRECTION('center_axis',(-1.,0.,0.));
#1985=DIRECTION('ref_axis',(0.,0.,1.));
#1986=DIRECTION('',(0.,0.,-1.));
#1987=DIRECTION('',(0.,-1.,0.));
#1988=DIRECTION('',(0.,0.,-1.));
#1989=DIRECTION('center_axis',(0.,0.,-1.));
#1990=DIRECTION('ref_axis',(0.944665990397451,0.328033788787684,0.));
#1991=DIRECTION('center_axis',(0.,0.,1.));
#1992=DIRECTION('ref_axis',(1.,0.,0.));
#1993=DIRECTION('center_axis',(-1.,0.,0.));
#1994=DIRECTION('ref_axis',(0.,0.,1.));
#1995=DIRECTION('',(0.,1.,0.));
#1996=DIRECTION('',(0.,-0.0107007668976037,-0.999942745154843));
#1997=DIRECTION('',(0.,-1.,0.));
#1998=DIRECTION('center_axis',(0.,0.,-1.));
#1999=DIRECTION('ref_axis',(0.999927742586824,0.0120212147979489,0.));
#2000=DIRECTION('center_axis',(0.,0.,1.));
#2001=DIRECTION('ref_axis',(1.,0.,0.));
#2002=DIRECTION('center_axis',(0.,0.,-1.));
#2003=DIRECTION('ref_axis',(0.999990338424573,0.00439579998492517,0.));
#2004=DIRECTION('center_axis',(0.121405593760118,0.992546151641324,-0.0106216131426432));
#2005=DIRECTION('ref_axis',(-0.00128959599757465,-0.0105430359913552,-0.999943589076028));
#2006=DIRECTION('center_axis',(-0.996194698091746,0.,0.0871557427476522));
#2007=DIRECTION('ref_axis',(-0.0871557427476522,0.,-0.996194698091746));
#2008=DIRECTION('center_axis',(-0.0648580786602986,0.997878365044017,0.0056743466208484));
#2009=DIRECTION('ref_axis',(-0.000368033144532638,0.00566239888899211,-0.999983900765621));
#2010=DIRECTION('center_axis',(0.,0.,1.));
#2011=DIRECTION('ref_axis',(1.,0.,0.));
#2012=DIRECTION('center_axis',(0.,0.,1.));
#2013=DIRECTION('ref_axis',(1.,0.,0.));
#2014=DIRECTION('',(0.,-1.,0.));
#2015=DIRECTION('',(0.,-1.,0.));
#2016=DIRECTION('center_axis',(0.996194698091746,0.,-0.0871557427476517));
#2017=DIRECTION('ref_axis',(-0.0871557427476517,0.,-0.996194698091746));
#2018=DIRECTION('',(0.,1.,0.));
#2019=DIRECTION('',(0.0871557427476517,-5.94823692012045E-16,0.996194698091746));
#2020=DIRECTION('',(-0.0871557427476517,5.74312530218526E-16,-0.996194698091746));
#2021=DIRECTION('center_axis',(0.0871557427476515,0.,0.996194698091746));
#2022=DIRECTION('ref_axis',(0.996194698091746,0.,-0.0871557427476514));
#2023=DIRECTION('',(0.0871557427476514,0.,0.996194698091746));
#2024=DIRECTION('center_axis',(-0.0871557427476521,2.08166817117217E-17,
-0.996194698091746));
#2025=DIRECTION('ref_axis',(-0.996194698091746,0.,0.0871557427476521));
#2026=DIRECTION('center_axis',(0.70441602640276,-0.707106781186546,-0.0616284167162147));
#2027=DIRECTION('ref_axis',(-0.0871557427476515,0.,-0.996194698091746));
#2028=DIRECTION('',(0.704416026402754,0.707106781186553,-0.0616284167162113));
#2029=DIRECTION('center_axis',(0.,-1.,0.));
#2030=DIRECTION('ref_axis',(0.,0.,-1.));
#2031=DIRECTION('center_axis',(0.,-1.,0.));
#2032=DIRECTION('ref_axis',(0.,0.,-1.));
#2033=DIRECTION('center_axis',(0.121405593760118,0.992546151641324,-0.0106216131426432));
#2034=DIRECTION('ref_axis',(0.988769213876453,-0.121869343405135,-0.0865060970576232));
#2035=DIRECTION('center_axis',(-0.0695969726500648,0.99755660798426,0.00608894612260403));
#2036=DIRECTION('ref_axis',(0.,-0.00610374654307545,0.999981371965567));
#2037=DIRECTION('',(-0.993760603920306,-0.0698628217790968,0.0869427871016967));
#2038=DIRECTION('',(-0.0871557427476523,0.,-0.996194698091746));
#2039=DIRECTION('',(-0.993760603920306,-0.0698628217790968,0.0869427871016966));
#2040=DIRECTION('center_axis',(-0.0871557427476521,2.08166817117217E-17,
-0.996194698091746));
#2041=DIRECTION('ref_axis',(-0.996194698091746,0.,0.0871557427476521));
#2042=DIRECTION('center_axis',(-0.0871557427476521,2.08166817117217E-17,
-0.996194698091746));
#2043=DIRECTION('ref_axis',(-0.996194698091746,1.1617897384059E-16,0.0871557427476521));
#2044=DIRECTION('',(0.99408113659731,0.0651058259841545,-0.0869708300772258));
#2045=DIRECTION('',(0.,1.,0.));
#2046=DIRECTION('center_axis',(-0.0871557427476522,3.46944695195361E-17,
-0.996194698091746));
#2047=DIRECTION('ref_axis',(-0.996194698091746,0.,0.0871557427476521));
#2048=DIRECTION('',(0.988769213876453,-0.121869343405136,-0.0865060970576144));
#2049=DIRECTION('center_axis',(-0.0871557427476521,2.08166817117217E-17,
-0.996194698091746));
#2050=DIRECTION('ref_axis',(-0.996194698091746,0.,0.0871557427476521));
#2051=DIRECTION('center_axis',(-0.0871557427476521,2.08166817117217E-17,
-0.996194698091746));
#2052=DIRECTION('ref_axis',(-0.996194698091746,1.1617897384059E-16,0.0871557427476521));
#2053=DIRECTION('center_axis',(-0.0871557427476522,2.08166817117217E-17,
-0.996194698091746));
#2054=DIRECTION('ref_axis',(-0.996194698091746,0.,0.0871557427476521));
#2055=DIRECTION('',(-0.0871557427476521,3.2290119375556E-17,-0.996194698091746));
#2056=DIRECTION('',(-0.0871557427476522,2.39806104467357E-17,-0.996194698091746));
#2057=DIRECTION('center_axis',(-0.0648580786602986,0.997878365044017,0.0056743466208484));
#2058=DIRECTION('ref_axis',(0.,-0.00568631917583879,0.999983832756425));
#2059=DIRECTION('',(-0.0871557427476522,1.14094496923052E-17,-0.996194698091746));
#2060=DIRECTION('',(-0.0871557427476522,3.03403404133938E-17,-0.996194698091746));
#2061=DIRECTION('center_axis',(-0.996194698091746,0.,0.0871557427476522));
#2062=DIRECTION('ref_axis',(0.0871557427476522,0.,0.996194698091746));
#2063=DIRECTION('center_axis',(0.0871557427476526,0.,0.996194698091746));
#2064=DIRECTION('ref_axis',(0.657678375111352,-0.751098110848712,-0.0575394020683896));
#2065=DIRECTION('center_axis',(0.121405593760118,0.992546151641324,-0.0106216131426432));
#2066=DIRECTION('ref_axis',(0.,0.0107007668976037,0.999942745154843));
#2067=DIRECTION('center_axis',(-0.173648177666936,0.,0.984807753012207));
#2068=DIRECTION('ref_axis',(-0.984807753012207,0.,-0.173648177666936));
#2069=DIRECTION('',(0.,-1.,0.));
#2070=DIRECTION('center_axis',(0.984807753012207,0.,0.173648177666936));
#2071=DIRECTION('ref_axis',(-0.173648177666936,0.,0.984807753012207));
#2072=DIRECTION('',(0.,1.,0.));
#2073=DIRECTION('center_axis',(0.173648177666934,0.,-0.984807753012208));
#2074=DIRECTION('ref_axis',(0.984807753012207,0.,0.173648177666934));
#2075=DIRECTION('center_axis',(0.984807753012207,0.,0.173648177666936));
#2076=DIRECTION('ref_axis',(0.173648177666936,0.,-0.984807753012207));
#2077=DIRECTION('center_axis',(-0.984807753012207,0.,-0.173648177666936));
#2078=DIRECTION('ref_axis',(0.173648177666936,0.,-0.984807753012207));
#2079=DIRECTION('',(-0.984807753012207,0.,-0.173648177666936));
#2080=DIRECTION('center_axis',(0.984807753012207,0.,0.173648177666936));
#2081=DIRECTION('ref_axis',(0.173648177666936,0.,-0.984807753012207));
#2082=DIRECTION('center_axis',(0.984807753012207,0.,0.173648177666936));
#2083=DIRECTION('ref_axis',(0.173648177666936,0.,-0.984807753012207));
#2084=DIRECTION('center_axis',(-0.984807753012207,0.,-0.173648177666936));
#2085=DIRECTION('ref_axis',(0.173648177666936,0.,-0.984807753012207));
#2086=DIRECTION('',(-0.984807753012207,0.,-0.173648177666936));
#2087=DIRECTION('center_axis',(0.984807753012207,0.,0.173648177666936));
#2088=DIRECTION('ref_axis',(0.173648177666936,0.,-0.984807753012207));
#2089=DIRECTION('center_axis',(-0.174013122511487,0.,0.984743333663042));
#2090=DIRECTION('ref_axis',(0.984743333663042,0.,0.174013122511487));
#2091=DIRECTION('',(-0.984743333663042,0.,-0.174013122511487));
#2092=DIRECTION('',(0.,1.,0.));
#2093=DIRECTION('',(-0.984743333663042,0.,-0.174013122511487));
#2094=DIRECTION('',(0.,1.,0.));
#2095=DIRECTION('center_axis',(0.,1.,0.));
#2096=DIRECTION('ref_axis',(0.,0.,1.));
#2097=DIRECTION('',(-0.317424608008022,0.,0.948283511525405));
#2098=DIRECTION('',(-0.948283511525405,0.,-0.317424608008023));
#2099=DIRECTION('',(0.317424608008023,0.,-0.948283511525405));
#2100=DIRECTION('',(0.984807753012207,0.,0.173648177666934));
#2101=DIRECTION('',(0.173648177666936,0.,-0.984807753012207));
#2102=DIRECTION('',(-0.984807753012207,0.,-0.173648177666937));
#2103=DIRECTION('',(0.173648177666934,0.,-0.984807753012207));
#2104=DIRECTION('center_axis',(0.,1.,0.));
#2105=DIRECTION('ref_axis',(0.,0.,1.));
#2106=DIRECTION('',(0.173648177666936,0.,-0.984807753012207));
#2107=DIRECTION('',(0.984807753012207,0.,0.173648177666937));
#2108=DIRECTION('',(-0.08715574274765,0.,-0.996194698091746));
#2109=DIRECTION('',(0.0871557427476517,0.,0.996194698091746));
#2110=DIRECTION('',(0.317424608008022,0.,-0.948283511525405));
#2111=DIRECTION('center_axis',(-0.948283511525405,0.,-0.317424608008022));
#2112=DIRECTION('ref_axis',(0.,1.,0.));
#2113=DIRECTION('',(0.,-1.,0.));
#2114=DIRECTION('',(0.,1.,0.));
#2115=DIRECTION('',(0.317424608008022,0.,-0.948283511525405));
#2116=DIRECTION('',(0.,-1.,0.));
#2117=DIRECTION('',(-0.317409680194774,0.00969812310116058,0.948238915741685));
#2118=DIRECTION('center_axis',(0.317424608008022,0.,-0.948283511525405));
#2119=DIRECTION('ref_axis',(-0.948283511525405,0.,-0.317424608008022));
#2120=DIRECTION('',(0.946296461462064,-0.0647027406136314,0.316759470863084));
#2121=DIRECTION('',(-0.948283511525405,0.,-0.317424608008022));
#2122=DIRECTION('center_axis',(0.,1.,0.));
#2123=DIRECTION('ref_axis',(0.,0.,1.));
#2124=DIRECTION('',(0.317424608008022,0.,-0.948283511525405));
#2125=DIRECTION('',(-0.948283511525405,0.,-0.317424608008022));
#2126=DIRECTION('center_axis',(-0.0644256416306784,-0.997857849385659,-0.0113599788689434));
#2127=DIRECTION('ref_axis',(-0.982698146479085,0.065419510999605,-0.173276197116465));
#2128=DIRECTION('',(-0.982698146479085,0.0654195109996049,-0.173276197116465));
#2129=DIRECTION('',(0.173648177666934,0.,-0.984807753012207));
#2130=DIRECTION('',(-0.982698146479085,0.065419510999605,-0.173276197116465));
#2131=DIRECTION('center_axis',(0.173648177666934,0.,-0.984807753012207));
#2132=DIRECTION('ref_axis',(-0.984807753012207,0.,-0.173648177666934));
#2133=DIRECTION('',(0.,1.,0.));
#2134=DIRECTION('center_axis',(-0.0572442274941693,-0.998176300849875,-0.019161702436257));
#2135=DIRECTION('ref_axis',(-0.946554127691359,0.0603661529473252,-0.31684572102017));
#2136=DIRECTION('',(0.946554127691359,-0.0603661529473252,0.31684572102017));
#2137=DIRECTION('',(-0.946554127691359,0.0603661529473252,-0.31684572102017));
#2138=DIRECTION('',(0.317424608008022,0.,-0.948283511525405));
#2139=DIRECTION('center_axis',(0.948283511525405,0.,0.317424608008022));
#2140=DIRECTION('ref_axis',(0.,-1.,0.));
#2141=DIRECTION('',(1.81429335612656E-18,1.,2.07374679530805E-17));
#2142=DIRECTION('',(0.,1.,0.));
#2143=DIRECTION('center_axis',(0.317424608008022,0.,-0.948283511525405));
#2144=DIRECTION('ref_axis',(-0.948283511525405,0.,-0.317424608008022));
#2145=DIRECTION('center_axis',(0.984807753012207,0.,0.173648177666936));
#2146=DIRECTION('ref_axis',(0.173648177666936,0.,-0.984807753012207));
#2147=DIRECTION('',(0.,1.,0.));
#2148=DIRECTION('center_axis',(0.996194698091746,0.,-0.08715574274765));
#2149=DIRECTION('ref_axis',(0.08715574274765,0.,0.996194698091746));
#2150=DIRECTION('',(-1.81429335612656E-18,-1.,-2.07374679530805E-17));
#2151=DIRECTION('',(0.,-1.,0.));
#2152=DIRECTION('',(0.0871557427476517,-8.7387547325038E-18,0.996194698091746));
#2153=DIRECTION('center_axis',(0.996194698091746,0.,-0.08715574274765));
#2154=DIRECTION('ref_axis',(0.08715574274765,0.,0.996194698091746));
#2155=DIRECTION('',(-0.0871557427476517,3.39099631146762E-17,-0.996194698091746));
#2156=DIRECTION('',(-0.0871541315397428,-0.00608052080509857,-0.996176281901096));
#2157=DIRECTION('',(0.,-1.,0.));
#2158=DIRECTION('center_axis',(0.317424608008023,0.,-0.948283511525405));
#2159=DIRECTION('ref_axis',(0.948283511525405,0.,0.317424608008023));
#2160=DIRECTION('',(-0.946506341614746,0.0611937124931286,-0.316829725301112));
#2161=DIRECTION('center_axis',(0.996194698091746,0.,-0.0871557427476517));
#2162=DIRECTION('ref_axis',(0.0871557427476517,0.,0.996194698091746));
#2163=DIRECTION('',(0.,-1.,0.));
#2164=DIRECTION('',(-0.0871541315397445,-0.00608052080509845,-0.996176281901096));
#2165=DIRECTION('',(0.,-1.,0.));
#2166=DIRECTION('',(0.0871557427476517,-8.7387547325038E-18,0.996194698091746));
#2167=DIRECTION('center_axis',(0.996194698091746,0.,-0.0871557427476517));
#2168=DIRECTION('ref_axis',(0.0871557427476517,0.,0.996194698091746));
#2169=DIRECTION('',(-0.0871541315397445,-0.00608052080509845,-0.996176281901096));
#2170=DIRECTION('',(-0.0871557427476517,3.39099631146762E-17,-0.996194698091746));
#2171=DIRECTION('',(-1.81429335612656E-18,-1.,-2.07374679530805E-17));
#2172=DIRECTION('center_axis',(0.996194698091746,0.,-0.0871557427476517));
#2173=DIRECTION('ref_axis',(0.0871557427476517,0.,0.996194698091746));
#2174=DIRECTION('',(-1.81429335612656E-18,-1.,-2.07374679530805E-17));
#2175=DIRECTION('',(0.0871557427476517,-5.54901557615353E-16,0.996194698091746));
#2176=DIRECTION('',(1.81429335612656E-18,1.,2.07374679530805E-17));
#2177=DIRECTION('center_axis',(0.068540908849915,0.997575100836221,-0.0120856115125187));
#2178=DIRECTION('ref_axis',(-0.173648177666917,0.,-0.98480775301221));
#2179=DIRECTION('',(0.982698146479084,-0.0654195109996048,0.173276197116469));
#2180=DIRECTION('',(-0.1735987620993,0.0238550800226097,0.984527503401863));
#2181=DIRECTION('',(-0.993797309955966,0.0693346960434395,0.086945998463699));
#2182=DIRECTION('center_axis',(0.0686651557888231,0.99756643660435,-0.0120954925900531));
#2183=DIRECTION('ref_axis',(-0.994435395951761,0.0694105333185174,0.0792491081508416));
#2184=DIRECTION('',(0.173648177666917,0.,0.98480775301221));
#2185=DIRECTION('',(-0.982419693515448,0.0695982628490387,0.173227098346101));
#2186=DIRECTION('center_axis',(0.0871557427476512,-2.08166817117217E-17,
0.996194698091746));
#2187=DIRECTION('ref_axis',(0.996194698091746,0.,-0.0871557427476512));
#2188=DIRECTION('',(0.993760603920306,-0.0698628217790968,-0.0869427871016957));
#2189=DIRECTION('center_axis',(0.0871557427476512,-2.08166817117217E-17,
0.996194698091746));
#2190=DIRECTION('ref_axis',(0.996194698091746,1.1617897384059E-16,-0.0871557427476512));
#2191=DIRECTION('center_axis',(-0.0695969726500648,-0.99755660798426,0.00608894612260397));
#2192=DIRECTION('ref_axis',(0.173644942942685,-0.00610374654307545,0.984789407979477));
#2193=DIRECTION('',(0.993760603920306,-0.0698628217790968,-0.0869427871016958));
#2194=DIRECTION('',(-0.0871557427476511,0.,-0.996194698091746));
#2195=DIRECTION('center_axis',(0.0871557427476512,-2.08166817117217E-17,
0.996194698091746));
#2196=DIRECTION('ref_axis',(0.996194698091746,0.,-0.0871557427476512));
#2197=DIRECTION('',(-0.672685844962426,0.737583995692985,0.0588523855485649));
#2198=DIRECTION('',(0.,1.,0.));
#2199=DIRECTION('center_axis',(0.0871557427476512,-2.08166817117217E-17,
0.996194698091746));
#2200=DIRECTION('ref_axis',(0.996194698091746,0.,-0.0871557427476512));
#2201=DIRECTION('',(-0.704416026402753,0.707106781186553,0.0616284167162172));
#2202=DIRECTION('',(0.,1.,0.));
#2203=DIRECTION('',(-0.988769213876452,-0.121869343405136,0.0865060970576313));
#2204=DIRECTION('center_axis',(0.0871557427476512,-3.46944695195361E-17,
0.996194698091746));
#2205=DIRECTION('ref_axis',(0.996194698091746,0.,-0.0871557427476512));
#2206=DIRECTION('',(0.,1.,0.));
#2207=DIRECTION('',(-0.99408113659731,0.0651058259841545,0.0869708300772215));
#2208=DIRECTION('center_axis',(0.0871557427476512,-2.08166817117217E-17,
0.996194698091746));
#2209=DIRECTION('ref_axis',(0.996194698091746,1.1617897384059E-16,-0.0871557427476512));
#2210=DIRECTION('center_axis',(-0.121405593760131,-0.992546151641322,0.0106216131426443));
#2211=DIRECTION('ref_axis',(0.173638235467393,-0.0107007668976048,0.984751367996802));
#2212=DIRECTION('',(0.977522288294293,-0.121412442748208,-0.172363553670149));
#2213=DIRECTION('',(-0.173638235467393,0.010700766897605,-0.984751367996802));
#2214=DIRECTION('',(-0.0871557427476517,0.,-0.996194698091746));
#2215=DIRECTION('',(0.988769213876451,-0.121869343405148,-0.0865060970576223));
#2216=DIRECTION('center_axis',(0.735773963036988,0.664684163857483,-0.129736801386204));
#2217=DIRECTION('ref_axis',(-0.173648177666917,0.,-0.98480775301221));
#2218=DIRECTION('',(-0.173648177666917,0.,-0.98480775301221));
#2219=DIRECTION('',(-0.173648177666918,0.,-0.98480775301221));
#2220=DIRECTION('center_axis',(0.735773963036988,0.664684163857483,-0.129736801386204));
#2221=DIRECTION('ref_axis',(0.654586117871287,-0.747124462400395,-0.115421193777911));
#2222=DIRECTION('',(0.,1.,0.));
#2223=DIRECTION('center_axis',(0.996194698091746,0.,-0.0871557427476517));
#2224=DIRECTION('ref_axis',(-0.0871557427476517,0.,-0.996194698091746));
#2225=DIRECTION('',(-0.0871557427476516,0.,-0.996194698091746));
#2226=DIRECTION('',(0.,-1.,0.));
#2227=DIRECTION('',(0.0871557427476519,0.,0.996194698091746));
#2228=DIRECTION('center_axis',(-0.173648177666918,0.,-0.98480775301221));
#2229=DIRECTION('ref_axis',(-0.98480775301221,0.,0.173648177666917));
#2230=DIRECTION('center_axis',(-0.173648177666918,0.,-0.98480775301221));
#2231=DIRECTION('ref_axis',(-0.98480775301221,0.,0.173648177666917));
#2232=DIRECTION('center_axis',(-0.98480775301221,0.,0.173648177666918));
#2233=DIRECTION('ref_axis',(0.173648177666917,0.,0.98480775301221));
#2234=DIRECTION('',(-0.173648177666918,0.,-0.98480775301221));
#2235=DIRECTION('',(-0.173648177666917,0.,-0.98480775301221));
#2236=DIRECTION('',(0.,-1.,0.));
#2237=DIRECTION('center_axis',(-0.173648177666918,0.,-0.98480775301221));
#2238=DIRECTION('ref_axis',(-0.930314391350368,0.328033788787683,0.164039527736431));
#2239=DIRECTION('center_axis',(-0.173648177666918,0.,-0.98480775301221));
#2240=DIRECTION('ref_axis',(-0.98480775301221,0.,0.173648177666917));
#2241=DIRECTION('center_axis',(-0.98480775301221,0.,0.173648177666918));
#2242=DIRECTION('ref_axis',(0.173648177666917,0.,0.98480775301221));
#2243=DIRECTION('',(0.,1.,0.));
#2244=DIRECTION('',(0.,-1.,0.));
#2245=DIRECTION('',(-0.173638235467393,-0.0107007668976037,-0.984751367996802));
#2246=DIRECTION('center_axis',(0.173648177666918,0.,0.98480775301221));
#2247=DIRECTION('ref_axis',(-0.984736593351502,0.0120212147979489,0.173635630298797));
#2248=DIRECTION('center_axis',(-0.173648177666918,0.,-0.98480775301221));
#2249=DIRECTION('ref_axis',(-0.98480775301221,0.,0.173648177666918));
#2250=DIRECTION('center_axis',(0.173648177666918,0.,0.98480775301221));
#2251=DIRECTION('ref_axis',(-0.984798238217824,0.00439579998492339,0.173646499951951));
#2252=DIRECTION('center_axis',(-0.173648177666918,0.,-0.98480775301221));
#2253=DIRECTION('ref_axis',(-0.98480775301221,0.,0.173648177666917));
#2254=DIRECTION('center_axis',(-0.0648580786602986,-0.997878365044017,0.0056743466208483));
#2255=DIRECTION('ref_axis',(-0.173282940170104,0.00566239888899211,-0.984855806646245));
#2256=DIRECTION('center_axis',(-0.996194698091746,0.,0.0871557427476512));
#2257=DIRECTION('ref_axis',(-0.0871557427476512,0.,-0.996194698091746));
#2258=DIRECTION('center_axis',(0.121405593760118,-0.992546151641324,-0.0106216131426432));
#2259=DIRECTION('ref_axis',(-0.172368377876104,-0.0105430359913552,-0.984976135091833));
#2260=DIRECTION('center_axis',(-0.173648177666918,0.,-0.98480775301221));
#2261=DIRECTION('ref_axis',(-0.98480775301221,0.,0.173648177666917));
#2262=DIRECTION('',(0.,-1.,0.));
#2263=DIRECTION('',(0.,-1.,0.));
#2264=DIRECTION('center_axis',(0.996194698091746,0.,-0.0871557427476517));
#2265=DIRECTION('ref_axis',(-0.0871557427476517,0.,-0.996194698091746));
#2266=DIRECTION('',(-0.0871557427476517,5.74312530218526E-16,-0.996194698091746));
#2267=DIRECTION('',(0.0871557427476517,-5.94823692012045E-16,0.996194698091746));
#2268=DIRECTION('center_axis',(-0.0871557427476519,0.,-0.996194698091746));
#2269=DIRECTION('ref_axis',(-0.996194698091746,0.,0.0871557427476519));
#2270=DIRECTION('',(0.0871557427476519,0.,0.996194698091746));
#2271=DIRECTION('center_axis',(0.70441602640276,0.707106781186546,-0.061628416716215));
#2272=DIRECTION('ref_axis',(-0.0871557427476519,0.,-0.996194698091746));
#2273=DIRECTION('center_axis',(0.,1.,0.));
#2274=DIRECTION('ref_axis',(-0.173648177666918,0.,-0.98480775301221));
#2275=DIRECTION('center_axis',(0.,1.,0.));
#2276=DIRECTION('ref_axis',(-0.173648177666918,0.,-0.98480775301221));
#2277=DIRECTION('center_axis',(0.121405593760118,-0.992546151641324,-0.0106216131426432));
#2278=DIRECTION('ref_axis',(-0.988769213876453,-0.121869343405135,0.0865060970576226));
#2279=DIRECTION('center_axis',(0.0871557427476512,-2.08166817117217E-17,
0.996194698091746));
#2280=DIRECTION('ref_axis',(0.996194698091746,0.,-0.0871557427476512));
#2281=DIRECTION('',(-0.672685844962426,0.737583995692985,0.0588523855485649));
#2282=DIRECTION('center_axis',(0.734777265906677,0.675255395607892,-0.0642846809834025));
#2283=DIRECTION('ref_axis',(-0.0871557427476513,0.,-0.996194698091746));
#2284=DIRECTION('center_axis',(0.0871557427476512,-2.08166817117217E-17,
0.996194698091746));
#2285=DIRECTION('ref_axis',(0.996194698091746,0.,-0.0871557427476512));
#2286=DIRECTION('',(-0.0871557427476512,2.39806104467357E-17,-0.996194698091746));
#2287=DIRECTION('',(-0.0871557427476512,3.2290119375556E-17,-0.996194698091746));
#2288=DIRECTION('center_axis',(-0.0648580786602986,-0.997878365044017,0.0056743466208483));
#2289=DIRECTION('ref_axis',(0.173645370254533,-0.00568631917583879,0.984791831385393));
#2290=DIRECTION('',(-0.0871557427476512,1.14094496923052E-17,-0.996194698091746));
#2291=DIRECTION('',(-0.0871557427476512,3.03403404133938E-17,-0.996194698091746));
#2292=DIRECTION('center_axis',(-0.996194698091746,0.,0.0871557427476512));
#2293=DIRECTION('ref_axis',(0.0871557427476512,0.,0.996194698091746));
#2294=DIRECTION('center_axis',(-0.0871557427476508,0.,-0.996194698091746));
#2295=DIRECTION('ref_axis',(-0.657678375111352,-0.751098110848712,0.0575394020683889));
#2296=DIRECTION('center_axis',(0.121405593760118,-0.992546151641324,-0.0106216131426432));
#2297=DIRECTION('ref_axis',(0.173638235467393,0.0107007668976037,0.984751367996802));
#2298=DIRECTION('center_axis',(-0.984807753012207,0.,-0.173648177666936));
#2299=DIRECTION('ref_axis',(0.173648177666936,0.,-0.984807753012207));
#2300=DIRECTION('',(0.,1.,0.));
#2301=DIRECTION('center_axis',(-0.173648177666937,0.,0.984807753012207));
#2302=DIRECTION('ref_axis',(-0.984807753012207,0.,-0.173648177666937));
#2303=DIRECTION('center_axis',(0.,1.,0.));
#2304=DIRECTION('ref_axis',(1.,0.,0.));
#2305=CARTESIAN_POINT('',(0.,0.,0.));
#2306=CARTESIAN_POINT('Origin',(48.7941005779493,14.012,9.51077690574692));
#2307=CARTESIAN_POINT('',(12.5210781630472,14.012,1.43941047254506));
#2308=CARTESIAN_POINT('Origin',(12.2345586698968,14.012,3.0643432650152));
#2309=CARTESIAN_POINT('',(15.4755014220838,14.012,1.96035500554587));
#2310=CARTESIAN_POINT('',(49.0806200710998,14.012,7.88584411327678));
#2311=CARTESIAN_POINT('Origin',(15.1889819289334,14.012,3.58528779801601));
#2312=CARTESIAN_POINT('Origin',(48.7941005779493,7.012,9.51077690574692));
#2313=CARTESIAN_POINT('',(12.5210781630472,7.012,1.43941047254506));
#2314=CARTESIAN_POINT('Origin',(12.2345586698968,7.012,3.0643432650152));
#2315=CARTESIAN_POINT('',(15.4755014220838,7.012,1.96035500554587));
#2316=CARTESIAN_POINT('',(49.0806200710998,7.012,7.88584411327678));
#2317=CARTESIAN_POINT('Origin',(15.1889819289334,7.012,3.58528779801601));
#2318=CARTESIAN_POINT('Origin',(2.16316638382337,3.,-4.12844257252348));
#2319=CARTESIAN_POINT('',(13.015975469398,18.,-1.36729162353973));
#2320=CARTESIAN_POINT('',(2.16316638382337,18.,-4.12844257252348));
#2321=CARTESIAN_POINT('',(4.7981912421632,18.,-3.45804458331794));
#2322=CARTESIAN_POINT('',(2.16316638382337,6.0769625760786,-4.12844257252348));
#2323=CARTESIAN_POINT('',(2.16316638382337,3.,-4.12844257252348));
#2324=CARTESIAN_POINT('',(2.16316638382337,3.,-4.12844257252348));
#2325=CARTESIAN_POINT('',(2.16316638382337,9.,-4.12844257252348));
#2326=CARTESIAN_POINT('',(13.015975469398,3.,-1.36729162353973));
#2327=CARTESIAN_POINT('',(8.45934247667338,3.,-2.52658148230592));
#2328=CARTESIAN_POINT('',(13.015975469398,3.,-1.36729162353973));
#2329=CARTESIAN_POINT('Origin',(1.98885489832806,3.,-6.12083196870697));
#2330=CARTESIAN_POINT('',(1.98885489832806,6.0769625760786,-6.12083196870697));
#2331=CARTESIAN_POINT('',(2.6500395782283,6.0769625760786,1.43654350433777));
#2332=CARTESIAN_POINT('',(1.98885489832806,18.,-6.12083196870697));
#2333=CARTESIAN_POINT('',(2.11363755046009,18.,-4.69455972836057));
#2334=CARTESIAN_POINT('',(1.98885489832806,3.,-6.12083196870697));
#2335=CARTESIAN_POINT('Origin',(13.3642359588531,3.,-3.34237500587746));
#2336=CARTESIAN_POINT('',(11.273824748566,3.,8.51293608654838));
#2337=CARTESIAN_POINT('',(12.8416331562813,3.,-0.378547232770996));
#2338=CARTESIAN_POINT('',(11.273824748566,18.,8.51293608654838));
#2339=CARTESIAN_POINT('',(11.273824748566,3.,8.51293608654838));
#2340=CARTESIAN_POINT('',(12.8416331562813,18.,-0.378547232770996));
#2341=CARTESIAN_POINT('Origin',(13.7962419832278,18.,2.84575280683587));
#2342=CARTESIAN_POINT('',(14.2282480076026,18.,9.03388061954919));
#2343=CARTESIAN_POINT('',(12.0124305633251,18.,8.64317221979859));
#2344=CARTESIAN_POINT('',(16.3186592178897,18.,-2.82143047287665));
#2345=CARTESIAN_POINT('',(14.7508508101744,18.,6.07005284644273));
#2346=CARTESIAN_POINT('',(13.3642359588531,18.,-3.34237500587746));
#2347=CARTESIAN_POINT('',(15.5800534031305,18.,-2.95166660612686));
#2348=CARTESIAN_POINT('',(10.6342050542551,18.,-4.00918988752941));
#2349=CARTESIAN_POINT('Origin',(13.7962419832278,3.,2.84575280683587));
#2350=CARTESIAN_POINT('',(2.96180162456654,3.,5.));
#2351=CARTESIAN_POINT('',(1.98885489832806,3.,-6.12083196870697));
#2352=CARTESIAN_POINT('',(2.96180162456654,3.,5.));
#2353=CARTESIAN_POINT('Origin',(2.96180162456654,3.,5.));
#2354=CARTESIAN_POINT('',(2.16316638382337,2.45828650062583,-4.12844257252348));
#2355=CARTESIAN_POINT('',(2.16316638382337,9.,-4.12844257252348));
#2356=CARTESIAN_POINT('',(2.96180162456654,2.45828650062583,5.));
#2357=CARTESIAN_POINT('',(2.90820361381158,2.45828650062583,4.38737193374677));
#2358=CARTESIAN_POINT('',(2.96180162456654,3.,5.));
#2359=CARTESIAN_POINT('Origin',(1.98885489832806,3.,-6.12083196870697));
#2360=CARTESIAN_POINT('',(13.3642359588531,0.0254118110827722,-3.34237500587746));
#2361=CARTESIAN_POINT('',(1.98885489832806,-0.768219425698042,-6.12083196870697));
#2362=CARTESIAN_POINT('',(5.63622150106045,-0.513751988298108,-5.22995621874894));
#2363=CARTESIAN_POINT('',(1.98885489832806,-0.761378024001815,-6.12083196870697));
#2364=CARTESIAN_POINT('',(1.98885489832806,3.,-6.12083196870697));
#2365=CARTESIAN_POINT('',(1.98885489832806,9.,-6.12083196870697));
#2366=CARTESIAN_POINT('',(13.3642359588531,3.,-3.34237500587746));
#2367=CARTESIAN_POINT('Origin',(2.96180162456654,3.,5.));
#2368=CARTESIAN_POINT('',(2.08691498930733,-0.761378024001814,-5.00000000000036));
#2369=CARTESIAN_POINT('',(2.6500395782283,-0.761378024001814,1.43654350433777));
#2370=CARTESIAN_POINT('',(2.81564444124679,-0.710536434331619,3.32941575023082));
#2371=CARTESIAN_POINT('Origin',(11.273824748566,3.,8.51293608654838));
#2372=CARTESIAN_POINT('',(2.96180162456654,-0.700339421541869,5.));
#2373=CARTESIAN_POINT('',(11.273824748566,-0.120430831495397,8.51293608654838));
#2374=CARTESIAN_POINT('',(8.53216127222942,-0.311709678681668,7.35421835687968));
#2375=CARTESIAN_POINT('',(11.273824748566,3.,8.51293608654838));
#2376=CARTESIAN_POINT('',(2.96180162456654,9.,5.));
#2377=CARTESIAN_POINT('Origin',(3.31122425812854,18.,8.99391897738252));
#2378=CARTESIAN_POINT('',(2.16316638382337,-0.756058159268137,-4.12844257252348));
#2379=CARTESIAN_POINT('',(2.99432386729846,-0.698070427862899,5.37173093542891));
#2380=CARTESIAN_POINT('',(2.16316638382337,-0.761378024001814,-4.12844257252348));
#2381=CARTESIAN_POINT('',(2.16316638382337,9.,-4.12844257252348));
#2382=CARTESIAN_POINT('',(2.6500395782283,-0.761378024001814,1.43654350433777));
#2383=CARTESIAN_POINT('Origin',(0.,0.,5.));
#2384=CARTESIAN_POINT('',(1.55939092886731,2.28674737075729,5.));
#2385=CARTESIAN_POINT('',(7.39055677861906,3.,5.));
#2386=CARTESIAN_POINT('',(2.41498553451962,-0.738489381312585,4.99999999998736));
#2387=CARTESIAN_POINT('Origin',(-0.75,-1.91794902440325E-16,5.));
#2388=CARTESIAN_POINT('',(2.41498553451962,-0.738489381312585,5.));
#2389=CARTESIAN_POINT('Origin',(-1.21305797849794,2.,0.106128821318236));
#2390=CARTESIAN_POINT('',(-1.55507456416919,2.,-3.80313864131627));
#2391=CARTESIAN_POINT('',(6.55828016680149,3.,-4.51296520344058));
#2392=CARTESIAN_POINT('',(-0.55,2.,7.68491619531352));
#2393=CARTESIAN_POINT('',(-0.55,2.,7.68491619531352));
#2394=CARTESIAN_POINT('',(-0.55,1.99204048752115,8.42869996654742));
#2395=CARTESIAN_POINT('',(-0.55,1.99204048752115,8.42869996654742));
#2396=CARTESIAN_POINT('Ctrl Pts',(1.55939092886733,2.28674737075729,4.99999999999998));
#2397=CARTESIAN_POINT('Ctrl Pts',(0.249721069077426,2.0952278603514,7.92711715654852));
#2398=CARTESIAN_POINT('Ctrl Pts',(-0.550000000002025,1.99204048752089,8.4286999665487));
#2399=CARTESIAN_POINT('Origin',(-0.342016585671249,8.1688827145472E-17,
-3.90926746263451));
#2400=CARTESIAN_POINT('',(-1.55507456416919,2.,-3.80313864131627));
#2401=CARTESIAN_POINT('Origin',(-2.16859281276657,1.51842025264809,-5.75710242478442));
#2402=CARTESIAN_POINT('',(-1.7293860496645,2.,-5.79552803749976));
#2403=CARTESIAN_POINT('',(-1.7293860496645,2.,-5.79552803749976));
#2404=CARTESIAN_POINT('',(-1.55507456416919,2.,-3.80313864131627));
#2405=CARTESIAN_POINT('Origin',(0.0629709364908504,-0.902583423035522,-13.));
#2406=CARTESIAN_POINT('',(0.118828389163171,-0.898686391453732,10.4949548389093));
#2407=CARTESIAN_POINT('Ctrl Pts',(2.41498553450543,-0.738489381313576,5.0000000000247));
#2408=CARTESIAN_POINT('Ctrl Pts',(0.756649818416089,-0.854187221970972,
9.36482601298691));
#2409=CARTESIAN_POINT('Ctrl Pts',(0.118828389152652,-0.898686391454468,
10.494954838928));
#2410=CARTESIAN_POINT('',(0.118828389104424,-0.8986863914689,-1.36571549976529));
#2411=CARTESIAN_POINT('',(0.118828389163171,-0.898686391453732,-1.365715498781));
#2412=CARTESIAN_POINT('',(-0.124600954686825,-0.915669833670686,-3.92828886562566));
#2413=CARTESIAN_POINT('Origin',(-7981.42980769666,-558.757512028682,759.238594264209));
#2414=CARTESIAN_POINT('',(-0.124600953850265,-0.915669833989553,-3.92828886569217));
#2415=CARTESIAN_POINT('',(16.3186592178897,0.231534364038816,-2.82143047287665));
#2416=CARTESIAN_POINT('',(14.2005492760793,0.083759251819486,-3.19491040372467));
#2417=CARTESIAN_POINT('',(14.2282480076026,0.0856917214606467,9.03388061954919));
#2418=CARTESIAN_POINT('',(15.7988596704712,0.1952692793352,0.126499250243261));
#2419=CARTESIAN_POINT('',(13.59023083958,0.0411788957846509,8.9213809786716));
#2420=CARTESIAN_POINT('Origin',(-0.75,-1.04104542167992,5.));
#2421=CARTESIAN_POINT('',(-0.55,-0.816239565597997,7.68491619531352));
#2422=CARTESIAN_POINT('',(-0.55,-0.816239565597998,19.5));
#2423=CARTESIAN_POINT('',(-0.55,-0.816239565597998,19.5));
#2424=CARTESIAN_POINT('',(-0.42529431790098,-0.676066727485247,19.8303848891085));
#2425=CARTESIAN_POINT('Origin',(-0.05,-0.254224925393189,19.5));
#2426=CARTESIAN_POINT('',(-0.487631032880411,-0.699449708870973,7.64413435487953));
#2427=CARTESIAN_POINT('',(-0.42529431790098,-0.676066727485247,19.8303848891085));
#2428=CARTESIAN_POINT('Ctrl Pts',(-0.550000000000012,-0.816239565598012,
7.68491619531341));
#2429=CARTESIAN_POINT('Ctrl Pts',(-0.532029455948653,-0.796040147899393,
7.67714008433369));
#2430=CARTESIAN_POINT('Ctrl Pts',(-0.514164020830696,-0.775958875719553,
7.66883712743037));
#2431=CARTESIAN_POINT('Ctrl Pts',(-0.496404114450039,-0.75599622093036,
7.6600333529566));
#2432=CARTESIAN_POINT('Ctrl Pts',(-0.485816725986404,-0.744095686294163,
7.65478507189574));
#2433=CARTESIAN_POINT('Ctrl Pts',(-0.475269282684421,-0.732240051189274,
7.64936001993093));
#2434=CARTESIAN_POINT('Ctrl Pts',(-0.464761828204512,-0.720429364691284,
7.64376395884432));
#2435=CARTESIAN_POINT('Ctrl Pts',(-0.550000000000043,-0.816958069679179,
7.68491619531342));
#2436=CARTESIAN_POINT('Ctrl Pts',(-0.550000000000043,-0.671532843648399,
7.68491619531342));
#2437=CARTESIAN_POINT('Ctrl Pts',(-0.513485984667778,-0.816958069679179,
7.66911605956198));
#2438=CARTESIAN_POINT('Ctrl Pts',(-0.513485984667778,-0.671532843648399,
7.66911605956198));
#2439=CARTESIAN_POINT('Ctrl Pts',(-0.477754198671937,-0.816958069679179,
7.65129151813056));
#2440=CARTESIAN_POINT('Ctrl Pts',(-0.477754198671937,-0.671532843648399,
7.65129151813056));
#2441=CARTESIAN_POINT('Ctrl Pts',(-0.442838197613908,-0.816958069679179,
7.63180926415029));
#2442=CARTESIAN_POINT('Ctrl Pts',(-0.442838197613908,-0.671532843648399,
7.63180926415029));
#2443=CARTESIAN_POINT('',(-0.55,-0.802841614740042,7.68491619531352));
#2444=CARTESIAN_POINT('Ctrl Pts',(-0.467769707391402,-0.717476739535998,
7.64536064135767));
#2445=CARTESIAN_POINT('Ctrl Pts',(-0.481365440218643,-0.731647675139705,
7.65255395558773));
#2446=CARTESIAN_POINT('Ctrl Pts',(-0.495045273200153,-0.745878189516088,
7.65946959040902));
#2447=CARTESIAN_POINT('Ctrl Pts',(-0.508808570316394,-0.76016632479657,
7.66609235153553));
#2448=CARTESIAN_POINT('Ctrl Pts',(-0.522459149031108,-0.774337443365431,
7.67266087369288));
#2449=CARTESIAN_POINT('Ctrl Pts',(-0.536189861518752,-0.788563198874826,
7.67894035122273));
#2450=CARTESIAN_POINT('Ctrl Pts',(-0.550000000000031,-0.802841614740056,
7.68491619531342));
#2451=CARTESIAN_POINT('',(-0.55,-0.816239565597995,7.68491619531352));
#2452=CARTESIAN_POINT('Origin',(-1.21305797849794,-17.8665392058429,0.106128821318236));
#2453=CARTESIAN_POINT('',(-1.7293860496645,0.722841614740049,-5.79552803749976));
#2454=CARTESIAN_POINT('',(-1.7293860496645,0.722841614740049,-5.79552803749976));
#2455=CARTESIAN_POINT('',(-0.550000000000001,0.722841614740048,7.68491619531351));
#2456=CARTESIAN_POINT('',(-1.7293860496645,0.722841614740048,-5.79552803749976));
#2457=CARTESIAN_POINT('',(-0.55,2.,7.68491619531352));
#2458=CARTESIAN_POINT('Origin',(-0.55,0.,0.));
#2459=CARTESIAN_POINT('',(-0.55,0.722841614740048,19.5));
#2460=CARTESIAN_POINT('',(-0.55,0.722841614740048,19.5));
#2461=CARTESIAN_POINT('',(-0.55,1.23389626792531,19.5));
#2462=CARTESIAN_POINT('',(-0.55,1.23389626792531,19.5));
#2463=CARTESIAN_POINT('',(-0.55,1.23389626792531,10.4949548389093));
#2464=CARTESIAN_POINT('',(-0.55,1.23389626792531,19.5));
#2465=CARTESIAN_POINT('Ctrl Pts',(-0.55,1.23389626792529,10.4949548389094));
#2466=CARTESIAN_POINT('Ctrl Pts',(-0.55,1.52530591377371,9.70462806908496));
#2467=CARTESIAN_POINT('Ctrl Pts',(-0.55,1.99204048752115,8.42869996654742));
#2468=CARTESIAN_POINT('Origin',(-0.75,-1.91794902440325E-16,10.4949548389093));
#2469=CARTESIAN_POINT('Origin',(-0.75,-1.91794902440325E-16,10.4949548389093));
#2470=CARTESIAN_POINT('Origin',(-0.55,0.,0.));
#2471=CARTESIAN_POINT('',(-0.55,-1.22389626792531,7.68491619531352));
#2472=CARTESIAN_POINT('',(-0.55,-1.22389626792531,7.68491619531352));
#2473=CARTESIAN_POINT('',(-0.55,-1.09745857108495,19.5));
#2474=CARTESIAN_POINT('',(-0.55,-1.09745857108495,19.5));
#2475=CARTESIAN_POINT('',(-0.55,-0.816239565597998,19.5));
#2476=CARTESIAN_POINT('Origin',(-0.75,-1.91794902440325E-16,5.));
#2477=CARTESIAN_POINT('',(-0.05,0.269258240356726,20.));
#2478=CARTESIAN_POINT('',(-0.05,-0.269258240356726,20.));
#2479=CARTESIAN_POINT('Origin',(-0.75,-1.91794902440325E-16,20.));
#2480=CARTESIAN_POINT('Ctrl Pts',(-0.0500000000000001,0.269258240356726,
20.));
#2481=CARTESIAN_POINT('Ctrl Pts',(-0.0806553285223206,0.348953962713058,
20.));
#2482=CARTESIAN_POINT('Ctrl Pts',(-0.125455735613767,0.422730405824515,
19.9970724346536));
#2483=CARTESIAN_POINT('Ctrl Pts',(-0.225149089928824,0.541065597484281,
19.9710197842951));
#2484=CARTESIAN_POINT('Ctrl Pts',(-0.292100278261867,0.597550473366908,
19.9427711646605));
#2485=CARTESIAN_POINT('Ctrl Pts',(-0.37500689627517,0.650370859234543,19.8815518756734));
#2486=CARTESIAN_POINT('Ctrl Pts',(-0.402655053288708,0.665290107550339,
19.8565167770628));
#2487=CARTESIAN_POINT('Ctrl Pts',(-0.452814057363343,0.689176623892358,
19.7986674983673));
#2488=CARTESIAN_POINT('Ctrl Pts',(-0.475327625315781,0.698167086135408,
19.7658652575533));
#2489=CARTESIAN_POINT('Ctrl Pts',(-0.530440908085234,0.718207594375163,
19.6597772695648));
#2490=CARTESIAN_POINT('Ctrl Pts',(-0.55,0.722841614740048,19.5782177389679));
#2491=CARTESIAN_POINT('Ctrl Pts',(-0.55,0.722841614740048,19.5));
#2492=CARTESIAN_POINT('',(-0.532680190962807,-0.717824561156858,6.90742122467733));
#2493=CARTESIAN_POINT('Ctrl Pts',(-0.550000000000001,0.722841614740048,
7.68491619531354));
#2494=CARTESIAN_POINT('Ctrl Pts',(-0.550000000000001,0.722841614740048,
7.35118232592656));
#2495=CARTESIAN_POINT('Ctrl Pts',(-0.546291987131673,0.722568991637996,
6.99348866502303));
#2496=CARTESIAN_POINT('Ctrl Pts',(-0.498985461249136,0.706942441611123,
6.5032719368339));
#2497=CARTESIAN_POINT('Ctrl Pts',(-0.476346131904666,0.699740167937668,
6.34929933395275));
#2498=CARTESIAN_POINT('Ctrl Pts',(-0.415226135868751,0.671510210617856,
6.13909710145945));
#2499=CARTESIAN_POINT('Ctrl Pts',(-0.390228625883704,0.659167495204292,
6.07277137642022));
#2500=CARTESIAN_POINT('Ctrl Pts',(-0.32559514619142,0.619530140502292,5.94934800107787));
#2501=CARTESIAN_POINT('Ctrl Pts',(-0.285608753166939,0.592699384024622,
5.8922855693617));
#2502=CARTESIAN_POINT('Ctrl Pts',(-0.206392985750881,0.518406627289715,
5.81074864842483));
#2503=CARTESIAN_POINT('Ctrl Pts',(-0.172768812032768,0.481683953730234,
5.78275311206732));
#2504=CARTESIAN_POINT('Ctrl Pts',(-0.111703920933631,0.39723211911059,5.73876216601263));
#2505=CARTESIAN_POINT('Ctrl Pts',(-0.084463725582143,0.349526448295621,
5.72244413450246));
#2506=CARTESIAN_POINT('Ctrl Pts',(-0.0365465408324699,0.240949183685911,
5.69539472974035));
#2507=CARTESIAN_POINT('Ctrl Pts',(-0.0143233685427811,0.161470533952146,
5.6846485544928));
#2508=CARTESIAN_POINT('Ctrl Pts',(-0.00350835901875489,0.074709711301637,
5.67943750690458));
#2509=CARTESIAN_POINT('Ctrl Pts',(-0.00164769231038538,0.0529258949799539,
5.67855100936749));
#2510=CARTESIAN_POINT('Ctrl Pts',(-0.000301577664442439,0.0238754448346506,
5.67791062716741));
#2511=CARTESIAN_POINT('Ctrl Pts',(1.3343981883882E-16,0.0108544193537268,
5.67776755226786));
#2512=CARTESIAN_POINT('Ctrl Pts',(1.44115937317469E-16,-0.0108544193537264,
5.67776755226786));
#2513=CARTESIAN_POINT('Ctrl Pts',(-0.000301577664442311,-0.0238754448346502,
5.67791062716741));
#2514=CARTESIAN_POINT('Ctrl Pts',(-0.00164769231038523,-0.0529258949799538,
5.67855100936749));
#2515=CARTESIAN_POINT('Ctrl Pts',(-0.00350835901875487,-0.0747097113016371,
5.67943750690458));
#2516=CARTESIAN_POINT('Ctrl Pts',(-0.014323368542781,-0.161470533952146,
5.6846485544928));
#2517=CARTESIAN_POINT('Ctrl Pts',(-0.0365465408324696,-0.240949183685911,
5.69539472974035));
#2518=CARTESIAN_POINT('Ctrl Pts',(-0.0844637255821424,-0.34952644829562,
5.72244413450246));
#2519=CARTESIAN_POINT('Ctrl Pts',(-0.111703920933631,-0.39723211911059,
5.73876216601263));
#2520=CARTESIAN_POINT('Ctrl Pts',(-0.172768812032768,-0.481683953730234,
5.78275311206732));
#2521=CARTESIAN_POINT('Ctrl Pts',(-0.20639298575088,-0.518406627289715,
5.81074864842484));
#2522=CARTESIAN_POINT('Ctrl Pts',(-0.285608753166938,-0.592699384024621,
5.89228556936171));
#2523=CARTESIAN_POINT('Ctrl Pts',(-0.325595146191421,-0.619530140502293,
5.94934800107788));
#2524=CARTESIAN_POINT('Ctrl Pts',(-0.390228625883705,-0.659167495204293,
6.07277137642023));
#2525=CARTESIAN_POINT('Ctrl Pts',(-0.415226135868751,-0.671510210617856,
6.13909710145946));
#2526=CARTESIAN_POINT('Ctrl Pts',(-0.476346131904665,-0.699740167937668,
6.34929933395276));
#2527=CARTESIAN_POINT('Ctrl Pts',(-0.498985461249134,-0.706942441611122,
6.50327193683391));
#2528=CARTESIAN_POINT('Ctrl Pts',(-0.522349336599757,-0.714660124534926,
6.74538150456331));
#2529=CARTESIAN_POINT('Ctrl Pts',(-0.528125163599406,-0.716445536628668,
6.82589102776786));
#2530=CARTESIAN_POINT('Ctrl Pts',(-0.532680190962797,-0.717824561156857,
6.90742122467733));
#2531=CARTESIAN_POINT('Ctrl Pts',(-0.532680190962807,-0.717824561156858,
6.90742122467733));
#2532=CARTESIAN_POINT('Ctrl Pts',(-0.517025351288955,-0.71851182674224,
7.15293641062181));
#2533=CARTESIAN_POINT('Ctrl Pts',(-0.501378813910287,-0.719128725499256,
7.398452322923));
#2534=CARTESIAN_POINT('Ctrl Pts',(-0.48573887660686,-0.719675076032956,
7.64396881265596));
#2535=CARTESIAN_POINT('Ctrl Pts',(-0.425294317900981,-0.676066727485247,
19.8303848891085));
#2536=CARTESIAN_POINT('Ctrl Pts',(-0.400865707258534,-0.664333997032896,
19.8581340963833));
#2537=CARTESIAN_POINT('Ctrl Pts',(-0.374101894666348,-0.649794276383447,
19.8822201402384));
#2538=CARTESIAN_POINT('Ctrl Pts',(-0.292100278261866,-0.597550473366908,
19.9427711646605));
#2539=CARTESIAN_POINT('Ctrl Pts',(-0.225149089928824,-0.541065597484281,
19.9710197842951));
#2540=CARTESIAN_POINT('Ctrl Pts',(-0.125455735613767,-0.422730405824515,
19.9970724346536));
#2541=CARTESIAN_POINT('Ctrl Pts',(-0.0806553285223205,-0.348953962713059,
20.));
#2542=CARTESIAN_POINT('Ctrl Pts',(-0.05,-0.269258240356726,20.));
#2543=CARTESIAN_POINT('Origin',(-0.75,-1.91794902440325E-16,20.));
#2544=CARTESIAN_POINT('',(-0.05,-1.0356157588604,20.));
#2545=CARTESIAN_POINT('',(-0.221217915332828,-1.13264712374819,19.9697706094139));
#2546=CARTESIAN_POINT('Ctrl Pts',(-0.0500000000000001,-1.0356157588604,
20.));
#2547=CARTESIAN_POINT('Ctrl Pts',(-0.0718738547071996,-1.05040087405784,
20.));
#2548=CARTESIAN_POINT('Ctrl Pts',(-0.0940570640953117,-1.06438642970051,
19.9985672057514));
#2549=CARTESIAN_POINT('Ctrl Pts',(-0.11644616302744,-1.07755067175471,19.9955652403256));
#2550=CARTESIAN_POINT('Ctrl Pts',(-0.137482998209468,-1.08991981582924,
19.9927445885398));
#2551=CARTESIAN_POINT('Ctrl Pts',(-0.158702166395632,-1.10156386210587,
19.9885379473946));
#2552=CARTESIAN_POINT('Ctrl Pts',(-0.179978420658151,-1.11246476499135,
19.9828101181243));
#2553=CARTESIAN_POINT('Ctrl Pts',(-0.193716919833958,-1.11950369409324,
19.9791115452112));
#2554=CARTESIAN_POINT('Ctrl Pts',(-0.207478411898136,-1.1262327665171,19.9747782644026));
#2555=CARTESIAN_POINT('Ctrl Pts',(-0.221217915332819,-1.13264712374819,
19.9697706094139));
#2556=CARTESIAN_POINT('',(-0.539159911639174,-1.2320902796224,7.04312221157127));
#2557=CARTESIAN_POINT('Origin',(-0.75,-1.91794902440325E-16,119.766988475453));
#2558=CARTESIAN_POINT('',(0.0164556615247506,-0.987444033308551,5.67011599431003));
#2559=CARTESIAN_POINT('Ctrl Pts',(-0.539159911639094,-1.23209027962238,
7.04312221157127));
#2560=CARTESIAN_POINT('Ctrl Pts',(-0.533203708815944,-1.2310710309924,6.89529138254904));
#2561=CARTESIAN_POINT('Ctrl Pts',(-0.524211221088019,-1.22953808461108,
6.74929102166192));
#2562=CARTESIAN_POINT('Ctrl Pts',(-0.490067396006604,-1.22282550411909,
6.43826340671442));
#2563=CARTESIAN_POINT('Ctrl Pts',(-0.462884436622723,-1.21776045251861,
6.27771891539502));
#2564=CARTESIAN_POINT('Ctrl Pts',(-0.385496954965241,-1.19597411644301,
6.06207749804649));
#2565=CARTESIAN_POINT('Ctrl Pts',(-0.353297984587975,-1.18623934974832,
5.99455057193864));
#2566=CARTESIAN_POINT('Ctrl Pts',(-0.268795165436434,-1.15454674957087,
5.87123533344565));
#2567=CARTESIAN_POINT('Ctrl Pts',(-0.216205069977047,-1.1327080748483,5.81561280029309));
#2568=CARTESIAN_POINT('Ctrl Pts',(-0.0996095453569605,-1.06909362766653,
5.72898256492284));
#2569=CARTESIAN_POINT('Ctrl Pts',(-0.0403384228812837,-1.03152769381563,
5.69598217544752));
#2570=CARTESIAN_POINT('Ctrl Pts',(0.0164556615247475,-0.987444033308553,
5.67011599431002));
#2571=CARTESIAN_POINT('',(0.0678114550353415,-0.945348837209302,6.25711540018594));
#2572=CARTESIAN_POINT('Origin',(-0.75,-1.91794902440325E-16,-3.09051230466602));
#2573=CARTESIAN_POINT('Origin',(-0.75,-1.91794902440325E-16,-169.337521009544));
#2574=CARTESIAN_POINT('',(-0.05,1.0356157588604,20.));
#2575=CARTESIAN_POINT('Ctrl Pts',(-0.55,1.23389626792531,19.5));
#2576=CARTESIAN_POINT('Ctrl Pts',(-0.55,1.23389626792531,19.562379682821));
#2577=CARTESIAN_POINT('Ctrl Pts',(-0.537587373014794,1.23208459295895,19.6288864212879));
#2578=CARTESIAN_POINT('Ctrl Pts',(-0.487464964763771,1.22238576093629,19.7509532453749));
#2579=CARTESIAN_POINT('Ctrl Pts',(-0.44975575800601,1.2142232011354,19.8064915284304));
#2580=CARTESIAN_POINT('Ctrl Pts',(-0.359156199541521,1.18836364144826,19.8988404988604));
#2581=CARTESIAN_POINT('Ctrl Pts',(-0.29902997835464,1.16785806482842,19.9388414269304));
#2582=CARTESIAN_POINT('Ctrl Pts',(-0.173160074861825,1.1110905333837,19.9893151139003));
#2583=CARTESIAN_POINT('Ctrl Pts',(-0.107621309000734,1.07456352105446,20.));
#2584=CARTESIAN_POINT('Ctrl Pts',(-0.0500000000000002,1.0356157588604,20.));
#2585=CARTESIAN_POINT('Origin',(-0.75,-1.91794902440325E-16,20.));
#2586=CARTESIAN_POINT('Origin',(0.,0.,20.));
#2587=CARTESIAN_POINT('',(-0.05,1.0356157588604,20.));
#2588=CARTESIAN_POINT('',(-0.05,-0.269258240356726,20.));
#2589=CARTESIAN_POINT('Origin',(-1.21305797849794,-17.8665392058429,0.106128821318236));
#2590=CARTESIAN_POINT('',(-1.7293860496645,-1.2238962679253,-5.79552803749976));
#2591=CARTESIAN_POINT('',(-1.7293860496645,-0.802841614740035,-5.79552803749976));
#2592=CARTESIAN_POINT('',(-1.7293860496645,-1.2238962679253,-5.79552803749976));
#2593=CARTESIAN_POINT('',(-1.7293860496645,-1.2238962679253,-5.79552803749976));
#2594=CARTESIAN_POINT('',(-0.55,-0.802841614740044,7.68491619531352));
#2595=CARTESIAN_POINT('Origin',(-2.42663199164571,0.,-13.7650856222337));
#2596=CARTESIAN_POINT('',(-1.64469251163755,-0.717824561156858,-5.80293776195102));
#2597=CARTESIAN_POINT('',(-1.64469251163755,-0.717824561156858,-5.80293776195102));
#2598=CARTESIAN_POINT('Origin',(-1.7293860496645,0.,-5.79552803749976));
#2599=CARTESIAN_POINT('Origin',(-2.34193845361876,-0.717824561156857,-13.772495346685));
#2600=CARTESIAN_POINT('',(-1.7293860496645,-0.802841614740036,-5.79552803749976));
#2601=CARTESIAN_POINT('Origin',(-0.05,0.,19.5));
#2602=CARTESIAN_POINT('Origin',(-0.05,0.,19.5));
#2603=CARTESIAN_POINT('Origin',(-0.05,-1.15861723537444,19.5));
#2604=CARTESIAN_POINT('Origin',(-0.45124060825604,-0.932920301717354,-5.90735127396033));
#2605=CARTESIAN_POINT('',(-0.132832214442901,-0.922790078618336,-3.92756872370378));
#2606=CARTESIAN_POINT('',(12.1251133647408,-0.0610386024599426,-5.));
#2607=CARTESIAN_POINT('',(-0.307143699938205,-0.922790078618336,-5.91995811988727));
#2608=CARTESIAN_POINT('',(-0.132832214088181,-0.922790078593398,-3.92756872373481));
#2609=CARTESIAN_POINT('',(11.9508018792455,-0.0610386024599427,-6.99238939618349));
#2610=CARTESIAN_POINT('Origin',(-0.516328071166553,8.1688827145472E-17,
-5.901656858818));
#2611=CARTESIAN_POINT('',(-0.279825312974136,-0.898686391430122,-5.92234816905244));
#2612=CARTESIAN_POINT('Origin',(-1.20535165114962,-8.30366027568086E-17,
-5.84137510666743));
#2613=CARTESIAN_POINT('',(-0.992300063664911,-0.945348837209302,-5.86001470531855));
#2614=CARTESIAN_POINT('',(-0.992300063664911,-0.945348837209302,-5.86001470531855));
#2615=CARTESIAN_POINT('',(-0.992300063664911,-0.987444033308551,-5.86001470531855));
#2616=CARTESIAN_POINT('',(-0.992300063664911,-0.987444033308551,-5.86001470531855));
#2617=CARTESIAN_POINT('',(-1.66290512609632,-1.23209027962239,-5.80134436465271));
#2618=CARTESIAN_POINT('Origin',(-1.72938604966449,-1.66533453693773E-16,
-5.79552803749977));
#2619=CARTESIAN_POINT('',(-1.7293860496645,-1.2238962679253,-5.79552803749976));
#2620=CARTESIAN_POINT('Origin',(-0.342016585671249,8.1688827145472E-17,
-3.90926746263451));
#2621=CARTESIAN_POINT('Origin',(-1.03104016565432,-1.24669966180252E-16,
-3.84898571048394));
#2622=CARTESIAN_POINT('Origin',(-0.216060968336146,-5.27983032932499E-16,
11.501856793165));
#2623=CARTESIAN_POINT('',(-0.539159911639173,-1.23209027962239,7.04312221157127));
#2624=CARTESIAN_POINT('',(0.0164556615247511,-0.987444033308551,5.67011599431004));
#2625=CARTESIAN_POINT('Origin',(1.38196104344347,-0.945348837209303,21.2779139293441));
#2626=CARTESIAN_POINT('',(0.0678114550353415,-0.945348837209302,6.25711540018594));
#2627=CARTESIAN_POINT('',(0.118828389163199,-0.898686391453732,-1.36571549878099));
#2628=CARTESIAN_POINT('Origin',(1.38196104344347,-0.987444033308551,21.2779139293441));
#2629=CARTESIAN_POINT('Origin',(-0.7502377054818,0.0689193245677036,-1.26213300554552));
#2630=CARTESIAN_POINT('Origin',(-0.149580044767979,-1.23209027962239,11.496040466012));
#2631=CARTESIAN_POINT('Origin',(14.2282480076026,3.,9.03388061954919));
#2632=CARTESIAN_POINT('',(14.2282480076026,3.,9.03388061954919));
#2633=CARTESIAN_POINT('Origin',(16.3186592178897,3.,-2.82143047287666));
#2634=CARTESIAN_POINT('',(16.3186592178897,3.,-2.82143047287665));
#2635=CARTESIAN_POINT('Origin',(13.3642359588531,3.,-3.34237500587746));
#2636=CARTESIAN_POINT('Origin',(-55.6109252146866,14.012,-8.89864606305864));
#2637=CARTESIAN_POINT('',(-15.0995955092472,14.012,-0.0799517020016238));
#2638=CARTESIAN_POINT('Origin',(-14.8130760160968,14.012,-1.70488449447177));
#2639=CARTESIAN_POINT('',(-18.0562104785231,14.012,-0.601282692651509));
#2640=CARTESIAN_POINT('',(-55.8974447078371,14.012,-7.2737132705885));
#2641=CARTESIAN_POINT('Origin',(-17.7696909853727,14.012,-2.22621548512165));
#2642=CARTESIAN_POINT('Origin',(-55.6109252146866,7.012,-8.89864606305864));
#2643=CARTESIAN_POINT('',(-15.0995955092472,7.012,-0.0799517020016238));
#2644=CARTESIAN_POINT('Origin',(-14.8130760160968,7.012,-1.70488449447177));
#2645=CARTESIAN_POINT('',(-18.0562104785231,7.012,-0.601282692651509));
#2646=CARTESIAN_POINT('',(-55.8974447078371,7.012,-7.2737132705885));
#2647=CARTESIAN_POINT('Origin',(-17.7696909853727,7.012,-2.22621548512165));
#2648=CARTESIAN_POINT('Origin',(-13.6833987271405,3.,-8.11160276536443));
#2649=CARTESIAN_POINT('',(-5.32334712593176,18.,-6.63430544965467));
#2650=CARTESIAN_POINT('',(-13.6833987271405,18.,-8.11160276536443));
#2651=CARTESIAN_POINT('',(-11.6171336866852,18.,-7.74647489972205));
#2652=CARTESIAN_POINT('',(-13.6833987271405,3.,-8.11160276536443));
#2653=CARTESIAN_POINT('',(-13.6833987271405,3.,-8.11160276536442));
#2654=CARTESIAN_POINT('',(-5.32334712593176,3.,-6.63430544965467));
#2655=CARTESIAN_POINT('',(-14.421405784706,3.,-8.24201533900916));
#2656=CARTESIAN_POINT('',(-5.32334712593176,3.,-6.63430544965467));
#2657=CARTESIAN_POINT('Origin',(-9.38478141322602,18.,-8.32123761903496));
#2658=CARTESIAN_POINT('',(-5.08616409931157,18.,-7.3428729257841));
#2659=CARTESIAN_POINT('',(-5.27406841970866,18.,-6.78152209071449));
#2660=CARTESIAN_POINT('',(-13.9968330226498,18.,-10.3255943964233));
#2661=CARTESIAN_POINT('',(-13.0485495111244,18.,-10.0081697884152));
#2662=CARTESIAN_POINT('',(-14.0372506405013,18.,-10.2048496286367));
#2663=CARTESIAN_POINT('',(-14.0661458297368,18.,-10.1185272994184));
#2664=CARTESIAN_POINT('',(-16.2927173410825,18.,-10.6025492620387));
#2665=CARTESIAN_POINT('',(-16.2927173410825,18.,-10.6025492620387));
#2666=CARTESIAN_POINT('',(-18.7304249067035,18.,3.22237733641153));
#2667=CARTESIAN_POINT('',(-17.1626164989881,18.,-5.66910598290784));
#2668=CARTESIAN_POINT('',(-15.7738099374276,18.,3.74370832706142));
#2669=CARTESIAN_POINT('',(-17.9912711643845,18.,3.352710084074));
#2670=CARTESIAN_POINT('',(-13.6833987271405,18.,-8.11160276536443));
#2671=CARTESIAN_POINT('Origin',(-16.206911816922,3.,-2.44461271447644));
#2672=CARTESIAN_POINT('',(-15.7738099374276,3.,3.74370832706142));
#2673=CARTESIAN_POINT('',(-14.6427355551009,3.,-2.6709332540627));
#2674=CARTESIAN_POINT('',(-4.74688313246608,3.,5.6880530370736));
#2675=CARTESIAN_POINT('',(-18.7304249067035,3.,3.22237733641153));
#2676=CARTESIAN_POINT('',(-5.54670182983231,3.,-3.45391650654979));
#2677=CARTESIAN_POINT('',(-4.74688313246608,3.,5.6880530370736));
#2678=CARTESIAN_POINT('',(-5.72101331532761,3.,-5.44630590273329));
#2679=CARTESIAN_POINT('',(-5.5544243336545,3.,-3.54218512914572));
#2680=CARTESIAN_POINT('',(-5.72101331532761,3.,-5.44630590273329));
#2681=CARTESIAN_POINT('Origin',(-14.6316822386659,-0.234360267984697,-8.42902737337245));
#2682=CARTESIAN_POINT('',(-14.0372506405013,-0.187683903487045,-10.2048496286367));
#2683=CARTESIAN_POINT('',(-14.0372506405013,4.32422979901148,-10.2048496286367));
#2684=CARTESIAN_POINT('',(-13.9968330226498,-0.234360267984697,-10.3255943964233));
#2685=CARTESIAN_POINT('',(-13.9968330226498,-0.234360267984697,-10.3255943964233));
#2686=CARTESIAN_POINT('',(-14.6316822386659,-0.234360267984697,-8.42902737337245));
#2687=CARTESIAN_POINT('',(-14.6316822386659,-0.234360267984697,-8.42902737337245));
#2688=CARTESIAN_POINT('',(-14.6316822386659,-0.169521663410805,-8.42902737337245));
#2689=CARTESIAN_POINT('',(-14.6316822386659,3.,-8.42902737337245));
#2690=CARTESIAN_POINT('',(-14.631482647406,-0.169527761714445,-8.4296236381106));
#2691=CARTESIAN_POINT('Origin',(-13.6833987271405,1.38281986600765,-8.11160276536443));
#2692=CARTESIAN_POINT('',(-13.6833987271405,-0.234360267984697,-8.11160276536443));
#2693=CARTESIAN_POINT('',(-13.732907059135,-0.230975150430407,-8.12817498526017));
#2694=CARTESIAN_POINT('',(-13.6833987271405,-0.234360267984697,-8.11160276536443));
#2695=CARTESIAN_POINT('Origin',(-13.3659741191325,-0.234360267984697,-9.05988627688983));
#2696=CARTESIAN_POINT('',(-13.0485495111244,-0.234360267984697,-10.0081697884152));
#2697=CARTESIAN_POINT('',(-13.6833987271405,-0.234360267984697,-8.11160276536443));
#2698=CARTESIAN_POINT('',(-13.0485495111244,-0.234360267984697,-10.0081697884152));
#2699=CARTESIAN_POINT('Origin',(-13.6833987271405,-0.234360267984697,-8.11160276536443));
#2700=CARTESIAN_POINT('',(-16.6400136964164,-0.0375345120827986,-8.6329337560143));
#2701=CARTESIAN_POINT('',(-16.0031146236099,-0.0799337229171551,-8.52063126549032));
#2702=CARTESIAN_POINT('',(-16.2927173410825,-0.0375345120827975,-10.6025492620387));
#2703=CARTESIAN_POINT('',(-16.6400136964164,-0.0375345120827986,-8.6329337560143));
#2704=CARTESIAN_POINT('',(-13.3361023718066,-0.234360267984697,-10.0812182713888));
#2705=CARTESIAN_POINT('Origin',(-14.8144098564446,8.88281986600765,-10.3418837667138));
#2706=CARTESIAN_POINT('',(-16.2927173410825,-0.0375345120827975,-10.6025492620387));
#2707=CARTESIAN_POINT('Origin',(-5.72101331532761,-0.742158566606426,-5.44630590273329));
#2708=CARTESIAN_POINT('',(-5.72101331532761,-0.742158566606426,-5.44630590273329));
#2709=CARTESIAN_POINT('',(-9.79461142118336,-0.482366295768424,-6.80988574591065));
#2710=CARTESIAN_POINT('',(-5.08616409931157,-0.742158566606426,-7.3428729257841));
#2711=CARTESIAN_POINT('',(-5.08616409931157,-0.742158566606426,-7.3428729257841));
#2712=CARTESIAN_POINT('',(-5.72101331532761,-0.742158566606426,-5.44630590273329));
#2713=CARTESIAN_POINT('Origin',(-5.72101331532761,3.,-5.44630590273329));
#2714=CARTESIAN_POINT('',(-5.72101331532761,9.,-5.44630590273328));
#2715=CARTESIAN_POINT('',(-5.08616409931157,3.,-7.3428729257841));
#2716=CARTESIAN_POINT('Origin',(-9.067356805218,1.12892071669679,-8.67552135709967));
#2717=CARTESIAN_POINT('Origin',(-15.7738099374276,3.,3.74370832706142));
#2718=CARTESIAN_POINT('',(-15.7738099374276,3.,3.74370832706142));
#2719=CARTESIAN_POINT('Origin',(-5.72101331532761,3.,-5.44630590273329));
#2720=CARTESIAN_POINT('',(-5.54670182983231,2.49198234244906,-3.45391650654979));
#2721=CARTESIAN_POINT('',(-5.54670182983231,9.,-3.45391650654979));
#2722=CARTESIAN_POINT('',(-4.74688313246606,2.49198234244906,5.6880530370736));
#2723=CARTESIAN_POINT('',(-4.74688313246608,3.,5.6880530370736));
#2724=CARTESIAN_POINT('',(-5.46284927974434,2.49198234244906,-2.49547747332429));
#2725=CARTESIAN_POINT('Origin',(-5.72101331532761,3.,-5.44630590273329));
#2726=CARTESIAN_POINT('',(-5.62086065268501,-0.742158566606426,-4.30155573046747));
#2727=CARTESIAN_POINT('',(-5.72101331532761,-0.742158566606426,-5.44630590273329));
#2728=CARTESIAN_POINT('',(-5.72101331532761,-0.749145961674514,-5.44630590273329));
#2729=CARTESIAN_POINT('',(-5.55334084271558,-0.737447882189953,-3.52980077104419));
#2730=CARTESIAN_POINT('',(-5.72101331532761,3.,-5.44630590273329));
#2731=CARTESIAN_POINT('Origin',(-13.6833987271405,3.,-8.11160276536443));
#2732=CARTESIAN_POINT('',(-11.2047988866704,-0.39460718800478,-7.28192622537654));
#2733=CARTESIAN_POINT('Origin',(-5.72101331532761,18.,-5.44630590273329));
#2734=CARTESIAN_POINT('',(-4.74688313246608,-0.681183390777195,5.6880530370736));
#2735=CARTESIAN_POINT('',(-4.74688313246606,10.5,5.6880530370736));
#2736=CARTESIAN_POINT('',(-4.7459740174258,-0.681119964146481,5.69844426953296));
#2737=CARTESIAN_POINT('',(-6.0220280495046,-0.770146989640351,-8.88692005827832));
#2738=CARTESIAN_POINT('',(-4.7459740174258,2.49198234244906,5.69844426953296));
#2739=CARTESIAN_POINT('',(-4.7459740174258,9.,5.69844426953296));
#2740=CARTESIAN_POINT('',(-5.46284927974434,2.49198234244906,-2.49547747332429));
#2741=CARTESIAN_POINT('Origin',(-5.72101331532761,18.,-5.44630590273329));
#2742=CARTESIAN_POINT('',(-5.54670182983231,-0.73698469524461,-3.45391650654979));
#2743=CARTESIAN_POINT('',(-5.54936627388999,-0.737170586690496,-3.48437124148685));
#2744=CARTESIAN_POINT('',(-5.54670182983231,-0.742158566606426,-3.45391650654979));
#2745=CARTESIAN_POINT('',(-5.72101331532761,-0.742158566606426,-5.44630590273329));
#2746=CARTESIAN_POINT('',(-5.54670182983231,9.,-3.45391650654979));
#2747=CARTESIAN_POINT('Origin',(-5.72101331532761,18.,-5.44630590273329));
#2748=CARTESIAN_POINT('',(-5.54670182983231,6.37672415730603,-3.45391650654979));
#2749=CARTESIAN_POINT('',(-5.54670182983231,9.,-3.45391650654979));
#2750=CARTESIAN_POINT('',(-5.72101331532761,6.37672415730603,-5.44630590273329));
#2751=CARTESIAN_POINT('',(-5.72101331532761,6.37672415730603,-5.44630590273329));
#2752=CARTESIAN_POINT('',(-5.72101331532761,9.,-5.44630590273328));
#2753=CARTESIAN_POINT('Origin',(-4.74555653313645,-0.902583423035522,-12.5793083581547));
#2754=CARTESIAN_POINT('',(-18.7304249067035,0.249719418178725,3.22237733641153));
#2755=CARTESIAN_POINT('',(-16.6030782051433,0.108099143996548,3.59748595721775));
#2756=CARTESIAN_POINT('',(-18.2133130777901,0.178660477952472,0.289690422386166));
#2757=CARTESIAN_POINT('',(-2.98554817365272,-0.915669833670686,-3.67798841702015));
#2758=CARTESIAN_POINT('',(-2.98554817448812,-0.915669833989553,-3.67798841694038));
#2759=CARTESIAN_POINT('',(-2.78029308360958,-0.8986863914689,-1.11207523671825));
#2760=CARTESIAN_POINT('Origin',(7989.5882370938,-558.757512028682,-638.04442962282));
#2761=CARTESIAN_POINT('',(-0.720709293448527,-0.898686391453732,10.5684048687407));
#2762=CARTESIAN_POINT('',(-2.78029308349652,-0.898686391453732,-1.11207523573871));
#2763=CARTESIAN_POINT('',(-3.93617154647076,-0.738489381312585,5.55565424484638));
#2764=CARTESIAN_POINT('Ctrl Pts',(-3.9361715464503,-0.738489381313576,5.55565424488069));
#2765=CARTESIAN_POINT('Ctrl Pts',(-1.54508559316441,-0.854187221970972,
9.56620176793636));
#2766=CARTESIAN_POINT('Ctrl Pts',(-0.720709293434932,-0.898686391454468,
10.5684048687572));
#2767=CARTESIAN_POINT('',(-3.93617154646856,-0.738489381312585,5.55565424485882));
#2768=CARTESIAN_POINT('Origin',(-2.76813254266713,8.1688827145472E-17,-3.69700981999803));
#2769=CARTESIAN_POINT('',(-2.97731691389548,-0.922790078618336,-3.67870855892875));
#2770=CARTESIAN_POINT('',(-15.2352624930792,-0.0610386024599426,-2.60627728263255));
#2771=CARTESIAN_POINT('Origin',(-2.07910896268406,-1.24669966180252E-16,
-3.75729157214859));
#2772=CARTESIAN_POINT('Origin',(-3.00753149107295,-0.932920301717354,-5.68370480103919));
#2773=CARTESIAN_POINT('',(-3.15162839939078,-0.922790078618336,-5.67109795511224));
#2774=CARTESIAN_POINT('',(-15.4095739785745,-0.0610386024599427,-4.59866667881604));
#2775=CARTESIAN_POINT('',(-2.9773169142502,-0.922790078593398,-3.67870855889772));
#2776=CARTESIAN_POINT('Origin',(-2.94244402816244,8.1688827145472E-17,-5.68939921618153));
#2777=CARTESIAN_POINT('',(-1.72938604966449,2.,-5.79552803749976));
#2778=CARTESIAN_POINT('',(-1.72938604966449,2.,-5.79552803749976));
#2779=CARTESIAN_POINT('',(-1.72938604966449,0.722841614740049,-5.79552803749976));
#2780=CARTESIAN_POINT('',(-1.72938604966449,0.722841614740049,-5.79552803749976));
#2781=CARTESIAN_POINT('',(-1.81407958769144,-0.717824561156858,-5.7881183130485));
#2782=CARTESIAN_POINT('Origin',(-1.72938604966449,0.,-5.79552803749976));
#2783=CARTESIAN_POINT('',(-1.72938604966449,-0.802841614740035,-5.79552803749976));
#2784=CARTESIAN_POINT('',(-1.72938604966449,-0.802841614740036,-5.79552803749976));
#2785=CARTESIAN_POINT('',(-1.72938604966449,-1.2238962679253,-5.79552803749976));
#2786=CARTESIAN_POINT('',(-1.72938604966449,-1.2238962679253,-5.79552803749976));
#2787=CARTESIAN_POINT('',(-1.79586697323267,-1.23209027962239,-5.78971171034682));
#2788=CARTESIAN_POINT('',(-1.72938604966449,-1.2238962679253,-5.79552803749976));
#2789=CARTESIAN_POINT('',(-2.46647203566408,-0.987444033308551,-5.73104136968098));
#2790=CARTESIAN_POINT('Origin',(-1.7293860496645,-1.66533453693773E-16,
-5.79552803749977));
#2791=CARTESIAN_POINT('',(-2.46647203566408,-0.945348837209302,-5.73104136968097));
#2792=CARTESIAN_POINT('',(-2.46647203566408,-0.987444033308551,-5.73104136968097));
#2793=CARTESIAN_POINT('',(-3.17894678635485,-0.898686391430122,-5.66870790594708));
#2794=CARTESIAN_POINT('',(-2.46647203566408,-0.945348837209302,-5.73104136968097));
#2795=CARTESIAN_POINT('Origin',(-2.25342044817937,-8.30366027568086E-17,
-5.74968096833208));
#2796=CARTESIAN_POINT('Origin',(-1.21305797849794,2.,0.106128821318236));
#2797=CARTESIAN_POINT('',(-3.09357534538674,2.28674737075729,5.40708180076566));
#2798=CARTESIAN_POINT('',(-8.8361526833223,3.,6.41965312424861));
#2799=CARTESIAN_POINT('',(-0.420843303547006,1.99204048752115,8.41740021978933));
#2800=CARTESIAN_POINT('Ctrl Pts',(-3.09357534538676,2.28674737075729,5.40708180076563));
#2801=CARTESIAN_POINT('Ctrl Pts',(-1.29551375352703,2.0952278603514,8.06230768601189));
#2802=CARTESIAN_POINT('Ctrl Pts',(-0.420843303544789,1.99204048752089,8.41740021979023));
#2803=CARTESIAN_POINT('',(-0.55,2.,7.68491619531352));
#2804=CARTESIAN_POINT('',(-0.420843303547006,1.99204048752115,8.41740021978933));
#2805=CARTESIAN_POINT('',(-1.55507456416919,2.,-3.80313864131627));
#2806=CARTESIAN_POINT('',(-0.55,2.,7.68491619531352));
#2807=CARTESIAN_POINT('',(-9.66842929513987,3.,-3.09331207919197));
#2808=CARTESIAN_POINT('Origin',(-0.819269253902144,-1.04104542167992,5.00606027444734));
#2809=CARTESIAN_POINT('',(-0.55,-0.816239565597997,7.68491619531352));
#2810=CARTESIAN_POINT('',(1.50166777166572,-0.816239565597998,19.3205023286578));
#2811=CARTESIAN_POINT('',(1.50166777166572,-0.816239565597998,19.3205023286578));
#2812=CARTESIAN_POINT('',(-0.618503134640001,-0.699449708870973,7.6555841801553));
#2813=CARTESIAN_POINT('Ctrl Pts',(-0.550000000000007,-0.816239565598012,
7.68491619531341));
#2814=CARTESIAN_POINT('Ctrl Pts',(-0.569047838608597,-0.796040147899393,
7.6803787731585));
#2815=CARTESIAN_POINT('Ctrl Pts',(-0.588083650959205,-0.775958875719553,
7.67530425707865));
#2816=CARTESIAN_POINT('Ctrl Pts',(-0.60710250384961,-0.75599622093036,7.66971820709964));
#2817=CARTESIAN_POINT('Ctrl Pts',(-0.61844040053485,-0.744095686294163,
7.66638813993389));
#2818=CARTESIAN_POINT('Ctrl Pts',(-0.629769654860538,-0.732240051189274,
7.66287705100688));
#2819=CARTESIAN_POINT('Ctrl Pts',(-0.641089223306577,-0.720429364691284,
7.65919060698481));
#2820=CARTESIAN_POINT('',(1.4362273830123,-0.676066727485247,19.6675228433711));
#2821=CARTESIAN_POINT('',(1.4362273830123,-0.676066727485247,19.6675228433711));
#2822=CARTESIAN_POINT('Origin',(1.00926389515961,-0.254224925393189,19.4073264174912));
#2823=CARTESIAN_POINT('Ctrl Pts',(-0.549999999999975,-0.816958069679179,
7.68491619531342));
#2824=CARTESIAN_POINT('Ctrl Pts',(-0.549999999999975,-0.671532843648399,
7.68491619531342));
#2825=CARTESIAN_POINT('Ctrl Pts',(-0.588702950172924,-0.816958069679179,
7.6756966913485));
#2826=CARTESIAN_POINT('Ctrl Pts',(-0.588702950172924,-0.671532843648399,
7.6756966913485));
#2827=CARTESIAN_POINT('Ctrl Pts',(-0.626987089187915,-0.816958069679179,
7.66434770427592));
#2828=CARTESIAN_POINT('Ctrl Pts',(-0.626987089187915,-0.671532843648399,
7.66434770427592));
#2829=CARTESIAN_POINT('Ctrl Pts',(-0.664755695634562,-0.816958069679179,
7.65122452946513));
#2830=CARTESIAN_POINT('Ctrl Pts',(-0.664755695634562,-0.671532843648399,
7.65122452946513));
#2831=CARTESIAN_POINT('',(-0.55,-0.802841614740042,7.68491619531352));
#2832=CARTESIAN_POINT('',(-0.55,-0.816239565597995,7.68491619531352));
#2833=CARTESIAN_POINT('Ctrl Pts',(-0.637849779554449,-0.717476739535998,
7.66024071956361));
#2834=CARTESIAN_POINT('Ctrl Pts',(-0.623211490550864,-0.731647675139705,
7.66496387695773));
#2835=CARTESIAN_POINT('Ctrl Pts',(-0.608538597586633,-0.745878189516088,
7.66939896967871));
#2836=CARTESIAN_POINT('Ctrl Pts',(-0.593834365478807,-0.76016632479657,
7.67353114471952));
#2837=CARTESIAN_POINT('Ctrl Pts',(-0.579250557824864,-0.774337443365431,
7.677629478148));
#2838=CARTESIAN_POINT('Ctrl Pts',(-0.564638025882891,-0.788563198874826,
7.68142924310272));
#2839=CARTESIAN_POINT('Ctrl Pts',(-0.549999999999987,-0.802841614740056,
7.68491619531341));
#2840=CARTESIAN_POINT('Origin',(-1.21305797849794,-17.8665392058429,0.106128821318236));
#2841=CARTESIAN_POINT('',(-1.55507456416919,2.,-3.80313864131627));
#2842=CARTESIAN_POINT('',(-0.550000000000001,0.722841614740048,7.68491619531351));
#2843=CARTESIAN_POINT('',(-0.55,2.,7.68491619531352));
#2844=CARTESIAN_POINT('',(-1.72938604966449,0.722841614740048,-5.79552803749976));
#2845=CARTESIAN_POINT('Origin',(-1.5578750686613,0.,5.13629640769753));
#2846=CARTESIAN_POINT('Origin',(-0.819269253902144,-1.91794902440325E-16,
5.00606027444734));
#2847=CARTESIAN_POINT('Origin',(-1.88447169283917,0.,0.116751144919668));
#2848=CARTESIAN_POINT('',(1.50166777166572,0.722841614740048,19.3205023286578));
#2849=CARTESIAN_POINT('',(1.50166777166572,0.722841614740048,19.3205023286578));
#2850=CARTESIAN_POINT('',(-0.0620419103659681,1.23389626792531,10.4522640377906));
#2851=CARTESIAN_POINT('Ctrl Pts',(-0.0620419103659603,1.23389626792529,
10.4522640377906));
#2852=CARTESIAN_POINT('Ctrl Pts',(-0.199280713707354,1.52530591377371,9.67394410745445));
#2853=CARTESIAN_POINT('Ctrl Pts',(-0.420843303547006,1.99204048752115,8.41740021978932));
#2854=CARTESIAN_POINT('',(1.50166777166572,1.23389626792531,19.3205023286578));
#2855=CARTESIAN_POINT('',(1.50166777166572,1.23389626792531,19.3205023286578));
#2856=CARTESIAN_POINT('',(1.50166777166572,1.23389626792531,19.3205023286578));
#2857=CARTESIAN_POINT('Origin',(0.134919640236474,-1.91794902440325E-16,
10.4175344022572));
#2858=CARTESIAN_POINT('Origin',(0.134919640236474,-1.91794902440325E-16,
10.4175344022572));
#2859=CARTESIAN_POINT('Origin',(-1.88447169283917,0.,0.116751144919668));
#2860=CARTESIAN_POINT('',(-0.55,-1.22389626792531,7.68491619531352));
#2861=CARTESIAN_POINT('',(-0.55,-1.22389626792531,7.68491619531352));
#2862=CARTESIAN_POINT('',(1.50166777166572,-1.09745857108495,19.3205023286578));
#2863=CARTESIAN_POINT('',(1.50166777166572,-0.816239565597998,19.3205023286578));
#2864=CARTESIAN_POINT('',(1.50166777166572,-1.09745857108495,19.3205023286578));
#2865=CARTESIAN_POINT('Origin',(-0.819269253902144,-1.91794902440325E-16,
5.00606027444734));
#2866=CARTESIAN_POINT('',(1.09608798399307,0.269258240356726,19.8997302939973));
#2867=CARTESIAN_POINT('',(1.09608798399307,-0.269258240356726,19.8997302939973));
#2868=CARTESIAN_POINT('Origin',(1.78545341110162,-1.91794902440325E-16,
19.7781765696305));
#2869=CARTESIAN_POINT('Ctrl Pts',(1.43622738301231,-0.676066727485248,19.6675228433711));
#2870=CARTESIAN_POINT('Ctrl Pts',(1.41698849713128,-0.664333997032898,19.6990924615562));
#2871=CARTESIAN_POINT('Ctrl Pts',(1.39481378461297,-0.649794276383447,19.7274600715682));
#2872=CARTESIAN_POINT('Ctrl Pts',(1.32457253206506,-0.597550473366908,19.8013306211263));
#2873=CARTESIAN_POINT('Ctrl Pts',(1.26354380404246,-0.541065597484281,19.840776032601));
#2874=CARTESIAN_POINT('Ctrl Pts',(1.16988901104734,-0.422730405824515,19.8837444539629));
#2875=CARTESIAN_POINT('Ctrl Pts',(1.12627758919299,-0.348953962713059,19.8944070520637));
#2876=CARTESIAN_POINT('Ctrl Pts',(1.09608798399307,-0.269258240356726,19.8997302939973));
#2877=CARTESIAN_POINT('',(-0.702067267016686,-0.717824561156858,6.92224067357985));
#2878=CARTESIAN_POINT('Ctrl Pts',(-0.702067267016687,-0.717824561156858,
6.92224067357984));
#2879=CARTESIAN_POINT('Ctrl Pts',(-0.674851009870845,-0.71851182674224,
7.16674436656124));
#2880=CARTESIAN_POINT('Ctrl Pts',(-0.64762645042982,-0.719128725499256,
7.41124733318592));
#2881=CARTESIAN_POINT('Ctrl Pts',(-0.620395290913554,-0.719675076032956,
7.65574972237884));
#2882=CARTESIAN_POINT('Ctrl Pts',(-0.549999999999996,0.722841614740048,
7.68491619531354));
#2883=CARTESIAN_POINT('Ctrl Pts',(-0.607952278244773,0.722841614740048,
7.35625249329848));
#2884=CARTESIAN_POINT('Ctrl Pts',(-0.673716810444679,0.722568991637996,
7.00463689251471));
#2885=CARTESIAN_POINT('Ctrl Pts',(-0.805429885413754,0.706942441611123,
6.53008234994903));
#2886=CARTESIAN_POINT('Ctrl Pts',(-0.854462334376129,0.699740167937668,
6.38238021516448));
#2887=CARTESIAN_POINT('Ctrl Pts',(-0.951155014950352,0.671510210617856,
6.18598480283524));
#2888=CARTESIAN_POINT('Ctrl Pts',(-0.987290097875127,0.659167495204292,
6.12500748664757));
#2889=CARTESIAN_POINT('Ctrl Pts',(-1.07237389398994,0.619530140502292,6.01468267567232));
#2890=CARTESIAN_POINT('Ctrl Pts',(-1.1216615911362,0.592699384024622,5.96543071479268));
#2891=CARTESIAN_POINT('Ctrl Pts',(-1.21383263078161,0.518406627289715,5.8988881965516));
#2892=CARTESIAN_POINT('Ctrl Pts',(-1.25180735161912,0.481683953730234,5.87715675178869));
#2893=CARTESIAN_POINT('Ctrl Pts',(-1.31958347742664,0.39723211911059,5.84443793411048));
#2894=CARTESIAN_POINT('Ctrl Pts',(-1.34924342943721,0.349526448295621,5.83309802044744));
#2895=CARTESIAN_POINT('Ctrl Pts',(-1.40112972432512,0.240949183685911,5.81478028873406));
#2896=CARTESIAN_POINT('Ctrl Pts',(-1.42488133044116,0.161470533952146,5.80805638540513));
#2897=CARTESIAN_POINT('Ctrl Pts',(-1.43643692458675,0.074709711301637,5.80480251203424));
#2898=CARTESIAN_POINT('Ctrl Pts',(-1.43842326226874,0.0529258949799539,
5.80425258376984));
#2899=CARTESIAN_POINT('Ctrl Pts',(-1.43986012761056,0.0238754448346506,
5.80385568076951));
#2900=CARTESIAN_POINT('Ctrl Pts',(-1.44018196832822,0.0108544193537268,
5.80376714791102));
#2901=CARTESIAN_POINT('Ctrl Pts',(-1.44018196832822,-0.0108544193537264,
5.80376714791102));
#2902=CARTESIAN_POINT('Ctrl Pts',(-1.43986012761056,-0.0238754448346502,
5.80385568076951));
#2903=CARTESIAN_POINT('Ctrl Pts',(-1.43842326226874,-0.0529258949799538,
5.80425258376984));
#2904=CARTESIAN_POINT('Ctrl Pts',(-1.43643692458675,-0.0747097113016371,
5.80480251203424));
#2905=CARTESIAN_POINT('Ctrl Pts',(-1.42488133044116,-0.161470533952146,
5.80805638540513));
#2906=CARTESIAN_POINT('Ctrl Pts',(-1.40112972432512,-0.240949183685911,
5.81478028873406));
#2907=CARTESIAN_POINT('Ctrl Pts',(-1.34924342943721,-0.34952644829562,5.83309802044744));
#2908=CARTESIAN_POINT('Ctrl Pts',(-1.31958347742664,-0.39723211911059,5.84443793411048));
#2909=CARTESIAN_POINT('Ctrl Pts',(-1.25180735161912,-0.481683953730234,
5.87715675178869));
#2910=CARTESIAN_POINT('Ctrl Pts',(-1.21383263078161,-0.518406627289715,
5.8988881965516));
#2911=CARTESIAN_POINT('Ctrl Pts',(-1.1216615911362,-0.592699384024621,5.96543071479269));
#2912=CARTESIAN_POINT('Ctrl Pts',(-1.07237389398994,-0.619530140502293,
6.01468267567233));
#2913=CARTESIAN_POINT('Ctrl Pts',(-0.987290097875125,-0.659167495204293,
6.12500748664757));
#2914=CARTESIAN_POINT('Ctrl Pts',(-0.951155014950351,-0.671510210617856,
6.18598480283525));
#2915=CARTESIAN_POINT('Ctrl Pts',(-0.854462334376128,-0.699740167937668,
6.38238021516449));
#2916=CARTESIAN_POINT('Ctrl Pts',(-0.805429885413754,-0.706942441611122,
6.53008234994904));
#2917=CARTESIAN_POINT('Ctrl Pts',(-0.740379074596115,-0.714660124534926,
6.76445663494952));
#2918=CARTESIAN_POINT('Ctrl Pts',(-0.720710663397501,-0.716445536628668,
6.84274007575966));
#2919=CARTESIAN_POINT('Ctrl Pts',(-0.702067267016697,-0.717824561156857,
6.92224067357985));
#2920=CARTESIAN_POINT('Ctrl Pts',(1.09608798399307,0.269258240356726,19.8997302939973));
#2921=CARTESIAN_POINT('Ctrl Pts',(1.12627758919299,0.348953962713058,19.8944070520637));
#2922=CARTESIAN_POINT('Ctrl Pts',(1.16988901104734,0.422730405824515,19.8837444539629));
#2923=CARTESIAN_POINT('Ctrl Pts',(1.26354380404246,0.541065597484281,19.840776032601));
#2924=CARTESIAN_POINT('Ctrl Pts',(1.32457253206506,0.597550473366908,19.8013306211263));
#2925=CARTESIAN_POINT('Ctrl Pts',(1.39558899428991,0.650370859234543,19.7266448075633));
#2926=CARTESIAN_POINT('Ctrl Pts',(1.41846981442191,0.665290107550339,19.697188996273));
#2927=CARTESIAN_POINT('Ctrl Pts',(1.45782136869315,0.689176623892358,19.6315085584563));
#2928=CARTESIAN_POINT('Ctrl Pts',(1.47429685561994,0.698167086135408,19.5952952173388));
#2929=CARTESIAN_POINT('Ctrl Pts',(1.5101508579987,0.718207594375163,19.4812486231481));
#2930=CARTESIAN_POINT('Ctrl Pts',(1.51525013949873,0.722841614740048,19.3975317644165));
#2931=CARTESIAN_POINT('Ctrl Pts',(1.50166777166572,0.722841614740048,19.3205023286578));
#2932=CARTESIAN_POINT('Origin',(1.78545341110162,-1.91794902440325E-16,
19.7781765696305));
#2933=CARTESIAN_POINT('',(1.09608798399307,-1.0356157588604,19.8997302939973));
#2934=CARTESIAN_POINT('',(1.25945543588017,-1.13264712374819,19.8402284767978));
#2935=CARTESIAN_POINT('Ctrl Pts',(1.09608798399307,-1.0356157588604,19.8997302939973));
#2936=CARTESIAN_POINT('Ctrl Pts',(1.11762952569698,-1.05040087405784,19.8959319389889));
#2937=CARTESIAN_POINT('Ctrl Pts',(1.13922692017884,-1.06438642970051,19.8906688382193));
#2938=CARTESIAN_POINT('Ctrl Pts',(1.16075459256455,-1.07755067175471,19.8838246531645));
#2939=CARTESIAN_POINT('Ctrl Pts',(1.18098202990822,-1.08991981582924,19.8773938453241));
#2940=CARTESIAN_POINT('Ctrl Pts',(1.20114835568146,-1.10156386210587,19.869566442623));
#2941=CARTESIAN_POINT('Ctrl Pts',(1.22110674871948,-1.11246476499135,19.8602310491695));
#2942=CARTESIAN_POINT('Ctrl Pts',(1.23399427877623,-1.11950369409324,19.8542030005438));
#2943=CARTESIAN_POINT('Ctrl Pts',(1.24679423653832,-1.1262327665171,19.8475458939886));
#2944=CARTESIAN_POINT('Ctrl Pts',(1.25945543588016,-1.13264712374819,19.8402284767978));
#2945=CARTESIAN_POINT('',(1.09608798399307,1.0356157588604,19.8997302939973));
#2946=CARTESIAN_POINT('Origin',(1.78545341110162,-1.91794902440325E-16,
19.7781765696305));
#2947=CARTESIAN_POINT('Ctrl Pts',(1.50166777166572,1.23389626792531,19.3205023286578));
#2948=CARTESIAN_POINT('Ctrl Pts',(1.51249988991103,1.23389626792531,19.3819343239304));
#2949=CARTESIAN_POINT('Ctrl Pts',(1.51182461255809,1.23208459295895,19.4495861056561));
#2950=CARTESIAN_POINT('Ctrl Pts',(1.48366035786913,1.22238576093629,19.5785021252556));
#2951=CARTESIAN_POINT('Ctrl Pts',(1.4561681603375,1.2142232011354,19.6397447920325));
#2952=CARTESIAN_POINT('Ctrl Pts',(1.38298124316676,1.18836364144826,19.7464232223194));
#2953=CARTESIAN_POINT('Ctrl Pts',(1.33071456264694,1.16785806482842,19.7962572551495));
#2954=CARTESIAN_POINT('Ctrl Pts',(1.21552156957877,1.1110905333837,19.8678212127652));
#2955=CARTESIAN_POINT('Ctrl Pts',(1.15283389583571,1.07456352105446,19.8897244586946));
#2956=CARTESIAN_POINT('Ctrl Pts',(1.09608798399307,1.0356157588604,19.8997302939973));
#2957=CARTESIAN_POINT('',(-1.40636051696384,-0.945348837209302,6.38608873582351));
#2958=CARTESIAN_POINT('Origin',(-31.0926620761775,-1.91794902440325E-16,
-166.682882056681));
#2959=CARTESIAN_POINT('',(-1.45771631047443,-0.987444033308551,5.79908932994761));
#2960=CARTESIAN_POINT('Origin',(-2.22417197199917,-1.91794902440325E-16,
-2.96153896902845));
#2961=CARTESIAN_POINT('',(-0.672121758775512,-1.2320902796224,7.05475486587717));
#2962=CARTESIAN_POINT('Ctrl Pts',(-0.672121758775589,-1.23209027962238,
7.05475486587718));
#2963=CARTESIAN_POINT('Ctrl Pts',(-0.703658027557041,-1.2310710309924,6.91020420308792));
#2964=CARTESIAN_POINT('Ctrl Pts',(-0.737866595797131,-1.22953808461108,
6.76798344485035));
#2965=CARTESIAN_POINT('Ctrl Pts',(-0.825501077994522,-1.22282550411909,
6.46761005125312));
#2966=CARTESIAN_POINT('Ctrl Pts',(-0.880149325497659,-1.21776045251861,
6.31422486285898));
#2967=CARTESIAN_POINT('Ctrl Pts',(-0.993806856572122,-1.19597411644301,
6.11529771834766));
#2968=CARTESIAN_POINT('Ctrl Pts',(-1.03724257990074,-1.18623934974832,6.05438797050832));
#2969=CARTESIAN_POINT('Ctrl Pts',(-1.14187507779544,-1.15454674957087,5.94761992812926));
#2970=CARTESIAN_POINT('Ctrl Pts',(-1.20332496305465,-1.1327080748483,5.9019746004783));
#2971=CARTESIAN_POINT('Ctrl Pts',(-1.33319232216994,-1.06909362766653,5.8369070734148));
#2972=CARTESIAN_POINT('Ctrl Pts',(-1.39729344060841,-1.03152769381563,5.81470035641325));
#2973=CARTESIAN_POINT('Ctrl Pts',(-1.45771631047443,-0.987444033308553,
5.79908932994759));
#2974=CARTESIAN_POINT('Origin',(19.1098091511803,-1.91794902440325E-16,
118.029480314936));
#2975=CARTESIAN_POINT('Origin',(1.04684759634246,0.,19.9084127028807));
#2976=CARTESIAN_POINT('',(1.09608798399307,-0.269258240356726,19.8997302939973));
#2977=CARTESIAN_POINT('',(1.09608798399307,1.0356157588604,19.8997302939973));
#2978=CARTESIAN_POINT('Origin',(-1.21305797849794,-17.8665392058429,0.106128821318236));
#2979=CARTESIAN_POINT('',(-0.55,-0.802841614740044,7.68491619531352));
#2980=CARTESIAN_POINT('',(-1.7293860496645,-1.2238962679253,-5.79552803749976));
#2981=CARTESIAN_POINT('Origin',(-2.42663199164571,0.,-13.7650856222337));
#2982=CARTESIAN_POINT('',(-1.81407958769144,-0.717824561156858,-5.78811831304851));
#2983=CARTESIAN_POINT('Origin',(-2.51132552967266,-0.717824561156857,-13.7576758977825));
#2984=CARTESIAN_POINT('Origin',(1.00926389515961,0.,19.4073264174912));
#2985=CARTESIAN_POINT('Origin',(1.00926389515961,0.,19.4073264174912));
#2986=CARTESIAN_POINT('Origin',(1.00926389515961,-1.15861723537444,19.4073264174912));
#2987=CARTESIAN_POINT('Origin',(-2.76813254266713,8.1688827145472E-17,-3.69700981999803));
#2988=CARTESIAN_POINT('',(-1.55507456416919,2.,-3.80313864131627));
#2989=CARTESIAN_POINT('Origin',(-1.29017928656242,1.51842025264809,-5.83395365021511));
#2990=CARTESIAN_POINT('Origin',(-0.216060968336172,-5.27983032932499E-16,
11.501856793165));
#2991=CARTESIAN_POINT('',(-1.45771631047443,-0.987444033308551,5.79908932994761));
#2992=CARTESIAN_POINT('',(-0.672121758775513,-1.23209027962239,7.05475486587717));
#2993=CARTESIAN_POINT('Origin',(-0.0922109285557282,-0.945348837209303,
21.4068872649817));
#2994=CARTESIAN_POINT('',(-1.40636051696384,-0.945348837209302,6.38608873582351));
#2995=CARTESIAN_POINT('',(-2.78029308349654,-0.898686391453732,-1.1120752357387));
#2996=CARTESIAN_POINT('Origin',(-0.0922109285557282,-0.987444033308551,
21.4068872649817));
#2997=CARTESIAN_POINT('Origin',(-1.90644314442157,0.0689193245677036,-1.16097813693129));
#2998=CARTESIAN_POINT('Origin',(-0.282541891904339,-1.23209027962239,11.5076731203179));
#2999=CARTESIAN_POINT('Origin',(-18.7304249067035,3.,3.22237733641153));
#3000=CARTESIAN_POINT('',(-18.7304249067035,3.,3.22237733641153));
#3001=CARTESIAN_POINT('Origin',(-15.7738099374276,3.,3.74370832706142));
#3002=CARTESIAN_POINT('polyline point',(14.9923893961835,3.,4.8256885145047));
#3003=CARTESIAN_POINT('polyline point',(15.9885840942752,3.,4.73853277175705));
#3004=CARTESIAN_POINT('polyline point',(13.,3.,5.));
#3005=CARTESIAN_POINT('polyline point',(15.9885840942752,3.,4.73853277175705));
#3006=CARTESIAN_POINT('polyline point',(15.9885840942752,3.,4.73853277175705));
#3007=CARTESIAN_POINT('polyline point',(14.9393859735208,3.,-7.25385662442645));
#3008=CARTESIAN_POINT('polyline point',(14.9393859735208,3.,-7.25385662442645));
#3009=CARTESIAN_POINT('polyline point',(11.9508018792455,3.,-6.99238939618349));
#3010=CARTESIAN_POINT('polyline point',(11.9508018792455,3.,-6.99238939618349));
#3011=CARTESIAN_POINT('polyline point',(13.,3.,5.));
#3012=CARTESIAN_POINT('polyline point',(-16.0968576344892,3.,-2.45435481275465));
#3013=CARTESIAN_POINT('polyline point',(-14.36037585782,3.,7.39372271736745));
#3014=CARTESIAN_POINT('polyline point',(-14.36037585782,3.,7.39372271736745));
#3015=CARTESIAN_POINT('polyline point',(-17.3511770042188,3.,7.65538391253767));
#3016=CARTESIAN_POINT('polyline point',(-17.3511770042188,3.,7.65538391253767));
#3017=CARTESIAN_POINT('polyline point',(-18.4003751249733,3.,-4.33700548364583));
#3018=CARTESIAN_POINT('polyline point',(-18.4003751249733,3.,-4.33700548364583));
#3019=CARTESIAN_POINT('polyline point',(-15.4095739785745,3.,-4.59866667881604));
#3020=CARTESIAN_POINT('polyline point',(-15.4095739785745,3.,-4.59866667881604));
#3021=CARTESIAN_POINT('polyline point',(-14.36037585782,3.,7.39372271736745));
#3022=CARTESIAN_POINT('polyline point',(12.4754009396228,3.,-0.996194698091747));
#3023=CARTESIAN_POINT('polyline point',(-14.8849749181973,3.,1.39752801927571));
#3024=CARTESIAN_POINT('polyline point',(-1.20478698928726,3.,0.200666660591979));
#3025=CARTESIAN_POINT('polyline point',(1.12618009150083,3.,26.8437423100168));
#3026=CARTESIAN_POINT('polyline point',(-0.539159911639173,3.,7.04312221157127));
#3027=CARTESIAN_POINT('polyline point',(-1.66290512609632,3.,-5.80134436465271));
#3028=CARTESIAN_POINT('polyline point',(-1.20478698928726,3.,0.200666660591979));
#3029=CARTESIAN_POINT('polyline point',(-3.0995802496554,3.,10.9465732300516));
#3030=CARTESIAN_POINT('Origin',(-1.20478698928726,3.,0.200666660591979));
#3031=CARTESIAN_POINT('polyline point',(-15.7738099374276,3.,3.74370832706142));
#3032=CARTESIAN_POINT('polyline point',(-18.7304249067035,3.,3.22237733641153));
#3033=CARTESIAN_POINT('polyline point',(-13.6833987271405,3.,-8.11160276536443));
#3034=CARTESIAN_POINT('polyline point',(-15.7738099374276,3.,3.74370832706142));
#3035=CARTESIAN_POINT('polyline point',(-18.7304249067035,3.,3.22237733641153));
#3036=CARTESIAN_POINT('polyline point',(-16.6400136964164,3.,-8.6329337560143));
#3037=CARTESIAN_POINT('polyline point',(-16.6400136964164,3.,-8.6329337560143));
#3038=CARTESIAN_POINT('polyline point',(-13.6833987271405,3.,-8.11160276536443));
#3039=CARTESIAN_POINT('polyline point',(16.3186592178897,3.,-2.82143047287665));
#3040=CARTESIAN_POINT('polyline point',(13.3642359588531,3.,-3.34237500587746));
#3041=CARTESIAN_POINT('polyline point',(13.3642359588531,3.,-3.34237500587746));
#3042=CARTESIAN_POINT('polyline point',(11.273824748566,3.,8.51293608654838));
#3043=CARTESIAN_POINT('polyline point',(14.2282480076026,3.,9.03388061954919));
#3044=CARTESIAN_POINT('polyline point',(16.3186592178897,3.,-2.82143047287665));
#3045=CARTESIAN_POINT('polyline point',(11.273824748566,3.,8.51293608654838));
#3046=CARTESIAN_POINT('polyline point',(14.2282480076026,3.,9.03388061954919));
#3047=CARTESIAN_POINT('polyline point',(11.273824748566,3.,8.51293608654838));
#3048=CARTESIAN_POINT('polyline point',(-15.7738099374276,3.,3.74370832706142));
#3049=CARTESIAN_POINT('polyline point',(13.3642359588531,3.,-3.34237500587746));
#3050=CARTESIAN_POINT('polyline point',(12.25299406266,3.,-3.53831693426993));
#3051=CARTESIAN_POINT('polyline point',(-13.6833987271405,3.,-8.11160276536443));
#3052=CARTESIAN_POINT('polyline point',(13.3642359588531,3.,-3.34237500587746));
#3053=CARTESIAN_POINT('polyline point',(-1.7293860496645,3.,-5.79552803749976));
#3054=CARTESIAN_POINT('polyline point',(11.9508018792455,3.,-6.99238939618349));
#3055=CARTESIAN_POINT('polyline point',(-1.7293860496645,3.,-5.79552803749976));
#3056=CARTESIAN_POINT('polyline point',(-0.835223614056386,3.,-5.87375711396619));
#3057=CARTESIAN_POINT('polyline point',(-0.99230006366491,3.,-5.86001470531855));
#3058=CARTESIAN_POINT('polyline point',(-0.279825312974136,3.,-5.92234816905244));
#3059=CARTESIAN_POINT('',(0.,3.,0.));
#3060=CARTESIAN_POINT('polyline point',(-1.9392480627034,-1.00802218689103,
-5.77716749045413));
#3061=CARTESIAN_POINT('polyline point',(-6.21525541642504,-0.707412625090449,
-5.40306532185003));
#3062=CARTESIAN_POINT('polyline point',(-4.75021173959343,-0.741860648549121,
5.6988150221818));
#3063=CARTESIAN_POINT('polyline point',(-5.54706103578524,-0.742133313903337,
-3.45388508010104));
#3064=CARTESIAN_POINT('polyline point',(-5.69178156807485,-0.744213601129383,
-5.44886334923296));
#3065=CARTESIAN_POINT('polyline point',(-4.75021173959343,-0.741860648549121,
5.6988150221818));
#3066=CARTESIAN_POINT('polyline point',(-15.7764203731292,0.0154774172205771,
3.74393671059217));
#3067=CARTESIAN_POINT('polyline point',(-13.6812153641523,-0.203065398487472,
-8.11179378487425));
#3068=CARTESIAN_POINT('polyline point',(-4.75021173959343,-0.741860648549121,
5.6988150221818));
#3069=CARTESIAN_POINT('polyline point',(-15.7764203731292,0.0154774172205771,
3.74393671059217));
#3070=CARTESIAN_POINT('polyline point',(-15.7764203731292,0.0154774172205771,
3.74393671059217));
#3071=CARTESIAN_POINT('polyline point',(-13.6895729384903,-0.20247784880581,
-8.1110625918651));
#3072=CARTESIAN_POINT('polyline point',(-5.72101331532761,-0.742158566606425,
-5.44630590273329));
#3073=CARTESIAN_POINT('polyline point',(-6.21525541642504,-0.707412625090449,
-5.40306532185003));
#3074=CARTESIAN_POINT('polyline point',(-13.6895729384903,-0.20247784880581,
-8.1110625918651));
#3075=CARTESIAN_POINT('polyline point',(-5.72101331532761,-0.742158566606425,
-5.44630590273329));
#3076=CARTESIAN_POINT('',(-0.0769288833162174,-1.10264732753245,0.00673040518787804));
#3077=UNCERTAINTY_MEASURE_WITH_UNIT(LENGTH_MEASURE(0.01),#3081,
'DISTANCE_ACCURACY_VALUE',
'Maximum model space distance between geometric entities at asserted c
onnectivities');
#3078=UNCERTAINTY_MEASURE_WITH_UNIT(LENGTH_MEASURE(0.01),#3081,
'DISTANCE_ACCURACY_VALUE',
'Maximum model space distance between geometric entities at asserted c
onnectivities');
#3079=(
GEOMETRIC_REPRESENTATION_CONTEXT(3)
GLOBAL_UNCERTAINTY_ASSIGNED_CONTEXT((#3077))
GLOBAL_UNIT_ASSIGNED_CONTEXT((#3081,#3083,#3084))
REPRESENTATION_CONTEXT('','3D')
);
#3080=(
GEOMETRIC_REPRESENTATION_CONTEXT(3)
GLOBAL_UNCERTAINTY_ASSIGNED_CONTEXT((#3078))
GLOBAL_UNIT_ASSIGNED_CONTEXT((#3081,#3083,#3084))
REPRESENTATION_CONTEXT('','3D')
);
#3081=(
LENGTH_UNIT()
NAMED_UNIT(*)
SI_UNIT(.MILLI.,.METRE.)
);
#3082=(
LENGTH_UNIT()
NAMED_UNIT(*)
SI_UNIT(.CENTI.,.METRE.)
);
#3083=(
NAMED_UNIT(*)
PLANE_ANGLE_UNIT()
SI_UNIT($,.RADIAN.)
);
#3084=(
NAMED_UNIT(*)
SI_UNIT($,.STERADIAN.)
SOLID_ANGLE_UNIT()
);
#3085=SHAPE_DEFINITION_REPRESENTATION(#3086,#3087);
#3086=PRODUCT_DEFINITION_SHAPE('',$,#3089);
#3087=SHAPE_REPRESENTATION('',(#1750),#3079);
#3088=PRODUCT_DEFINITION_CONTEXT('part definition',#3093,'design');
#3089=PRODUCT_DEFINITION('\X2\722A5B508CA0\X0\15_v2','\X2\722A5B508CA0\X0\1
5_v2',#3090,#3088);
#3090=PRODUCT_DEFINITION_FORMATION('',$,#3095);
#3091=PRODUCT_RELATED_PRODUCT_CATEGORY('\X2\722A5B508CA0\X0\15_v2',
'\X2\722A5B508CA0\X0\15_v2',(#3095));
#3092=APPLICATION_PROTOCOL_DEFINITION('international standard',
'automotive_design',2009,#3093);
#3093=APPLICATION_CONTEXT(
'Core Data for Automotive Mechanical Design Process');
#3094=PRODUCT_CONTEXT('part definition',#3093,'mechanical');
#3095=PRODUCT('\X2\722A5B508CA0\X0\15_v2','\X2\722A5B508CA0\X0\15_v2',$,
(#3094));
#3096=PRESENTATION_STYLE_ASSIGNMENT((#3099));
#3097=PRESENTATION_STYLE_ASSIGNMENT((#3100));
#3098=PRESENTATION_STYLE_ASSIGNMENT((#3101));
#3099=SURFACE_STYLE_USAGE(.BOTH.,#3104);
#3100=SURFACE_STYLE_USAGE(.BOTH.,#3105);
#3101=SURFACE_STYLE_USAGE(.BOTH.,#3106);
#3102=SURFACE_STYLE_RENDERING_WITH_PROPERTIES($,#3116,(#3103));
#3103=SURFACE_STYLE_TRANSPARENT(0.);
#3104=SURFACE_SIDE_STYLE('',(#3107,#3102));
#3105=SURFACE_SIDE_STYLE('',(#3108));
#3106=SURFACE_SIDE_STYLE('',(#3109));
#3107=SURFACE_STYLE_FILL_AREA(#3110);
#3108=SURFACE_STYLE_FILL_AREA(#3111);
#3109=SURFACE_STYLE_FILL_AREA(#3112);
#3110=FILL_AREA_STYLE('',(#3113));
#3111=FILL_AREA_STYLE('',(#3114));
#3112=FILL_AREA_STYLE('',(#3115));
#3113=FILL_AREA_STYLE_COLOUR('',#3116);
#3114=FILL_AREA_STYLE_COLOUR('',#3117);
#3115=FILL_AREA_STYLE_COLOUR('',#3118);
#3116=COLOUR_RGB('',0.792156862745098,0.819607843137255,0.933333333333333);
#3117=COLOUR_RGB('',1.,1.,0.);
#3118=COLOUR_RGB('',0.,0.,0.);
ENDSEC;
END-ISO-10303-21;
