ISO-10303-21;
HEADER;
/* Generated by software containing ST-Developer
 * from STEP Tools, Inc. (www.steptools.com) 
 */

FILE_DESCRIPTION(
/* description */ (''),
/* implementation_level */ '2;1');

FILE_NAME(
/* name */ '',
/* time_stamp */ '2026-03-12T12:49:44+08:00',
/* author */ ('user'),
/* organization */ (''),
/* preprocessor_version */ 'ST-DEVELOPER v20',
/* originating_system */ 'Autodesk Inventor 2025',
/* authorisation */ '');

FILE_SCHEMA (('AUTOMOTIVE_DESIGN { 1 0 10303 214 3 1 1 }'));
ENDSEC;

DATA;
#10=MECHANICAL_DESIGN_GEOMETRIC_PRESENTATION_REPRESENTATION('',(#44,#45,
#46,#47,#48,#49,#50,#51,#52,#53,#54,#55,#56,#57,#58,#59,#60,#61,#62,#63,
#64,#65,#66,#67,#68,#69,#70,#71),#3013);
#11=GEOMETRICALLY_BOUNDED_WIREFRAME_SHAPE_REPRESENTATION('',(#12),#3012);
#12=GEOMETRIC_CURVE_SET('\X2\83495716\X0\2',(#16,#17,#18,#19,#20,#21,#22,
#23,#24,#25,#26,#27,#28,#29,#739,#30,#31,#32,#33,#34,#35,#36,#37,#38,#39,
#40,#41,#42,#43,#3007,#3008,#3009));
#13=SHAPE_REPRESENTATION_RELATIONSHIP('SRR','None',#3020,#15);
#14=SHAPE_REPRESENTATION_RELATIONSHIP('SRR','None',#3020,#11);
#15=ADVANCED_BREP_SHAPE_REPRESENTATION('',(#72,#73),#3012);
#16=POLYLINE('',(#2950,#2951));
#17=POLYLINE('',(#2952,#2953));
#18=POLYLINE('',(#2954,#2955));
#19=POLYLINE('',(#2956,#2957));
#20=POLYLINE('',(#2958,#2959));
#21=POLYLINE('',(#2960,#2961));
#22=POLYLINE('',(#2962,#2963));
#23=POLYLINE('',(#2964,#2965));
#24=POLYLINE('',(#2966,#2967));
#25=POLYLINE('',(#2968,#2969));
#26=POLYLINE('',(#2970,#2971));
#27=POLYLINE('',(#2972,#2973));
#28=POLYLINE('',(#2974,#2975));
#29=POLYLINE('',(#2976,#2977));
#30=POLYLINE('',(#2979,#2980));
#31=POLYLINE('',(#2981,#2982));
#32=POLYLINE('',(#2983,#2984));
#33=POLYLINE('',(#2985,#2986));
#34=POLYLINE('',(#2987,#2988));
#35=POLYLINE('',(#2989,#2990));
#36=POLYLINE('',(#2991,#2992));
#37=POLYLINE('',(#2993,#2994));
#38=POLYLINE('',(#2995,#2996));
#39=POLYLINE('',(#2997,#2998));
#40=POLYLINE('',(#2999,#3000));
#41=POLYLINE('',(#3001,#3002));
#42=POLYLINE('',(#3003,#3004));
#43=POLYLINE('',(#3005,#3006));
#44=STYLED_ITEM('',(#3029),#72);
#45=STYLED_ITEM('',(#3029),#73);
#46=STYLED_ITEM('',(#3030),#16);
#47=STYLED_ITEM('',(#3031),#17);
#48=STYLED_ITEM('',(#3031),#18);
#49=STYLED_ITEM('',(#3031),#19);
#50=STYLED_ITEM('',(#3031),#20);
#51=STYLED_ITEM('',(#3030),#21);
#52=STYLED_ITEM('',(#3031),#22);
#53=STYLED_ITEM('',(#3031),#24);
#54=STYLED_ITEM('',(#3031),#25);
#55=STYLED_ITEM('',(#3031),#26);
#56=STYLED_ITEM('',(#3031),#27);
#57=STYLED_ITEM('',(#3030),#28);
#58=STYLED_ITEM('',(#3031),#29);
#59=STYLED_ITEM('',(#3031),#30);
#60=STYLED_ITEM('',(#3031),#31);
#61=STYLED_ITEM('',(#3031),#33);
#62=STYLED_ITEM('',(#3031),#34);
#63=STYLED_ITEM('',(#3031),#35);
#64=STYLED_ITEM('',(#3031),#36);
#65=STYLED_ITEM('',(#3031),#37);
#66=STYLED_ITEM('',(#3031),#38);
#67=STYLED_ITEM('',(#3031),#39);
#68=STYLED_ITEM('',(#3031),#40);
#69=STYLED_ITEM('',(#3030),#41);
#70=STYLED_ITEM('',(#3031),#42);
#71=STYLED_ITEM('',(#3030),#43);
#72=MANIFOLD_SOLID_BREP('\X2\5BE69AD4\X0\1',#1692);
#73=MANIFOLD_SOLID_BREP('\X2\5BE69AD4\X0\3',#1693);
#74=CONICAL_SURFACE('',#1747,1.25,0.34906585039886);
#75=CONICAL_SURFACE('',#1810,1.25,0.34906585039886);
#76=B_SPLINE_SURFACE_WITH_KNOTS('',3,1,((#2415,#2416),(#2417,#2418),(#2419,
#2420),(#2421,#2422)),.UNSPECIFIED.,.F.,.F.,.F.,(4,4),(2,2),(0.,0.0351083960004023),
(0.,0.0145425226030779),.UNSPECIFIED.);
#77=B_SPLINE_SURFACE_WITH_KNOTS('',3,1,((#2769,#2770),(#2771,#2772),(#2773,
#2774),(#2775,#2776)),.UNSPECIFIED.,.F.,.F.,.F.,(4,4),(2,2),(0.,0.0351083960004023),
(0.,0.0145425226030779),.UNSPECIFIED.);
#78=B_SPLINE_CURVE_WITH_KNOTS('',3,(#2408,#2409,#2410,#2411,#2412,#2413,
#2414),.UNSPECIFIED.,.F.,.F.,(4,3,4),(0.,0.00843968214893545,0.0134709132548437),
 .UNSPECIFIED.);
#79=B_SPLINE_CURVE_WITH_KNOTS('',3,(#2424,#2425,#2426,#2427,#2428,#2429,
#2430),.UNSPECIFIED.,.F.,.F.,(4,3,4),(-0.012497646076559,-0.00622312957747029,
0.),.UNSPECIFIED.);
#80=B_SPLINE_CURVE_WITH_KNOTS('',3,(#2460,#2461,#2462,#2463,#2464,#2465,
#2466,#2467,#2468,#2469,#2470,#2471),.UNSPECIFIED.,.F.,.F.,(4,2,2,2,2,4),
(-0.0940036194534467,-0.0699401350824827,-0.0469306433807616,-0.0351979825355712,
-0.0234653216903808,0.),.UNSPECIFIED.);
#81=B_SPLINE_CURVE_WITH_KNOTS('',3,(#2473,#2474,#2475,#2476,#2477,#2478,
#2479,#2480,#2481,#2482,#2483,#2484,#2485,#2486,#2487,#2488,#2489,#2490,
#2491,#2492,#2493,#2494,#2495,#2496,#2497,#2498,#2499,#2500,#2501,#2502,
#2503,#2504,#2505,#2506,#2507,#2508,#2509,#2510),.UNSPECIFIED.,.F.,.F.,
(4,2,2,2,2,2,2,2,2,2,2,2,2,2,2,2,2,2,4),(-0.522390816395786,-0.422270655579695,
-0.372210575171649,-0.347180534967626,-0.322150494763603,-0.306439230511575,
-0.290727966259546,-0.269922009431376,-0.264451734004011,-0.261195408197893,
-0.257939082391775,-0.25246880696441,-0.23166285013624,-0.215951585884212,
-0.200240321632183,-0.17521028142816,-0.150180241224137,-0.100120160816091,
-0.0760088162330155),.UNSPECIFIED.);
#82=B_SPLINE_CURVE_WITH_KNOTS('',3,(#2511,#2512,#2513,#2514),
 .UNSPECIFIED.,.F.,.F.,(4,4),(0.,1.02103172871233),.UNSPECIFIED.);
#83=B_SPLINE_CURVE_WITH_KNOTS('',3,(#2515,#2516,#2517,#2518,#2519,#2520,
#2521,#2522),.UNSPECIFIED.,.F.,.F.,(4,2,2,4),(-0.205080702793681,-0.19372728433833,
-0.170717792636609,-0.146654308265645),.UNSPECIFIED.);
#84=B_SPLINE_CURVE_WITH_KNOTS('',3,(#2526,#2527,#2528,#2529,#2530,#2531,
#2532,#2533,#2534,#2535),.UNSPECIFIED.,.F.,.F.,(4,3,3,4),(0.,7.82159412598025E-5,
0.000151707771809918,0.000199162903760465),.UNSPECIFIED.);
#85=B_SPLINE_CURVE_WITH_KNOTS('',3,(#2539,#2540,#2541,#2542,#2543,#2544,
#2545,#2546,#2547,#2548,#2549,#2550),.UNSPECIFIED.,.F.,.F.,(4,2,2,2,2,4),
(2.26474405500302,2.30795740565339,2.36091165260655,2.38738877608312,2.4138658995597,
2.43496135299334),.UNSPECIFIED.);
#86=B_SPLINE_CURVE_WITH_KNOTS('',3,(#2555,#2556,#2557,#2558,#2559,#2560,
#2561,#2562,#2563,#2564),.UNSPECIFIED.,.F.,.F.,(4,2,2,2,4),(0.,0.0187139048463075,
0.037427809692615,0.0582926822965746,0.0791575549005341),.UNSPECIFIED.);
#87=B_SPLINE_CURVE_WITH_KNOTS('',3,(#2759,#2760,#2761,#2762,#2763,#2764,
#2765),.UNSPECIFIED.,.F.,.F.,(4,3,4),(0.,0.00843968214893545,0.0134709132548437),
 .UNSPECIFIED.);
#88=B_SPLINE_CURVE_WITH_KNOTS('',3,(#2779,#2780,#2781,#2782,#2783,#2784,
#2785),.UNSPECIFIED.,.F.,.F.,(4,3,4),(-0.012497646076559,-0.00622312957747029,
0.),.UNSPECIFIED.);
#89=B_SPLINE_CURVE_WITH_KNOTS('',3,(#2815,#2816,#2817,#2818,#2819,#2820,
#2821,#2822),.UNSPECIFIED.,.F.,.F.,(4,2,2,4),(-0.205080702793681,-0.19372728433833,
-0.170717792636609,-0.146654308265645),.UNSPECIFIED.);
#90=B_SPLINE_CURVE_WITH_KNOTS('',3,(#2824,#2825,#2826,#2827),
 .UNSPECIFIED.,.F.,.F.,(4,4),(0.,1.02103172871233),.UNSPECIFIED.);
#91=B_SPLINE_CURVE_WITH_KNOTS('',3,(#2828,#2829,#2830,#2831,#2832,#2833,
#2834,#2835,#2836,#2837,#2838,#2839,#2840,#2841,#2842,#2843,#2844,#2845,
#2846,#2847,#2848,#2849,#2850,#2851,#2852,#2853,#2854,#2855,#2856,#2857,
#2858,#2859,#2860,#2861,#2862,#2863,#2864,#2865),.UNSPECIFIED.,.F.,.F.,
(4,2,2,2,2,2,2,2,2,2,2,2,2,2,2,2,2,2,4),(-0.522390816395786,-0.422270655579695,
-0.372210575171649,-0.347180534967626,-0.322150494763603,-0.306439230511575,
-0.290727966259546,-0.269922009431376,-0.264451734004011,-0.261195408197893,
-0.257939082391775,-0.25246880696441,-0.23166285013624,-0.215951585884212,
-0.200240321632183,-0.17521028142816,-0.150180241224137,-0.100120160816091,
-0.0760088162330155),.UNSPECIFIED.);
#92=B_SPLINE_CURVE_WITH_KNOTS('',3,(#2866,#2867,#2868,#2869,#2870,#2871,
#2872,#2873,#2874,#2875,#2876,#2877),.UNSPECIFIED.,.F.,.F.,(4,2,2,2,2,4),
(-0.0940036194534467,-0.0699401350824827,-0.0469306433807616,-0.0351979825355712,
-0.0234653216903808,0.),.UNSPECIFIED.);
#93=B_SPLINE_CURVE_WITH_KNOTS('',3,(#2881,#2882,#2883,#2884,#2885,#2886,
#2887,#2888,#2889,#2890),.UNSPECIFIED.,.F.,.F.,(4,3,3,4),(0.,7.82159412598011E-5,
0.000151707771809923,0.000199162903760465),.UNSPECIFIED.);
#94=B_SPLINE_CURVE_WITH_KNOTS('',3,(#2893,#2894,#2895,#2896,#2897,#2898,
#2899,#2900,#2901,#2902),.UNSPECIFIED.,.F.,.F.,(4,2,2,2,4),(0.,0.0187139048463075,
0.037427809692615,0.0582926822965746,0.0791575549005341),.UNSPECIFIED.);
#95=B_SPLINE_CURVE_WITH_KNOTS('',3,(#2908,#2909,#2910,#2911,#2912,#2913,
#2914,#2915,#2916,#2917,#2918,#2919),.UNSPECIFIED.,.F.,.F.,(4,2,2,2,2,4),
(2.26474405500302,2.30795740565339,2.36091165260655,2.38738877608312,2.4138658995597,
2.43496135299334),.UNSPECIFIED.);
#96=ELLIPSE('',#1744,0.752236967852911,0.5);
#97=ELLIPSE('',#1753,117.684572316191,1.25);
#98=ELLIPSE('',#1754,14.3421415570883,1.25);
#99=ELLIPSE('',#1755,220.289679768119,1.25);
#100=ELLIPSE('',#1764,0.503754912729424,0.5);
#101=ELLIPSE('',#1767,1.33665881210785,1.25);
#102=ELLIPSE('',#1770,1.33665881210785,1.25);
#103=ELLIPSE('',#1797,1.33665881210785,1.25);
#104=ELLIPSE('',#1802,1.33665881210785,1.25);
#105=ELLIPSE('',#1805,0.752236967852911,0.5);
#106=ELLIPSE('',#1817,220.289679768119,1.25);
#107=ELLIPSE('',#1818,14.3421415570883,1.25);
#108=ELLIPSE('',#1819,117.684572316191,1.25);
#109=ELLIPSE('',#1826,0.503754912729424,0.5);
#110=(
BOUNDED_CURVE()
B_SPLINE_CURVE(2,(#2378,#2379,#2380),.UNSPECIFIED.,.F.,.F.)
B_SPLINE_CURVE_WITH_KNOTS((3,3),(-2.60234797974036,-1.79805746801368),
 .UNSPECIFIED.)
CURVE()
GEOMETRIC_REPRESENTATION_ITEM()
RATIONAL_B_SPLINE_CURVE((1.75162158366374,2.21520520583342,2.32044033574995))
REPRESENTATION_ITEM('')
);
#111=(
BOUNDED_CURVE()
B_SPLINE_CURVE(2,(#2392,#2393,#2394),.UNSPECIFIED.,.F.,.F.)
B_SPLINE_CURVE_WITH_KNOTS((3,3),(0.29986282390999,1.10827418395967),
 .UNSPECIFIED.)
CURVE()
GEOMETRIC_REPRESENTATION_ITEM()
RATIONAL_B_SPLINE_CURVE((1.9700670965774,3.16541097887772,3.75537603936889))
REPRESENTATION_ITEM('')
);
#112=(
BOUNDED_CURVE()
B_SPLINE_CURVE(2,(#2445,#2446,#2447),.UNSPECIFIED.,.F.,.F.)
B_SPLINE_CURVE_WITH_KNOTS((3,3),(1.90892241026881,1.96592742114845),
 .UNSPECIFIED.)
CURVE()
GEOMETRIC_REPRESENTATION_ITEM()
RATIONAL_B_SPLINE_CURVE((2.63032429949713,2.1948944487722,1.73200477132537))
REPRESENTATION_ITEM('')
);
#113=(
BOUNDED_CURVE()
B_SPLINE_CURVE(2,(#2706,#2707,#2708),.UNSPECIFIED.,.F.,.F.)
B_SPLINE_CURVE_WITH_KNOTS((3,3),(0.29986282390999,1.10827418395967),
 .UNSPECIFIED.)
CURVE()
GEOMETRIC_REPRESENTATION_ITEM()
RATIONAL_B_SPLINE_CURVE((1.9700670965774,3.16541097887772,3.75537603936889))
REPRESENTATION_ITEM('')
);
#114=(
BOUNDED_CURVE()
B_SPLINE_CURVE(2,(#2746,#2747,#2748),.UNSPECIFIED.,.F.,.F.)
B_SPLINE_CURVE_WITH_KNOTS((3,3),(-2.60234797974036,-1.79805746801368),
 .UNSPECIFIED.)
CURVE()
GEOMETRIC_REPRESENTATION_ITEM()
RATIONAL_B_SPLINE_CURVE((1.75162158366374,2.21520520583342,2.32044033574995))
REPRESENTATION_ITEM('')
);
#115=(
BOUNDED_CURVE()
B_SPLINE_CURVE(2,(#2797,#2798,#2799),.UNSPECIFIED.,.F.,.F.)
B_SPLINE_CURVE_WITH_KNOTS((3,3),(1.90892241026881,1.96592742114845),
 .UNSPECIFIED.)
CURVE()
GEOMETRIC_REPRESENTATION_ITEM()
RATIONAL_B_SPLINE_CURVE((2.63032429949713,2.1948944487722,1.73200477132537))
REPRESENTATION_ITEM('')
);
#116=FACE_BOUND('',#280,.T.);
#117=FACE_BOUND('',#281,.T.);
#118=FACE_BOUND('',#323,.T.);
#119=FACE_BOUND('',#324,.T.);
#120=FACE_BOUND('',#329,.T.);
#121=FACE_BOUND('',#330,.T.);
#122=FACE_BOUND('',#368,.T.);
#123=FACE_BOUND('',#369,.T.);
#124=PLANE('',#1722);
#125=PLANE('',#1723);
#126=PLANE('',#1724);
#127=PLANE('',#1725);
#128=PLANE('',#1726);
#129=PLANE('',#1727);
#130=PLANE('',#1728);
#131=PLANE('',#1729);
#132=PLANE('',#1730);
#133=PLANE('',#1731);
#134=PLANE('',#1732);
#135=PLANE('',#1733);
#136=PLANE('',#1734);
#137=PLANE('',#1735);
#138=PLANE('',#1736);
#139=PLANE('',#1738);
#140=PLANE('',#1739);
#141=PLANE('',#1740);
#142=PLANE('',#1741);
#143=PLANE('',#1743);
#144=PLANE('',#1745);
#145=PLANE('',#1746);
#146=PLANE('',#1749);
#147=PLANE('',#1757);
#148=PLANE('',#1758);
#149=PLANE('',#1761);
#150=PLANE('',#1765);
#151=PLANE('',#1766);
#152=PLANE('',#1769);
#153=PLANE('',#1772);
#154=PLANE('',#1773);
#155=PLANE('',#1775);
#156=PLANE('',#1776);
#157=PLANE('',#1777);
#158=PLANE('',#1778);
#159=PLANE('',#1785);
#160=PLANE('',#1786);
#161=PLANE('',#1787);
#162=PLANE('',#1788);
#163=PLANE('',#1789);
#164=PLANE('',#1790);
#165=PLANE('',#1791);
#166=PLANE('',#1792);
#167=PLANE('',#1793);
#168=PLANE('',#1794);
#169=PLANE('',#1796);
#170=PLANE('',#1798);
#171=PLANE('',#1799);
#172=PLANE('',#1803);
#173=PLANE('',#1804);
#174=PLANE('',#1806);
#175=PLANE('',#1807);
#176=PLANE('',#1809);
#177=PLANE('',#1812);
#178=PLANE('',#1820);
#179=PLANE('',#1821);
#180=PLANE('',#1823);
#181=PLANE('',#1827);
#182=PLANE('',#1828);
#183=PLANE('',#1830);
#184=PLANE('',#1831);
#185=PLANE('',#1833);
#186=PLANE('',#1834);
#187=PLANE('',#1835);
#188=PLANE('',#1836);
#189=FACE_OUTER_BOUND('',#276,.T.);
#190=FACE_OUTER_BOUND('',#277,.T.);
#191=FACE_OUTER_BOUND('',#278,.T.);
#192=FACE_OUTER_BOUND('',#279,.T.);
#193=FACE_OUTER_BOUND('',#282,.T.);
#194=FACE_OUTER_BOUND('',#283,.T.);
#195=FACE_OUTER_BOUND('',#284,.T.);
#196=FACE_OUTER_BOUND('',#285,.T.);
#197=FACE_OUTER_BOUND('',#286,.T.);
#198=FACE_OUTER_BOUND('',#287,.T.);
#199=FACE_OUTER_BOUND('',#288,.T.);
#200=FACE_OUTER_BOUND('',#289,.T.);
#201=FACE_OUTER_BOUND('',#290,.T.);
#202=FACE_OUTER_BOUND('',#291,.T.);
#203=FACE_OUTER_BOUND('',#292,.T.);
#204=FACE_OUTER_BOUND('',#293,.T.);
#205=FACE_OUTER_BOUND('',#294,.T.);
#206=FACE_OUTER_BOUND('',#295,.T.);
#207=FACE_OUTER_BOUND('',#296,.T.);
#208=FACE_OUTER_BOUND('',#297,.T.);
#209=FACE_OUTER_BOUND('',#298,.T.);
#210=FACE_OUTER_BOUND('',#299,.T.);
#211=FACE_OUTER_BOUND('',#300,.T.);
#212=FACE_OUTER_BOUND('',#301,.T.);
#213=FACE_OUTER_BOUND('',#302,.T.);
#214=FACE_OUTER_BOUND('',#303,.T.);
#215=FACE_OUTER_BOUND('',#304,.T.);
#216=FACE_OUTER_BOUND('',#305,.T.);
#217=FACE_OUTER_BOUND('',#306,.T.);
#218=FACE_OUTER_BOUND('',#307,.T.);
#219=FACE_OUTER_BOUND('',#308,.T.);
#220=FACE_OUTER_BOUND('',#309,.T.);
#221=FACE_OUTER_BOUND('',#310,.T.);
#222=FACE_OUTER_BOUND('',#311,.T.);
#223=FACE_OUTER_BOUND('',#312,.T.);
#224=FACE_OUTER_BOUND('',#313,.T.);
#225=FACE_OUTER_BOUND('',#314,.T.);
#226=FACE_OUTER_BOUND('',#315,.T.);
#227=FACE_OUTER_BOUND('',#316,.T.);
#228=FACE_OUTER_BOUND('',#317,.T.);
#229=FACE_OUTER_BOUND('',#318,.T.);
#230=FACE_OUTER_BOUND('',#319,.T.);
#231=FACE_OUTER_BOUND('',#320,.T.);
#232=FACE_OUTER_BOUND('',#321,.T.);
#233=FACE_OUTER_BOUND('',#322,.T.);
#234=FACE_OUTER_BOUND('',#325,.T.);
#235=FACE_OUTER_BOUND('',#326,.T.);
#236=FACE_OUTER_BOUND('',#327,.T.);
#237=FACE_OUTER_BOUND('',#328,.T.);
#238=FACE_OUTER_BOUND('',#331,.T.);
#239=FACE_OUTER_BOUND('',#332,.T.);
#240=FACE_OUTER_BOUND('',#333,.T.);
#241=FACE_OUTER_BOUND('',#334,.T.);
#242=FACE_OUTER_BOUND('',#335,.T.);
#243=FACE_OUTER_BOUND('',#336,.T.);
#244=FACE_OUTER_BOUND('',#337,.T.);
#245=FACE_OUTER_BOUND('',#338,.T.);
#246=FACE_OUTER_BOUND('',#339,.T.);
#247=FACE_OUTER_BOUND('',#340,.T.);
#248=FACE_OUTER_BOUND('',#341,.T.);
#249=FACE_OUTER_BOUND('',#342,.T.);
#250=FACE_OUTER_BOUND('',#343,.T.);
#251=FACE_OUTER_BOUND('',#344,.T.);
#252=FACE_OUTER_BOUND('',#345,.T.);
#253=FACE_OUTER_BOUND('',#346,.T.);
#254=FACE_OUTER_BOUND('',#347,.T.);
#255=FACE_OUTER_BOUND('',#348,.T.);
#256=FACE_OUTER_BOUND('',#349,.T.);
#257=FACE_OUTER_BOUND('',#350,.T.);
#258=FACE_OUTER_BOUND('',#351,.T.);
#259=FACE_OUTER_BOUND('',#352,.T.);
#260=FACE_OUTER_BOUND('',#353,.T.);
#261=FACE_OUTER_BOUND('',#354,.T.);
#262=FACE_OUTER_BOUND('',#355,.T.);
#263=FACE_OUTER_BOUND('',#356,.T.);
#264=FACE_OUTER_BOUND('',#357,.T.);
#265=FACE_OUTER_BOUND('',#358,.T.);
#266=FACE_OUTER_BOUND('',#359,.T.);
#267=FACE_OUTER_BOUND('',#360,.T.);
#268=FACE_OUTER_BOUND('',#361,.T.);
#269=FACE_OUTER_BOUND('',#362,.T.);
#270=FACE_OUTER_BOUND('',#363,.T.);
#271=FACE_OUTER_BOUND('',#364,.T.);
#272=FACE_OUTER_BOUND('',#365,.T.);
#273=FACE_OUTER_BOUND('',#366,.T.);
#274=FACE_OUTER_BOUND('',#367,.T.);
#275=FACE_OUTER_BOUND('',#370,.T.);
#276=EDGE_LOOP('',(#1121,#1122,#1123,#1124));
#277=EDGE_LOOP('',(#1125,#1126,#1127,#1128));
#278=EDGE_LOOP('',(#1129,#1130,#1131,#1132));
#279=EDGE_LOOP('',(#1133,#1134,#1135,#1136,#1137,#1138,#1139,#1140));
#280=EDGE_LOOP('',(#1141));
#281=EDGE_LOOP('',(#1142));
#282=EDGE_LOOP('',(#1143,#1144,#1145,#1146,#1147,#1148,#1149,#1150,#1151));
#283=EDGE_LOOP('',(#1152,#1153,#1154,#1155,#1156));
#284=EDGE_LOOP('',(#1157,#1158,#1159));
#285=EDGE_LOOP('',(#1160,#1161,#1162,#1163,#1164));
#286=EDGE_LOOP('',(#1165,#1166,#1167,#1168));
#287=EDGE_LOOP('',(#1169,#1170,#1171,#1172,#1173,#1174,#1175));
#288=EDGE_LOOP('',(#1176,#1177,#1178,#1179));
#289=EDGE_LOOP('',(#1180,#1181,#1182,#1183,#1184));
#290=EDGE_LOOP('',(#1185,#1186,#1187,#1188));
#291=EDGE_LOOP('',(#1189,#1190,#1191,#1192,#1193));
#292=EDGE_LOOP('',(#1194,#1195,#1196));
#293=EDGE_LOOP('',(#1197,#1198,#1199,#1200));
#294=EDGE_LOOP('',(#1201,#1202,#1203,#1204));
#295=EDGE_LOOP('',(#1205,#1206,#1207,#1208,#1209,#1210));
#296=EDGE_LOOP('',(#1211,#1212,#1213,#1214));
#297=EDGE_LOOP('',(#1215,#1216,#1217,#1218));
#298=EDGE_LOOP('',(#1219,#1220,#1221,#1222,#1223,#1224,#1225,#1226,#1227,
#1228,#1229,#1230,#1231,#1232,#1233));
#299=EDGE_LOOP('',(#1234,#1235,#1236,#1237));
#300=EDGE_LOOP('',(#1238,#1239,#1240));
#301=EDGE_LOOP('',(#1241,#1242,#1243,#1244,#1245));
#302=EDGE_LOOP('',(#1246,#1247,#1248,#1249,#1250,#1251));
#303=EDGE_LOOP('',(#1252,#1253,#1254,#1255,#1256));
#304=EDGE_LOOP('',(#1257,#1258,#1259,#1260));
#305=EDGE_LOOP('',(#1261,#1262,#1263,#1264,#1265,#1266,#1267));
#306=EDGE_LOOP('',(#1268,#1269,#1270,#1271,#1272,#1273,#1274,#1275,#1276,
#1277));
#307=EDGE_LOOP('',(#1278,#1279,#1280,#1281));
#308=EDGE_LOOP('',(#1282,#1283,#1284,#1285,#1286));
#309=EDGE_LOOP('',(#1287,#1288,#1289,#1290));
#310=EDGE_LOOP('',(#1291,#1292,#1293,#1294,#1295));
#311=EDGE_LOOP('',(#1296,#1297,#1298,#1299));
#312=EDGE_LOOP('',(#1300,#1301,#1302,#1303,#1304,#1305));
#313=EDGE_LOOP('',(#1306,#1307,#1308,#1309,#1310));
#314=EDGE_LOOP('',(#1311,#1312,#1313,#1314,#1315,#1316,#1317,#1318,#1319,
#1320,#1321,#1322,#1323));
#315=EDGE_LOOP('',(#1324,#1325,#1326,#1327));
#316=EDGE_LOOP('',(#1328,#1329,#1330,#1331));
#317=EDGE_LOOP('',(#1332,#1333,#1334,#1335));
#318=EDGE_LOOP('',(#1336,#1337,#1338,#1339));
#319=EDGE_LOOP('',(#1340,#1341,#1342,#1343,#1344));
#320=EDGE_LOOP('',(#1345,#1346,#1347,#1348,#1349,#1350));
#321=EDGE_LOOP('',(#1351,#1352,#1353,#1354,#1355));
#322=EDGE_LOOP('',(#1356,#1357,#1358,#1359,#1360));
#323=EDGE_LOOP('',(#1361));
#324=EDGE_LOOP('',(#1362));
#325=EDGE_LOOP('',(#1363,#1364,#1365,#1366,#1367,#1368));
#326=EDGE_LOOP('',(#1369,#1370,#1371,#1372));
#327=EDGE_LOOP('',(#1373,#1374,#1375,#1376));
#328=EDGE_LOOP('',(#1377,#1378,#1379,#1380));
#329=EDGE_LOOP('',(#1381));
#330=EDGE_LOOP('',(#1382));
#331=EDGE_LOOP('',(#1383,#1384,#1385,#1386));
#332=EDGE_LOOP('',(#1387,#1388,#1389,#1390));
#333=EDGE_LOOP('',(#1391,#1392,#1393,#1394,#1395,#1396,#1397,#1398));
#334=EDGE_LOOP('',(#1399,#1400,#1401,#1402));
#335=EDGE_LOOP('',(#1403,#1404,#1405));
#336=EDGE_LOOP('',(#1406,#1407,#1408,#1409));
#337=EDGE_LOOP('',(#1410,#1411,#1412,#1413,#1414));
#338=EDGE_LOOP('',(#1415,#1416,#1417));
#339=EDGE_LOOP('',(#1418,#1419,#1420,#1421,#1422,#1423,#1424,#1425,#1426,
#1427,#1428,#1429));
#340=EDGE_LOOP('',(#1430,#1431,#1432,#1433));
#341=EDGE_LOOP('',(#1434,#1435,#1436,#1437,#1438));
#342=EDGE_LOOP('',(#1439,#1440,#1441,#1442,#1443,#1444,#1445,#1446,#1447,
#1448,#1449,#1450,#1451,#1452,#1453,#1454));
#343=EDGE_LOOP('',(#1455,#1456,#1457,#1458,#1459,#1460));
#344=EDGE_LOOP('',(#1461,#1462,#1463,#1464));
#345=EDGE_LOOP('',(#1465,#1466,#1467));
#346=EDGE_LOOP('',(#1468,#1469,#1470,#1471,#1472));
#347=EDGE_LOOP('',(#1473,#1474,#1475,#1476));
#348=EDGE_LOOP('',(#1477,#1478,#1479,#1480,#1481,#1482));
#349=EDGE_LOOP('',(#1483,#1484,#1485,#1486,#1487));
#350=EDGE_LOOP('',(#1488,#1489,#1490,#1491));
#351=EDGE_LOOP('',(#1492,#1493,#1494,#1495,#1496,#1497,#1498));
#352=EDGE_LOOP('',(#1499,#1500,#1501,#1502,#1503,#1504,#1505,#1506,#1507,
#1508));
#353=EDGE_LOOP('',(#1509,#1510,#1511,#1512));
#354=EDGE_LOOP('',(#1513,#1514,#1515,#1516,#1517));
#355=EDGE_LOOP('',(#1518,#1519,#1520,#1521));
#356=EDGE_LOOP('',(#1522,#1523,#1524,#1525,#1526));
#357=EDGE_LOOP('',(#1527,#1528,#1529,#1530));
#358=EDGE_LOOP('',(#1531,#1532,#1533,#1534,#1535,#1536));
#359=EDGE_LOOP('',(#1537,#1538,#1539,#1540,#1541,#1542,#1543));
#360=EDGE_LOOP('',(#1544,#1545,#1546,#1547));
#361=EDGE_LOOP('',(#1548,#1549,#1550,#1551));
#362=EDGE_LOOP('',(#1552,#1553,#1554,#1555));
#363=EDGE_LOOP('',(#1556,#1557,#1558,#1559));
#364=EDGE_LOOP('',(#1560,#1561,#1562,#1563,#1564));
#365=EDGE_LOOP('',(#1565,#1566,#1567,#1568,#1569,#1570));
#366=EDGE_LOOP('',(#1571,#1572,#1573,#1574,#1575));
#367=EDGE_LOOP('',(#1576,#1577,#1578,#1579));
#368=EDGE_LOOP('',(#1580));
#369=EDGE_LOOP('',(#1581));
#370=EDGE_LOOP('',(#1582,#1583,#1584,#1585,#1586));
#371=LINE('',#2262,#544);
#372=LINE('',#2268,#545);
#373=LINE('',#2273,#546);
#374=LINE('',#2275,#547);
#375=LINE('',#2277,#548);
#376=LINE('',#2278,#549);
#377=LINE('',#2281,#550);
#378=LINE('',#2283,#551);
#379=LINE('',#2285,#552);
#380=LINE('',#2287,#553);
#381=LINE('',#2289,#554);
#382=LINE('',#2291,#555);
#383=LINE('',#2292,#556);
#384=LINE('',#2295,#557);
#385=LINE('',#2297,#558);
#386=LINE('',#2299,#559);
#387=LINE('',#2300,#560);
#388=LINE('',#2302,#561);
#389=LINE('',#2303,#562);
#390=LINE('',#2306,#563);
#391=LINE('',#2308,#564);
#392=LINE('',#2310,#565);
#393=LINE('',#2311,#566);
#394=LINE('',#2314,#567);
#395=LINE('',#2316,#568);
#396=LINE('',#2317,#569);
#397=LINE('',#2320,#570);
#398=LINE('',#2322,#571);
#399=LINE('',#2323,#572);
#400=LINE('',#2326,#573);
#401=LINE('',#2327,#574);
#402=LINE('',#2330,#575);
#403=LINE('',#2331,#576);
#404=LINE('',#2332,#577);
#405=LINE('',#2334,#578);
#406=LINE('',#2337,#579);
#407=LINE('',#2339,#580);
#408=LINE('',#2340,#581);
#409=LINE('',#2344,#582);
#410=LINE('',#2345,#583);
#411=LINE('',#2346,#584);
#412=LINE('',#2350,#585);
#413=LINE('',#2351,#586);
#414=LINE('',#2352,#587);
#415=LINE('',#2355,#588);
#416=LINE('',#2357,#589);
#417=LINE('',#2358,#590);
#418=LINE('',#2361,#591);
#419=LINE('',#2363,#592);
#420=LINE('',#2364,#593);
#421=LINE('',#2367,#594);
#422=LINE('',#2370,#595);
#423=LINE('',#2373,#596);
#424=LINE('',#2375,#597);
#425=LINE('',#2377,#598);
#426=LINE('',#2382,#599);
#427=LINE('',#2385,#600);
#428=LINE('',#2386,#601);
#429=LINE('',#2389,#602);
#430=LINE('',#2390,#603);
#431=LINE('',#2396,#604);
#432=LINE('',#2399,#605);
#433=LINE('',#2403,#606);
#434=LINE('',#2407,#607);
#435=LINE('',#2431,#608);
#436=LINE('',#2434,#609);
#437=LINE('',#2436,#610);
#438=LINE('',#2437,#611);
#439=LINE('',#2440,#612);
#440=LINE('',#2442,#613);
#441=LINE('',#2444,#614);
#442=LINE('',#2452,#615);
#443=LINE('',#2454,#616);
#444=LINE('',#2455,#617);
#445=LINE('',#2567,#618);
#446=LINE('',#2568,#619);
#447=LINE('',#2572,#620);
#448=LINE('',#2573,#621);
#449=LINE('',#2574,#622);
#450=LINE('',#2577,#623);
#451=LINE('',#2580,#624);
#452=LINE('',#2586,#625);
#453=LINE('',#2588,#626);
#454=LINE('',#2589,#627);
#455=LINE('',#2594,#628);
#456=LINE('',#2596,#629);
#457=LINE('',#2599,#630);
#458=LINE('',#2603,#631);
#459=LINE('',#2604,#632);
#460=LINE('',#2606,#633);
#461=LINE('',#2607,#634);
#462=LINE('',#2613,#635);
#463=LINE('',#2614,#636);
#464=LINE('',#2616,#637);
#465=LINE('',#2622,#638);
#466=LINE('',#2628,#639);
#467=LINE('',#2633,#640);
#468=LINE('',#2635,#641);
#469=LINE('',#2637,#642);
#470=LINE('',#2638,#643);
#471=LINE('',#2641,#644);
#472=LINE('',#2643,#645);
#473=LINE('',#2644,#646);
#474=LINE('',#2648,#647);
#475=LINE('',#2650,#648);
#476=LINE('',#2652,#649);
#477=LINE('',#2653,#650);
#478=LINE('',#2655,#651);
#479=LINE('',#2657,#652);
#480=LINE('',#2659,#653);
#481=LINE('',#2661,#654);
#482=LINE('',#2662,#655);
#483=LINE('',#2666,#656);
#484=LINE('',#2667,#657);
#485=LINE('',#2668,#658);
#486=LINE('',#2672,#659);
#487=LINE('',#2674,#660);
#488=LINE('',#2675,#661);
#489=LINE('',#2679,#662);
#490=LINE('',#2681,#663);
#491=LINE('',#2683,#664);
#492=LINE('',#2684,#665);
#493=LINE('',#2688,#666);
#494=LINE('',#2689,#667);
#495=LINE('',#2690,#668);
#496=LINE('',#2691,#669);
#497=LINE('',#2694,#670);
#498=LINE('',#2696,#671);
#499=LINE('',#2697,#672);
#500=LINE('',#2700,#673);
#501=LINE('',#2704,#674);
#502=LINE('',#2709,#675);
#503=LINE('',#2711,#676);
#504=LINE('',#2712,#677);
#505=LINE('',#2713,#678);
#506=LINE('',#2716,#679);
#507=LINE('',#2720,#680);
#508=LINE('',#2721,#681);
#509=LINE('',#2724,#682);
#510=LINE('',#2726,#683);
#511=LINE('',#2730,#684);
#512=LINE('',#2732,#685);
#513=LINE('',#2734,#686);
#514=LINE('',#2738,#687);
#515=LINE('',#2740,#688);
#516=LINE('',#2744,#689);
#517=LINE('',#2750,#690);
#518=LINE('',#2752,#691);
#519=LINE('',#2753,#692);
#520=LINE('',#2757,#693);
#521=LINE('',#2767,#694);
#522=LINE('',#2778,#695);
#523=LINE('',#2787,#696);
#524=LINE('',#2789,#697);
#525=LINE('',#2790,#698);
#526=LINE('',#2795,#699);
#527=LINE('',#2801,#700);
#528=LINE('',#2802,#701);
#529=LINE('',#2807,#702);
#530=LINE('',#2809,#703);
#531=LINE('',#2810,#704);
#532=LINE('',#2922,#705);
#533=LINE('',#2923,#706);
#534=LINE('',#2925,#707);
#535=LINE('',#2926,#708);
#536=LINE('',#2928,#709);
#537=LINE('',#2934,#710);
#538=LINE('',#2935,#711);
#539=LINE('',#2938,#712);
#540=LINE('',#2939,#713);
#541=LINE('',#2941,#714);
#542=LINE('',#2942,#715);
#543=LINE('',#2947,#716);
#544=VECTOR('',#1844,1.65);
#545=VECTOR('',#1851,1.65);
#546=VECTOR('',#1856,10.);
#547=VECTOR('',#1857,10.);
#548=VECTOR('',#1858,10.);
#549=VECTOR('',#1859,10.);
#550=VECTOR('',#1862,10.);
#551=VECTOR('',#1863,10.);
#552=VECTOR('',#1864,10.);
#553=VECTOR('',#1865,10.);
#554=VECTOR('',#1866,10.);
#555=VECTOR('',#1867,10.);
#556=VECTOR('',#1868,10.);
#557=VECTOR('',#1871,10.);
#558=VECTOR('',#1872,10.);
#559=VECTOR('',#1873,10.);
#560=VECTOR('',#1874,10.);
#561=VECTOR('',#1875,10.);
#562=VECTOR('',#1876,10.);
#563=VECTOR('',#1879,10.);
#564=VECTOR('',#1880,10.);
#565=VECTOR('',#1881,10.);
#566=VECTOR('',#1882,10.);
#567=VECTOR('',#1885,10.);
#568=VECTOR('',#1886,10.);
#569=VECTOR('',#1887,10.);
#570=VECTOR('',#1890,10.);
#571=VECTOR('',#1891,10.);
#572=VECTOR('',#1892,10.);
#573=VECTOR('',#1895,10.);
#574=VECTOR('',#1896,10.);
#575=VECTOR('',#1899,10.);
#576=VECTOR('',#1900,10.);
#577=VECTOR('',#1901,10.);
#578=VECTOR('',#1904,10.);
#579=VECTOR('',#1907,10.);
#580=VECTOR('',#1908,10.);
#581=VECTOR('',#1909,10.);
#582=VECTOR('',#1912,10.);
#583=VECTOR('',#1913,10.);
#584=VECTOR('',#1914,10.);
#585=VECTOR('',#1917,10.);
#586=VECTOR('',#1918,10.);
#587=VECTOR('',#1919,10.);
#588=VECTOR('',#1922,10.);
#589=VECTOR('',#1923,10.);
#590=VECTOR('',#1924,10.);
#591=VECTOR('',#1927,10.);
#592=VECTOR('',#1928,10.);
#593=VECTOR('',#1929,10.);
#594=VECTOR('',#1932,5.87462547575866);
#595=VECTOR('',#1935,10.6107444508263);
#596=VECTOR('',#1938,8.20550904812502);
#597=VECTOR('',#1939,11.5319373397948);
#598=VECTOR('',#1940,0.743826358896904);
#599=VECTOR('',#1943,20.3366668577278);
#600=VECTOR('',#1946,20.3366668577278);
#601=VECTOR('',#1947,2.);
#602=VECTOR('',#1950,10.);
#603=VECTOR('',#1951,10.);
#604=VECTOR('',#1952,11.8606703376903);
#605=VECTOR('',#1955,12.3261697288493);
#606=VECTOR('',#1958,11.8150838046865);
#607=VECTOR('',#1961,7.78509723719721);
#608=VECTOR('',#1962,0.0133979508579532);
#609=VECTOR('',#1965,1.27715838525995);
#610=VECTOR('',#1966,13.5319373397948);
#611=VECTOR('',#1967,1.27715838525995);
#612=VECTOR('',#1970,11.8150838046865);
#613=VECTOR('',#1971,0.511054653185259);
#614=VECTOR('',#1972,9.00504516109065);
#615=VECTOR('',#1979,0.40765670232731);
#616=VECTOR('',#1980,11.8157603142137);
#617=VECTOR('',#1981,0.281219005486947);
#618=VECTOR('',#1998,0.766357518503674);
#619=VECTOR('',#1999,0.766357518503674);
#620=VECTOR('',#2002,0.42105465318526);
#621=VECTOR('',#2003,13.5319373397948);
#622=VECTOR('',#2004,13.5319373397948);
#623=VECTOR('',#2007,13.4998458886617);
#624=VECTOR('',#2012,0.12023227021033);
#625=VECTOR('',#2021,12.3349079551679);
#626=VECTOR('',#2022,2.);
#627=VECTOR('',#2023,12.3349079551679);
#628=VECTOR('',#2028,0.716716899758354);
#629=VECTOR('',#2029,0.0420951960992484);
#630=VECTOR('',#2032,0.0672360371208737);
#631=VECTOR('',#2039,12.8935303518761);
#632=VECTOR('',#2040,11.5741739257547);
#633=VECTOR('',#2043,12.1634155739991);
#634=VECTOR('',#2044,4.57403826678494);
#635=VECTOR('',#2053,10.);
#636=VECTOR('',#2054,10.);
#637=VECTOR('',#2057,10.);
#638=VECTOR('',#2064,1.65);
#639=VECTOR('',#2071,1.65);
#640=VECTOR('',#2076,10.);
#641=VECTOR('',#2077,10.);
#642=VECTOR('',#2078,10.);
#643=VECTOR('',#2079,10.);
#644=VECTOR('',#2082,10.);
#645=VECTOR('',#2083,10.);
#646=VECTOR('',#2084,10.);
#647=VECTOR('',#2087,10.);
#648=VECTOR('',#2088,10.);
#649=VECTOR('',#2089,10.);
#650=VECTOR('',#2090,10.);
#651=VECTOR('',#2093,10.);
#652=VECTOR('',#2094,10.);
#653=VECTOR('',#2095,10.);
#654=VECTOR('',#2096,10.);
#655=VECTOR('',#2097,10.);
#656=VECTOR('',#2100,10.);
#657=VECTOR('',#2101,10.);
#658=VECTOR('',#2102,10.);
#659=VECTOR('',#2105,10.);
#660=VECTOR('',#2106,10.);
#661=VECTOR('',#2107,10.);
#662=VECTOR('',#2110,10.);
#663=VECTOR('',#2111,10.);
#664=VECTOR('',#2112,10.);
#665=VECTOR('',#2113,10.);
#666=VECTOR('',#2116,10.);
#667=VECTOR('',#2117,10.);
#668=VECTOR('',#2118,10.);
#669=VECTOR('',#2119,10.);
#670=VECTOR('',#2122,10.);
#671=VECTOR('',#2123,10.);
#672=VECTOR('',#2124,10.);
#673=VECTOR('',#2127,12.3261697288493);
#674=VECTOR('',#2130,11.8606703376903);
#675=VECTOR('',#2131,10.6107444508263);
#676=VECTOR('',#2132,10.);
#677=VECTOR('',#2133,10.);
#678=VECTOR('',#2134,10.);
#679=VECTOR('',#2137,12.3349079551679);
#680=VECTOR('',#2142,12.3349079551679);
#681=VECTOR('',#2143,2.);
#682=VECTOR('',#2146,20.3366668577278);
#683=VECTOR('',#2147,1.27715838525995);
#684=VECTOR('',#2150,0.12023227021033);
#685=VECTOR('',#2151,0.42105465318526);
#686=VECTOR('',#2152,0.0672360371208737);
#687=VECTOR('',#2155,0.0420951960992484);
#688=VECTOR('',#2156,0.716716899758354);
#689=VECTOR('',#2161,5.87462547575866);
#690=VECTOR('',#2162,0.743826358896904);
#691=VECTOR('',#2163,11.5319373397948);
#692=VECTOR('',#2164,8.20550904812502);
#693=VECTOR('',#2167,11.8150838046865);
#694=VECTOR('',#2168,7.78509723719721);
#695=VECTOR('',#2171,0.0133979508579532);
#696=VECTOR('',#2174,2.);
#697=VECTOR('',#2175,1.27715838525995);
#698=VECTOR('',#2176,13.5319373397948);
#699=VECTOR('',#2183,11.8150838046865);
#700=VECTOR('',#2184,9.00504516109065);
#701=VECTOR('',#2185,0.511054653185259);
#702=VECTOR('',#2192,0.40765670232731);
#703=VECTOR('',#2193,0.281219005486947);
#704=VECTOR('',#2194,11.8157603142137);
#705=VECTOR('',#2211,0.766357518503674);
#706=VECTOR('',#2212,0.766357518503674);
#707=VECTOR('',#2215,13.5319373397948);
#708=VECTOR('',#2216,13.5319373397948);
#709=VECTOR('',#2219,13.4998458886617);
#710=VECTOR('',#2230,20.3366668577278);
#711=VECTOR('',#2231,10.);
#712=VECTOR('',#2236,11.5741739257547);
#713=VECTOR('',#2237,12.8935303518761);
#714=VECTOR('',#2240,12.1634155739991);
#715=VECTOR('',#2241,4.57403826678494);
#716=VECTOR('',#2250,10.);
#717=CIRCLE('',#1717,1.65);
#718=CIRCLE('',#1718,1.65);
#719=CIRCLE('',#1720,1.65);
#720=CIRCLE('',#1721,1.65);
#721=CIRCLE('',#1737,3.25);
#722=CIRCLE('',#1742,8037.09176354077);
#723=CIRCLE('',#1748,1.25);
#724=CIRCLE('',#1751,0.75);
#725=CIRCLE('',#1756,1.25);
#726=CIRCLE('',#1760,0.722841614740048);
#727=CIRCLE('',#1768,1.23389626792531);
#728=CIRCLE('',#1780,1.65);
#729=CIRCLE('',#1781,1.65);
#730=CIRCLE('',#1783,1.65);
#731=CIRCLE('',#1784,1.65);
#732=CIRCLE('',#1795,8037.09176354077);
#733=CIRCLE('',#1800,0.722841614740049);
#734=CIRCLE('',#1801,1.23389626792531);
#735=CIRCLE('',#1808,3.25);
#736=CIRCLE('',#1811,1.25);
#737=CIRCLE('',#1814,0.75);
#738=CIRCLE('',#1816,1.25);
#739=CIRCLE('',#1837,4.35609500948766);
#740=VERTEX_POINT('',#2259);
#741=VERTEX_POINT('',#2261);
#742=VERTEX_POINT('',#2265);
#743=VERTEX_POINT('',#2267);
#744=VERTEX_POINT('',#2271);
#745=VERTEX_POINT('',#2272);
#746=VERTEX_POINT('',#2274);
#747=VERTEX_POINT('',#2276);
#748=VERTEX_POINT('',#2280);
#749=VERTEX_POINT('',#2282);
#750=VERTEX_POINT('',#2284);
#751=VERTEX_POINT('',#2286);
#752=VERTEX_POINT('',#2288);
#753=VERTEX_POINT('',#2290);
#754=VERTEX_POINT('',#2294);
#755=VERTEX_POINT('',#2296);
#756=VERTEX_POINT('',#2298);
#757=VERTEX_POINT('',#2301);
#758=VERTEX_POINT('',#2305);
#759=VERTEX_POINT('',#2307);
#760=VERTEX_POINT('',#2309);
#761=VERTEX_POINT('',#2313);
#762=VERTEX_POINT('',#2315);
#763=VERTEX_POINT('',#2319);
#764=VERTEX_POINT('',#2321);
#765=VERTEX_POINT('',#2325);
#766=VERTEX_POINT('',#2329);
#767=VERTEX_POINT('',#2336);
#768=VERTEX_POINT('',#2338);
#769=VERTEX_POINT('',#2342);
#770=VERTEX_POINT('',#2343);
#771=VERTEX_POINT('',#2348);
#772=VERTEX_POINT('',#2349);
#773=VERTEX_POINT('',#2354);
#774=VERTEX_POINT('',#2356);
#775=VERTEX_POINT('',#2360);
#776=VERTEX_POINT('',#2362);
#777=VERTEX_POINT('',#2366);
#778=VERTEX_POINT('',#2368);
#779=VERTEX_POINT('',#2372);
#780=VERTEX_POINT('',#2374);
#781=VERTEX_POINT('',#2376);
#782=VERTEX_POINT('',#2384);
#783=VERTEX_POINT('',#2388);
#784=VERTEX_POINT('',#2391);
#785=VERTEX_POINT('',#2395);
#786=VERTEX_POINT('',#2397);
#787=VERTEX_POINT('',#2401);
#788=VERTEX_POINT('',#2402);
#789=VERTEX_POINT('',#2404);
#790=VERTEX_POINT('',#2406);
#791=VERTEX_POINT('',#2423);
#792=VERTEX_POINT('',#2433);
#793=VERTEX_POINT('',#2435);
#794=VERTEX_POINT('',#2439);
#795=VERTEX_POINT('',#2441);
#796=VERTEX_POINT('',#2443);
#797=VERTEX_POINT('',#2451);
#798=VERTEX_POINT('',#2453);
#799=VERTEX_POINT('',#2457);
#800=VERTEX_POINT('',#2458);
#801=VERTEX_POINT('',#2472);
#802=VERTEX_POINT('',#2524);
#803=VERTEX_POINT('',#2525);
#804=VERTEX_POINT('',#2536);
#805=VERTEX_POINT('',#2538);
#806=VERTEX_POINT('',#2551);
#807=VERTEX_POINT('',#2554);
#808=VERTEX_POINT('',#2570);
#809=VERTEX_POINT('',#2571);
#810=VERTEX_POINT('',#2576);
#811=VERTEX_POINT('',#2585);
#812=VERTEX_POINT('',#2587);
#813=VERTEX_POINT('',#2591);
#814=VERTEX_POINT('',#2593);
#815=VERTEX_POINT('',#2595);
#816=VERTEX_POINT('',#2597);
#817=VERTEX_POINT('',#2612);
#818=VERTEX_POINT('',#2619);
#819=VERTEX_POINT('',#2621);
#820=VERTEX_POINT('',#2625);
#821=VERTEX_POINT('',#2627);
#822=VERTEX_POINT('',#2631);
#823=VERTEX_POINT('',#2632);
#824=VERTEX_POINT('',#2634);
#825=VERTEX_POINT('',#2636);
#826=VERTEX_POINT('',#2640);
#827=VERTEX_POINT('',#2642);
#828=VERTEX_POINT('',#2646);
#829=VERTEX_POINT('',#2647);
#830=VERTEX_POINT('',#2649);
#831=VERTEX_POINT('',#2651);
#832=VERTEX_POINT('',#2656);
#833=VERTEX_POINT('',#2658);
#834=VERTEX_POINT('',#2660);
#835=VERTEX_POINT('',#2664);
#836=VERTEX_POINT('',#2665);
#837=VERTEX_POINT('',#2670);
#838=VERTEX_POINT('',#2671);
#839=VERTEX_POINT('',#2673);
#840=VERTEX_POINT('',#2677);
#841=VERTEX_POINT('',#2678);
#842=VERTEX_POINT('',#2680);
#843=VERTEX_POINT('',#2682);
#844=VERTEX_POINT('',#2686);
#845=VERTEX_POINT('',#2687);
#846=VERTEX_POINT('',#2693);
#847=VERTEX_POINT('',#2695);
#848=VERTEX_POINT('',#2699);
#849=VERTEX_POINT('',#2701);
#850=VERTEX_POINT('',#2703);
#851=VERTEX_POINT('',#2705);
#852=VERTEX_POINT('',#2710);
#853=VERTEX_POINT('',#2715);
#854=VERTEX_POINT('',#2719);
#855=VERTEX_POINT('',#2723);
#856=VERTEX_POINT('',#2725);
#857=VERTEX_POINT('',#2727);
#858=VERTEX_POINT('',#2729);
#859=VERTEX_POINT('',#2731);
#860=VERTEX_POINT('',#2733);
#861=VERTEX_POINT('',#2735);
#862=VERTEX_POINT('',#2737);
#863=VERTEX_POINT('',#2739);
#864=VERTEX_POINT('',#2743);
#865=VERTEX_POINT('',#2745);
#866=VERTEX_POINT('',#2749);
#867=VERTEX_POINT('',#2751);
#868=VERTEX_POINT('',#2755);
#869=VERTEX_POINT('',#2756);
#870=VERTEX_POINT('',#2758);
#871=VERTEX_POINT('',#2766);
#872=VERTEX_POINT('',#2777);
#873=VERTEX_POINT('',#2788);
#874=VERTEX_POINT('',#2794);
#875=VERTEX_POINT('',#2796);
#876=VERTEX_POINT('',#2800);
#877=VERTEX_POINT('',#2806);
#878=VERTEX_POINT('',#2808);
#879=VERTEX_POINT('',#2812);
#880=VERTEX_POINT('',#2813);
#881=VERTEX_POINT('',#2823);
#882=VERTEX_POINT('',#2879);
#883=VERTEX_POINT('',#2880);
#884=VERTEX_POINT('',#2891);
#885=VERTEX_POINT('',#2903);
#886=VERTEX_POINT('',#2905);
#887=VERTEX_POINT('',#2907);
#888=EDGE_CURVE('',#740,#740,#717,.T.);
#889=EDGE_CURVE('',#740,#741,#371,.T.);
#890=EDGE_CURVE('',#741,#741,#718,.T.);
#891=EDGE_CURVE('',#742,#742,#719,.T.);
#892=EDGE_CURVE('',#742,#743,#372,.T.);
#893=EDGE_CURVE('',#743,#743,#720,.T.);
#894=EDGE_CURVE('',#744,#745,#373,.T.);
#895=EDGE_CURVE('',#746,#745,#374,.T.);
#896=EDGE_CURVE('',#747,#746,#375,.T.);
#897=EDGE_CURVE('',#744,#747,#376,.T.);
#898=EDGE_CURVE('',#748,#747,#377,.T.);
#899=EDGE_CURVE('',#749,#748,#378,.T.);
#900=EDGE_CURVE('',#749,#750,#379,.T.);
#901=EDGE_CURVE('',#751,#750,#380,.T.);
#902=EDGE_CURVE('',#751,#752,#381,.T.);
#903=EDGE_CURVE('',#752,#753,#382,.T.);
#904=EDGE_CURVE('',#753,#744,#383,.T.);
#905=EDGE_CURVE('',#754,#746,#384,.T.);
#906=EDGE_CURVE('',#755,#754,#385,.T.);
#907=EDGE_CURVE('',#756,#755,#386,.T.);
#908=EDGE_CURVE('',#752,#756,#387,.T.);
#909=EDGE_CURVE('',#757,#751,#388,.T.);
#910=EDGE_CURVE('',#757,#748,#389,.T.);
#911=EDGE_CURVE('',#746,#758,#390,.T.);
#912=EDGE_CURVE('',#745,#759,#391,.T.);
#913=EDGE_CURVE('',#760,#759,#392,.T.);
#914=EDGE_CURVE('',#758,#760,#393,.T.);
#915=EDGE_CURVE('',#758,#761,#394,.T.);
#916=EDGE_CURVE('',#762,#758,#395,.T.);
#917=EDGE_CURVE('',#762,#761,#396,.T.);
#918=EDGE_CURVE('',#763,#762,#397,.T.);
#919=EDGE_CURVE('',#764,#760,#398,.T.);
#920=EDGE_CURVE('',#763,#764,#399,.T.);
#921=EDGE_CURVE('',#759,#765,#400,.T.);
#922=EDGE_CURVE('',#765,#764,#401,.T.);
#923=EDGE_CURVE('',#766,#757,#402,.T.);
#924=EDGE_CURVE('',#761,#766,#403,.T.);
#925=EDGE_CURVE('',#763,#749,#404,.T.);
#926=EDGE_CURVE('',#750,#766,#405,.T.);
#927=EDGE_CURVE('',#754,#767,#406,.T.);
#928=EDGE_CURVE('',#758,#768,#407,.T.);
#929=EDGE_CURVE('',#767,#768,#408,.T.);
#930=EDGE_CURVE('',#769,#770,#409,.T.);
#931=EDGE_CURVE('',#756,#769,#410,.T.);
#932=EDGE_CURVE('',#770,#755,#411,.T.);
#933=EDGE_CURVE('',#771,#772,#412,.T.);
#934=EDGE_CURVE('',#752,#772,#413,.T.);
#935=EDGE_CURVE('',#771,#769,#414,.T.);
#936=EDGE_CURVE('',#768,#773,#415,.T.);
#937=EDGE_CURVE('',#774,#773,#416,.T.);
#938=EDGE_CURVE('',#768,#774,#417,.T.);
#939=EDGE_CURVE('',#775,#754,#418,.T.);
#940=EDGE_CURVE('',#776,#775,#419,.T.);
#941=EDGE_CURVE('',#755,#776,#420,.T.);
#942=EDGE_CURVE('',#769,#777,#421,.T.);
#943=EDGE_CURVE('',#777,#778,#721,.F.);
#944=EDGE_CURVE('',#778,#771,#422,.T.);
#945=EDGE_CURVE('',#770,#779,#423,.T.);
#946=EDGE_CURVE('',#780,#779,#424,.T.);
#947=EDGE_CURVE('',#781,#780,#425,.T.);
#948=EDGE_CURVE('',#777,#781,#110,.T.);
#949=EDGE_CURVE('',#779,#776,#426,.T.);
#950=EDGE_CURVE('',#782,#775,#427,.T.);
#951=EDGE_CURVE('',#779,#782,#428,.T.);
#952=EDGE_CURVE('',#783,#763,#429,.T.);
#953=EDGE_CURVE('',#772,#783,#430,.T.);
#954=EDGE_CURVE('',#778,#784,#111,.T.);
#955=EDGE_CURVE('',#785,#784,#431,.T.);
#956=EDGE_CURVE('',#786,#785,#722,.T.);
#957=EDGE_CURVE('',#786,#773,#432,.T.);
#958=EDGE_CURVE('',#787,#788,#433,.F.);
#959=EDGE_CURVE('',#788,#789,#96,.F.);
#960=EDGE_CURVE('',#790,#789,#434,.F.);
#961=EDGE_CURVE('',#787,#790,#78,.T.);
#962=EDGE_CURVE('',#790,#791,#79,.T.);
#963=EDGE_CURVE('',#787,#791,#435,.T.);
#964=EDGE_CURVE('',#792,#782,#436,.T.);
#965=EDGE_CURVE('',#793,#792,#437,.F.);
#966=EDGE_CURVE('',#780,#793,#438,.T.);
#967=EDGE_CURVE('',#794,#793,#439,.T.);
#968=EDGE_CURVE('',#794,#795,#440,.F.);
#969=EDGE_CURVE('',#795,#796,#441,.T.);
#970=EDGE_CURVE('',#796,#781,#112,.T.);
#971=EDGE_CURVE('',#784,#796,#723,.T.);
#972=EDGE_CURVE('',#797,#787,#442,.T.);
#973=EDGE_CURVE('',#797,#798,#443,.F.);
#974=EDGE_CURVE('',#798,#788,#444,.F.);
#975=EDGE_CURVE('',#799,#800,#724,.F.);
#976=EDGE_CURVE('',#799,#794,#80,.T.);
#977=EDGE_CURVE('',#801,#793,#81,.F.);
#978=EDGE_CURVE('',#801,#790,#82,.T.);
#979=EDGE_CURVE('',#789,#800,#83,.T.);
#980=EDGE_CURVE('',#802,#803,#84,.T.);
#981=EDGE_CURVE('',#803,#804,#97,.T.);
#982=EDGE_CURVE('',#804,#805,#85,.T.);
#983=EDGE_CURVE('',#805,#806,#98,.T.);
#984=EDGE_CURVE('',#806,#785,#99,.T.);
#985=EDGE_CURVE('',#795,#807,#86,.T.);
#986=EDGE_CURVE('',#802,#807,#725,.T.);
#987=EDGE_CURVE('',#807,#799,#445,.T.);
#988=EDGE_CURVE('',#800,#802,#446,.T.);
#989=EDGE_CURVE('',#808,#809,#447,.T.);
#990=EDGE_CURVE('',#808,#797,#448,.T.);
#991=EDGE_CURVE('',#791,#809,#449,.T.);
#992=EDGE_CURVE('',#810,#801,#450,.T.);
#993=EDGE_CURVE('',#792,#810,#726,.T.);
#994=EDGE_CURVE('',#809,#810,#451,.T.);
#995=EDGE_CURVE('',#798,#803,#100,.T.);
#996=EDGE_CURVE('',#774,#811,#452,.T.);
#997=EDGE_CURVE('',#811,#812,#453,.T.);
#998=EDGE_CURVE('',#767,#812,#454,.T.);
#999=EDGE_CURVE('',#813,#812,#101,.T.);
#1000=EDGE_CURVE('',#814,#813,#455,.T.);
#1001=EDGE_CURVE('',#815,#814,#456,.T.);
#1002=EDGE_CURVE('',#815,#816,#727,.T.);
#1003=EDGE_CURVE('',#816,#808,#457,.F.);
#1004=EDGE_CURVE('',#786,#811,#102,.T.);
#1005=EDGE_CURVE('',#804,#816,#458,.T.);
#1006=EDGE_CURVE('',#805,#815,#459,.T.);
#1007=EDGE_CURVE('',#806,#814,#460,.T.);
#1008=EDGE_CURVE('',#785,#813,#461,.T.);
#1009=EDGE_CURVE('',#817,#783,#462,.T.);
#1010=EDGE_CURVE('',#753,#817,#463,.T.);
#1011=EDGE_CURVE('',#817,#765,#464,.T.);
#1012=EDGE_CURVE('',#818,#818,#728,.T.);
#1013=EDGE_CURVE('',#818,#819,#465,.T.);
#1014=EDGE_CURVE('',#819,#819,#729,.T.);
#1015=EDGE_CURVE('',#820,#820,#730,.T.);
#1016=EDGE_CURVE('',#820,#821,#466,.T.);
#1017=EDGE_CURVE('',#821,#821,#731,.T.);
#1018=EDGE_CURVE('',#822,#823,#467,.T.);
#1019=EDGE_CURVE('',#824,#822,#468,.T.);
#1020=EDGE_CURVE('',#825,#824,#469,.T.);
#1021=EDGE_CURVE('',#823,#825,#470,.T.);
#1022=EDGE_CURVE('',#826,#822,#471,.T.);
#1023=EDGE_CURVE('',#826,#827,#472,.T.);
#1024=EDGE_CURVE('',#824,#827,#473,.T.);
#1025=EDGE_CURVE('',#828,#829,#474,.T.);
#1026=EDGE_CURVE('',#828,#830,#475,.T.);
#1027=EDGE_CURVE('',#831,#830,#476,.T.);
#1028=EDGE_CURVE('',#829,#831,#477,.T.);
#1029=EDGE_CURVE('',#827,#831,#478,.T.);
#1030=EDGE_CURVE('',#830,#832,#479,.T.);
#1031=EDGE_CURVE('',#832,#833,#480,.T.);
#1032=EDGE_CURVE('',#833,#834,#481,.T.);
#1033=EDGE_CURVE('',#834,#825,#482,.T.);
#1034=EDGE_CURVE('',#835,#836,#483,.T.);
#1035=EDGE_CURVE('',#833,#836,#484,.T.);
#1036=EDGE_CURVE('',#835,#832,#485,.T.);
#1037=EDGE_CURVE('',#837,#838,#486,.T.);
#1038=EDGE_CURVE('',#837,#839,#487,.T.);
#1039=EDGE_CURVE('',#838,#839,#488,.T.);
#1040=EDGE_CURVE('',#840,#841,#489,.T.);
#1041=EDGE_CURVE('',#842,#840,#490,.T.);
#1042=EDGE_CURVE('',#843,#842,#491,.T.);
#1043=EDGE_CURVE('',#843,#841,#492,.T.);
#1044=EDGE_CURVE('',#844,#845,#493,.T.);
#1045=EDGE_CURVE('',#841,#845,#494,.T.);
#1046=EDGE_CURVE('',#823,#843,#495,.T.);
#1047=EDGE_CURVE('',#823,#844,#496,.T.);
#1048=EDGE_CURVE('',#846,#837,#497,.T.);
#1049=EDGE_CURVE('',#847,#837,#498,.T.);
#1050=EDGE_CURVE('',#846,#847,#499,.T.);
#1051=EDGE_CURVE('',#848,#846,#500,.T.);
#1052=EDGE_CURVE('',#848,#849,#732,.T.);
#1053=EDGE_CURVE('',#849,#850,#501,.T.);
#1054=EDGE_CURVE('',#851,#850,#113,.T.);
#1055=EDGE_CURVE('',#851,#845,#502,.T.);
#1056=EDGE_CURVE('',#852,#844,#503,.T.);
#1057=EDGE_CURVE('',#836,#852,#504,.T.);
#1058=EDGE_CURVE('',#839,#835,#505,.T.);
#1059=EDGE_CURVE('',#847,#853,#506,.T.);
#1060=EDGE_CURVE('',#848,#853,#103,.T.);
#1061=EDGE_CURVE('',#838,#854,#507,.T.);
#1062=EDGE_CURVE('',#853,#854,#508,.T.);
#1063=EDGE_CURVE('',#855,#828,#509,.T.);
#1064=EDGE_CURVE('',#856,#855,#510,.T.);
#1065=EDGE_CURVE('',#856,#857,#733,.T.);
#1066=EDGE_CURVE('',#858,#857,#511,.T.);
#1067=EDGE_CURVE('',#859,#858,#512,.T.);
#1068=EDGE_CURVE('',#860,#859,#513,.F.);
#1069=EDGE_CURVE('',#861,#860,#734,.T.);
#1070=EDGE_CURVE('',#861,#862,#514,.T.);
#1071=EDGE_CURVE('',#862,#863,#515,.T.);
#1072=EDGE_CURVE('',#863,#854,#104,.T.);
#1073=EDGE_CURVE('',#841,#864,#516,.T.);
#1074=EDGE_CURVE('',#864,#865,#114,.T.);
#1075=EDGE_CURVE('',#865,#866,#517,.T.);
#1076=EDGE_CURVE('',#866,#867,#518,.T.);
#1077=EDGE_CURVE('',#840,#867,#519,.T.);
#1078=EDGE_CURVE('',#868,#869,#520,.F.);
#1079=EDGE_CURVE('',#868,#870,#87,.T.);
#1080=EDGE_CURVE('',#870,#871,#521,.F.);
#1081=EDGE_CURVE('',#869,#871,#105,.F.);
#1082=EDGE_CURVE('',#868,#872,#522,.T.);
#1083=EDGE_CURVE('',#870,#872,#88,.T.);
#1084=EDGE_CURVE('',#867,#855,#523,.T.);
#1085=EDGE_CURVE('',#866,#873,#524,.T.);
#1086=EDGE_CURVE('',#873,#856,#525,.F.);
#1087=EDGE_CURVE('',#864,#851,#735,.F.);
#1088=EDGE_CURVE('',#874,#873,#526,.T.);
#1089=EDGE_CURVE('',#875,#865,#115,.T.);
#1090=EDGE_CURVE('',#876,#875,#527,.T.);
#1091=EDGE_CURVE('',#874,#876,#528,.F.);
#1092=EDGE_CURVE('',#850,#875,#736,.T.);
#1093=EDGE_CURVE('',#877,#868,#529,.T.);
#1094=EDGE_CURVE('',#878,#869,#530,.F.);
#1095=EDGE_CURVE('',#877,#878,#531,.F.);
#1096=EDGE_CURVE('',#879,#880,#737,.F.);
#1097=EDGE_CURVE('',#871,#880,#89,.T.);
#1098=EDGE_CURVE('',#881,#870,#90,.T.);
#1099=EDGE_CURVE('',#881,#873,#91,.F.);
#1100=EDGE_CURVE('',#879,#874,#92,.T.);
#1101=EDGE_CURVE('',#882,#883,#93,.T.);
#1102=EDGE_CURVE('',#882,#884,#738,.T.);
#1103=EDGE_CURVE('',#876,#884,#94,.T.);
#1104=EDGE_CURVE('',#885,#849,#106,.T.);
#1105=EDGE_CURVE('',#886,#885,#107,.T.);
#1106=EDGE_CURVE('',#887,#886,#95,.T.);
#1107=EDGE_CURVE('',#883,#887,#108,.T.);
#1108=EDGE_CURVE('',#880,#882,#532,.T.);
#1109=EDGE_CURVE('',#884,#879,#533,.T.);
#1110=EDGE_CURVE('',#872,#858,#534,.T.);
#1111=EDGE_CURVE('',#859,#877,#535,.T.);
#1112=EDGE_CURVE('',#857,#881,#536,.T.);
#1113=EDGE_CURVE('',#878,#883,#109,.T.);
#1114=EDGE_CURVE('',#867,#829,#537,.T.);
#1115=EDGE_CURVE('',#842,#826,#538,.T.);
#1116=EDGE_CURVE('',#886,#861,#539,.T.);
#1117=EDGE_CURVE('',#887,#860,#540,.T.);
#1118=EDGE_CURVE('',#885,#862,#541,.T.);
#1119=EDGE_CURVE('',#849,#863,#542,.T.);
#1120=EDGE_CURVE('',#852,#834,#543,.T.);
#1121=ORIENTED_EDGE('',*,*,#888,.F.);
#1122=ORIENTED_EDGE('',*,*,#889,.T.);
#1123=ORIENTED_EDGE('',*,*,#890,.F.);
#1124=ORIENTED_EDGE('',*,*,#889,.F.);
#1125=ORIENTED_EDGE('',*,*,#891,.F.);
#1126=ORIENTED_EDGE('',*,*,#892,.T.);
#1127=ORIENTED_EDGE('',*,*,#893,.F.);
#1128=ORIENTED_EDGE('',*,*,#892,.F.);
#1129=ORIENTED_EDGE('',*,*,#894,.T.);
#1130=ORIENTED_EDGE('',*,*,#895,.F.);
#1131=ORIENTED_EDGE('',*,*,#896,.F.);
#1132=ORIENTED_EDGE('',*,*,#897,.F.);
#1133=ORIENTED_EDGE('',*,*,#897,.T.);
#1134=ORIENTED_EDGE('',*,*,#898,.F.);
#1135=ORIENTED_EDGE('',*,*,#899,.F.);
#1136=ORIENTED_EDGE('',*,*,#900,.T.);
#1137=ORIENTED_EDGE('',*,*,#901,.F.);
#1138=ORIENTED_EDGE('',*,*,#902,.T.);
#1139=ORIENTED_EDGE('',*,*,#903,.T.);
#1140=ORIENTED_EDGE('',*,*,#904,.T.);
#1141=ORIENTED_EDGE('',*,*,#888,.T.);
#1142=ORIENTED_EDGE('',*,*,#891,.T.);
#1143=ORIENTED_EDGE('',*,*,#896,.T.);
#1144=ORIENTED_EDGE('',*,*,#905,.F.);
#1145=ORIENTED_EDGE('',*,*,#906,.F.);
#1146=ORIENTED_EDGE('',*,*,#907,.F.);
#1147=ORIENTED_EDGE('',*,*,#908,.F.);
#1148=ORIENTED_EDGE('',*,*,#902,.F.);
#1149=ORIENTED_EDGE('',*,*,#909,.F.);
#1150=ORIENTED_EDGE('',*,*,#910,.T.);
#1151=ORIENTED_EDGE('',*,*,#898,.T.);
#1152=ORIENTED_EDGE('',*,*,#911,.F.);
#1153=ORIENTED_EDGE('',*,*,#895,.T.);
#1154=ORIENTED_EDGE('',*,*,#912,.T.);
#1155=ORIENTED_EDGE('',*,*,#913,.F.);
#1156=ORIENTED_EDGE('',*,*,#914,.F.);
#1157=ORIENTED_EDGE('',*,*,#915,.F.);
#1158=ORIENTED_EDGE('',*,*,#916,.F.);
#1159=ORIENTED_EDGE('',*,*,#917,.T.);
#1160=ORIENTED_EDGE('',*,*,#918,.T.);
#1161=ORIENTED_EDGE('',*,*,#916,.T.);
#1162=ORIENTED_EDGE('',*,*,#914,.T.);
#1163=ORIENTED_EDGE('',*,*,#919,.F.);
#1164=ORIENTED_EDGE('',*,*,#920,.F.);
#1165=ORIENTED_EDGE('',*,*,#919,.T.);
#1166=ORIENTED_EDGE('',*,*,#913,.T.);
#1167=ORIENTED_EDGE('',*,*,#921,.T.);
#1168=ORIENTED_EDGE('',*,*,#922,.T.);
#1169=ORIENTED_EDGE('',*,*,#899,.T.);
#1170=ORIENTED_EDGE('',*,*,#910,.F.);
#1171=ORIENTED_EDGE('',*,*,#923,.F.);
#1172=ORIENTED_EDGE('',*,*,#924,.F.);
#1173=ORIENTED_EDGE('',*,*,#917,.F.);
#1174=ORIENTED_EDGE('',*,*,#918,.F.);
#1175=ORIENTED_EDGE('',*,*,#925,.T.);
#1176=ORIENTED_EDGE('',*,*,#923,.T.);
#1177=ORIENTED_EDGE('',*,*,#909,.T.);
#1178=ORIENTED_EDGE('',*,*,#901,.T.);
#1179=ORIENTED_EDGE('',*,*,#926,.T.);
#1180=ORIENTED_EDGE('',*,*,#927,.F.);
#1181=ORIENTED_EDGE('',*,*,#905,.T.);
#1182=ORIENTED_EDGE('',*,*,#911,.T.);
#1183=ORIENTED_EDGE('',*,*,#928,.T.);
#1184=ORIENTED_EDGE('',*,*,#929,.F.);
#1185=ORIENTED_EDGE('',*,*,#930,.F.);
#1186=ORIENTED_EDGE('',*,*,#931,.F.);
#1187=ORIENTED_EDGE('',*,*,#907,.T.);
#1188=ORIENTED_EDGE('',*,*,#932,.F.);
#1189=ORIENTED_EDGE('',*,*,#933,.T.);
#1190=ORIENTED_EDGE('',*,*,#934,.F.);
#1191=ORIENTED_EDGE('',*,*,#908,.T.);
#1192=ORIENTED_EDGE('',*,*,#931,.T.);
#1193=ORIENTED_EDGE('',*,*,#935,.F.);
#1194=ORIENTED_EDGE('',*,*,#936,.T.);
#1195=ORIENTED_EDGE('',*,*,#937,.F.);
#1196=ORIENTED_EDGE('',*,*,#938,.F.);
#1197=ORIENTED_EDGE('',*,*,#906,.T.);
#1198=ORIENTED_EDGE('',*,*,#939,.F.);
#1199=ORIENTED_EDGE('',*,*,#940,.F.);
#1200=ORIENTED_EDGE('',*,*,#941,.F.);
#1201=ORIENTED_EDGE('',*,*,#935,.T.);
#1202=ORIENTED_EDGE('',*,*,#942,.T.);
#1203=ORIENTED_EDGE('',*,*,#943,.T.);
#1204=ORIENTED_EDGE('',*,*,#944,.T.);
#1205=ORIENTED_EDGE('',*,*,#930,.T.);
#1206=ORIENTED_EDGE('',*,*,#945,.T.);
#1207=ORIENTED_EDGE('',*,*,#946,.F.);
#1208=ORIENTED_EDGE('',*,*,#947,.F.);
#1209=ORIENTED_EDGE('',*,*,#948,.F.);
#1210=ORIENTED_EDGE('',*,*,#942,.F.);
#1211=ORIENTED_EDGE('',*,*,#932,.T.);
#1212=ORIENTED_EDGE('',*,*,#941,.T.);
#1213=ORIENTED_EDGE('',*,*,#949,.F.);
#1214=ORIENTED_EDGE('',*,*,#945,.F.);
#1215=ORIENTED_EDGE('',*,*,#940,.T.);
#1216=ORIENTED_EDGE('',*,*,#950,.F.);
#1217=ORIENTED_EDGE('',*,*,#951,.F.);
#1218=ORIENTED_EDGE('',*,*,#949,.T.);
#1219=ORIENTED_EDGE('',*,*,#924,.T.);
#1220=ORIENTED_EDGE('',*,*,#926,.F.);
#1221=ORIENTED_EDGE('',*,*,#900,.F.);
#1222=ORIENTED_EDGE('',*,*,#925,.F.);
#1223=ORIENTED_EDGE('',*,*,#952,.F.);
#1224=ORIENTED_EDGE('',*,*,#953,.F.);
#1225=ORIENTED_EDGE('',*,*,#933,.F.);
#1226=ORIENTED_EDGE('',*,*,#944,.F.);
#1227=ORIENTED_EDGE('',*,*,#954,.T.);
#1228=ORIENTED_EDGE('',*,*,#955,.F.);
#1229=ORIENTED_EDGE('',*,*,#956,.F.);
#1230=ORIENTED_EDGE('',*,*,#957,.T.);
#1231=ORIENTED_EDGE('',*,*,#936,.F.);
#1232=ORIENTED_EDGE('',*,*,#928,.F.);
#1233=ORIENTED_EDGE('',*,*,#915,.T.);
#1234=ORIENTED_EDGE('',*,*,#958,.T.);
#1235=ORIENTED_EDGE('',*,*,#959,.T.);
#1236=ORIENTED_EDGE('',*,*,#960,.F.);
#1237=ORIENTED_EDGE('',*,*,#961,.F.);
#1238=ORIENTED_EDGE('',*,*,#961,.T.);
#1239=ORIENTED_EDGE('',*,*,#962,.T.);
#1240=ORIENTED_EDGE('',*,*,#963,.F.);
#1241=ORIENTED_EDGE('',*,*,#964,.F.);
#1242=ORIENTED_EDGE('',*,*,#965,.F.);
#1243=ORIENTED_EDGE('',*,*,#966,.F.);
#1244=ORIENTED_EDGE('',*,*,#946,.T.);
#1245=ORIENTED_EDGE('',*,*,#951,.T.);
#1246=ORIENTED_EDGE('',*,*,#967,.F.);
#1247=ORIENTED_EDGE('',*,*,#968,.T.);
#1248=ORIENTED_EDGE('',*,*,#969,.T.);
#1249=ORIENTED_EDGE('',*,*,#970,.T.);
#1250=ORIENTED_EDGE('',*,*,#947,.T.);
#1251=ORIENTED_EDGE('',*,*,#966,.T.);
#1252=ORIENTED_EDGE('',*,*,#943,.F.);
#1253=ORIENTED_EDGE('',*,*,#948,.T.);
#1254=ORIENTED_EDGE('',*,*,#970,.F.);
#1255=ORIENTED_EDGE('',*,*,#971,.F.);
#1256=ORIENTED_EDGE('',*,*,#954,.F.);
#1257=ORIENTED_EDGE('',*,*,#972,.F.);
#1258=ORIENTED_EDGE('',*,*,#973,.T.);
#1259=ORIENTED_EDGE('',*,*,#974,.T.);
#1260=ORIENTED_EDGE('',*,*,#958,.F.);
#1261=ORIENTED_EDGE('',*,*,#975,.F.);
#1262=ORIENTED_EDGE('',*,*,#976,.T.);
#1263=ORIENTED_EDGE('',*,*,#967,.T.);
#1264=ORIENTED_EDGE('',*,*,#977,.F.);
#1265=ORIENTED_EDGE('',*,*,#978,.T.);
#1266=ORIENTED_EDGE('',*,*,#960,.T.);
#1267=ORIENTED_EDGE('',*,*,#979,.T.);
#1268=ORIENTED_EDGE('',*,*,#980,.T.);
#1269=ORIENTED_EDGE('',*,*,#981,.T.);
#1270=ORIENTED_EDGE('',*,*,#982,.T.);
#1271=ORIENTED_EDGE('',*,*,#983,.T.);
#1272=ORIENTED_EDGE('',*,*,#984,.T.);
#1273=ORIENTED_EDGE('',*,*,#955,.T.);
#1274=ORIENTED_EDGE('',*,*,#971,.T.);
#1275=ORIENTED_EDGE('',*,*,#969,.F.);
#1276=ORIENTED_EDGE('',*,*,#985,.T.);
#1277=ORIENTED_EDGE('',*,*,#986,.F.);
#1278=ORIENTED_EDGE('',*,*,#986,.T.);
#1279=ORIENTED_EDGE('',*,*,#987,.T.);
#1280=ORIENTED_EDGE('',*,*,#975,.T.);
#1281=ORIENTED_EDGE('',*,*,#988,.T.);
#1282=ORIENTED_EDGE('',*,*,#989,.F.);
#1283=ORIENTED_EDGE('',*,*,#990,.T.);
#1284=ORIENTED_EDGE('',*,*,#972,.T.);
#1285=ORIENTED_EDGE('',*,*,#963,.T.);
#1286=ORIENTED_EDGE('',*,*,#991,.T.);
#1287=ORIENTED_EDGE('',*,*,#992,.T.);
#1288=ORIENTED_EDGE('',*,*,#977,.T.);
#1289=ORIENTED_EDGE('',*,*,#965,.T.);
#1290=ORIENTED_EDGE('',*,*,#993,.T.);
#1291=ORIENTED_EDGE('',*,*,#994,.F.);
#1292=ORIENTED_EDGE('',*,*,#991,.F.);
#1293=ORIENTED_EDGE('',*,*,#962,.F.);
#1294=ORIENTED_EDGE('',*,*,#978,.F.);
#1295=ORIENTED_EDGE('',*,*,#992,.F.);
#1296=ORIENTED_EDGE('',*,*,#985,.F.);
#1297=ORIENTED_EDGE('',*,*,#968,.F.);
#1298=ORIENTED_EDGE('',*,*,#976,.F.);
#1299=ORIENTED_EDGE('',*,*,#987,.F.);
#1300=ORIENTED_EDGE('',*,*,#974,.F.);
#1301=ORIENTED_EDGE('',*,*,#995,.T.);
#1302=ORIENTED_EDGE('',*,*,#980,.F.);
#1303=ORIENTED_EDGE('',*,*,#988,.F.);
#1304=ORIENTED_EDGE('',*,*,#979,.F.);
#1305=ORIENTED_EDGE('',*,*,#959,.F.);
#1306=ORIENTED_EDGE('',*,*,#929,.T.);
#1307=ORIENTED_EDGE('',*,*,#938,.T.);
#1308=ORIENTED_EDGE('',*,*,#996,.T.);
#1309=ORIENTED_EDGE('',*,*,#997,.T.);
#1310=ORIENTED_EDGE('',*,*,#998,.F.);
#1311=ORIENTED_EDGE('',*,*,#939,.T.);
#1312=ORIENTED_EDGE('',*,*,#927,.T.);
#1313=ORIENTED_EDGE('',*,*,#998,.T.);
#1314=ORIENTED_EDGE('',*,*,#999,.F.);
#1315=ORIENTED_EDGE('',*,*,#1000,.F.);
#1316=ORIENTED_EDGE('',*,*,#1001,.F.);
#1317=ORIENTED_EDGE('',*,*,#1002,.T.);
#1318=ORIENTED_EDGE('',*,*,#1003,.T.);
#1319=ORIENTED_EDGE('',*,*,#989,.T.);
#1320=ORIENTED_EDGE('',*,*,#994,.T.);
#1321=ORIENTED_EDGE('',*,*,#993,.F.);
#1322=ORIENTED_EDGE('',*,*,#964,.T.);
#1323=ORIENTED_EDGE('',*,*,#950,.T.);
#1324=ORIENTED_EDGE('',*,*,#937,.T.);
#1325=ORIENTED_EDGE('',*,*,#957,.F.);
#1326=ORIENTED_EDGE('',*,*,#1004,.T.);
#1327=ORIENTED_EDGE('',*,*,#996,.F.);
#1328=ORIENTED_EDGE('',*,*,#982,.F.);
#1329=ORIENTED_EDGE('',*,*,#1005,.T.);
#1330=ORIENTED_EDGE('',*,*,#1002,.F.);
#1331=ORIENTED_EDGE('',*,*,#1006,.F.);
#1332=ORIENTED_EDGE('',*,*,#1007,.T.);
#1333=ORIENTED_EDGE('',*,*,#1000,.T.);
#1334=ORIENTED_EDGE('',*,*,#1008,.F.);
#1335=ORIENTED_EDGE('',*,*,#984,.F.);
#1336=ORIENTED_EDGE('',*,*,#983,.F.);
#1337=ORIENTED_EDGE('',*,*,#1006,.T.);
#1338=ORIENTED_EDGE('',*,*,#1001,.T.);
#1339=ORIENTED_EDGE('',*,*,#1007,.F.);
#1340=ORIENTED_EDGE('',*,*,#999,.T.);
#1341=ORIENTED_EDGE('',*,*,#997,.F.);
#1342=ORIENTED_EDGE('',*,*,#1004,.F.);
#1343=ORIENTED_EDGE('',*,*,#956,.T.);
#1344=ORIENTED_EDGE('',*,*,#1008,.T.);
#1345=ORIENTED_EDGE('',*,*,#973,.F.);
#1346=ORIENTED_EDGE('',*,*,#990,.F.);
#1347=ORIENTED_EDGE('',*,*,#1003,.F.);
#1348=ORIENTED_EDGE('',*,*,#1005,.F.);
#1349=ORIENTED_EDGE('',*,*,#981,.F.);
#1350=ORIENTED_EDGE('',*,*,#995,.F.);
#1351=ORIENTED_EDGE('',*,*,#1009,.F.);
#1352=ORIENTED_EDGE('',*,*,#1010,.F.);
#1353=ORIENTED_EDGE('',*,*,#903,.F.);
#1354=ORIENTED_EDGE('',*,*,#934,.T.);
#1355=ORIENTED_EDGE('',*,*,#953,.T.);
#1356=ORIENTED_EDGE('',*,*,#1011,.F.);
#1357=ORIENTED_EDGE('',*,*,#1009,.T.);
#1358=ORIENTED_EDGE('',*,*,#952,.T.);
#1359=ORIENTED_EDGE('',*,*,#920,.T.);
#1360=ORIENTED_EDGE('',*,*,#922,.F.);
#1361=ORIENTED_EDGE('',*,*,#890,.T.);
#1362=ORIENTED_EDGE('',*,*,#893,.T.);
#1363=ORIENTED_EDGE('',*,*,#1011,.T.);
#1364=ORIENTED_EDGE('',*,*,#921,.F.);
#1365=ORIENTED_EDGE('',*,*,#912,.F.);
#1366=ORIENTED_EDGE('',*,*,#894,.F.);
#1367=ORIENTED_EDGE('',*,*,#904,.F.);
#1368=ORIENTED_EDGE('',*,*,#1010,.T.);
#1369=ORIENTED_EDGE('',*,*,#1012,.F.);
#1370=ORIENTED_EDGE('',*,*,#1013,.T.);
#1371=ORIENTED_EDGE('',*,*,#1014,.F.);
#1372=ORIENTED_EDGE('',*,*,#1013,.F.);
#1373=ORIENTED_EDGE('',*,*,#1015,.F.);
#1374=ORIENTED_EDGE('',*,*,#1016,.T.);
#1375=ORIENTED_EDGE('',*,*,#1017,.F.);
#1376=ORIENTED_EDGE('',*,*,#1016,.F.);
#1377=ORIENTED_EDGE('',*,*,#1018,.F.);
#1378=ORIENTED_EDGE('',*,*,#1019,.F.);
#1379=ORIENTED_EDGE('',*,*,#1020,.F.);
#1380=ORIENTED_EDGE('',*,*,#1021,.F.);
#1381=ORIENTED_EDGE('',*,*,#1012,.T.);
#1382=ORIENTED_EDGE('',*,*,#1015,.T.);
#1383=ORIENTED_EDGE('',*,*,#1019,.T.);
#1384=ORIENTED_EDGE('',*,*,#1022,.F.);
#1385=ORIENTED_EDGE('',*,*,#1023,.T.);
#1386=ORIENTED_EDGE('',*,*,#1024,.F.);
#1387=ORIENTED_EDGE('',*,*,#1025,.F.);
#1388=ORIENTED_EDGE('',*,*,#1026,.T.);
#1389=ORIENTED_EDGE('',*,*,#1027,.F.);
#1390=ORIENTED_EDGE('',*,*,#1028,.F.);
#1391=ORIENTED_EDGE('',*,*,#1029,.T.);
#1392=ORIENTED_EDGE('',*,*,#1027,.T.);
#1393=ORIENTED_EDGE('',*,*,#1030,.T.);
#1394=ORIENTED_EDGE('',*,*,#1031,.T.);
#1395=ORIENTED_EDGE('',*,*,#1032,.T.);
#1396=ORIENTED_EDGE('',*,*,#1033,.T.);
#1397=ORIENTED_EDGE('',*,*,#1020,.T.);
#1398=ORIENTED_EDGE('',*,*,#1024,.T.);
#1399=ORIENTED_EDGE('',*,*,#1034,.T.);
#1400=ORIENTED_EDGE('',*,*,#1035,.F.);
#1401=ORIENTED_EDGE('',*,*,#1031,.F.);
#1402=ORIENTED_EDGE('',*,*,#1036,.F.);
#1403=ORIENTED_EDGE('',*,*,#1037,.F.);
#1404=ORIENTED_EDGE('',*,*,#1038,.T.);
#1405=ORIENTED_EDGE('',*,*,#1039,.F.);
#1406=ORIENTED_EDGE('',*,*,#1040,.F.);
#1407=ORIENTED_EDGE('',*,*,#1041,.F.);
#1408=ORIENTED_EDGE('',*,*,#1042,.F.);
#1409=ORIENTED_EDGE('',*,*,#1043,.T.);
#1410=ORIENTED_EDGE('',*,*,#1044,.T.);
#1411=ORIENTED_EDGE('',*,*,#1045,.F.);
#1412=ORIENTED_EDGE('',*,*,#1043,.F.);
#1413=ORIENTED_EDGE('',*,*,#1046,.F.);
#1414=ORIENTED_EDGE('',*,*,#1047,.T.);
#1415=ORIENTED_EDGE('',*,*,#1048,.T.);
#1416=ORIENTED_EDGE('',*,*,#1049,.F.);
#1417=ORIENTED_EDGE('',*,*,#1050,.F.);
#1418=ORIENTED_EDGE('',*,*,#1051,.F.);
#1419=ORIENTED_EDGE('',*,*,#1052,.T.);
#1420=ORIENTED_EDGE('',*,*,#1053,.T.);
#1421=ORIENTED_EDGE('',*,*,#1054,.F.);
#1422=ORIENTED_EDGE('',*,*,#1055,.T.);
#1423=ORIENTED_EDGE('',*,*,#1044,.F.);
#1424=ORIENTED_EDGE('',*,*,#1056,.F.);
#1425=ORIENTED_EDGE('',*,*,#1057,.F.);
#1426=ORIENTED_EDGE('',*,*,#1034,.F.);
#1427=ORIENTED_EDGE('',*,*,#1058,.F.);
#1428=ORIENTED_EDGE('',*,*,#1038,.F.);
#1429=ORIENTED_EDGE('',*,*,#1048,.F.);
#1430=ORIENTED_EDGE('',*,*,#1050,.T.);
#1431=ORIENTED_EDGE('',*,*,#1059,.T.);
#1432=ORIENTED_EDGE('',*,*,#1060,.F.);
#1433=ORIENTED_EDGE('',*,*,#1051,.T.);
#1434=ORIENTED_EDGE('',*,*,#1049,.T.);
#1435=ORIENTED_EDGE('',*,*,#1037,.T.);
#1436=ORIENTED_EDGE('',*,*,#1061,.T.);
#1437=ORIENTED_EDGE('',*,*,#1062,.F.);
#1438=ORIENTED_EDGE('',*,*,#1059,.F.);
#1439=ORIENTED_EDGE('',*,*,#1063,.F.);
#1440=ORIENTED_EDGE('',*,*,#1064,.F.);
#1441=ORIENTED_EDGE('',*,*,#1065,.T.);
#1442=ORIENTED_EDGE('',*,*,#1066,.F.);
#1443=ORIENTED_EDGE('',*,*,#1067,.F.);
#1444=ORIENTED_EDGE('',*,*,#1068,.F.);
#1445=ORIENTED_EDGE('',*,*,#1069,.F.);
#1446=ORIENTED_EDGE('',*,*,#1070,.T.);
#1447=ORIENTED_EDGE('',*,*,#1071,.T.);
#1448=ORIENTED_EDGE('',*,*,#1072,.T.);
#1449=ORIENTED_EDGE('',*,*,#1061,.F.);
#1450=ORIENTED_EDGE('',*,*,#1039,.T.);
#1451=ORIENTED_EDGE('',*,*,#1058,.T.);
#1452=ORIENTED_EDGE('',*,*,#1036,.T.);
#1453=ORIENTED_EDGE('',*,*,#1030,.F.);
#1454=ORIENTED_EDGE('',*,*,#1026,.F.);
#1455=ORIENTED_EDGE('',*,*,#1040,.T.);
#1456=ORIENTED_EDGE('',*,*,#1073,.T.);
#1457=ORIENTED_EDGE('',*,*,#1074,.T.);
#1458=ORIENTED_EDGE('',*,*,#1075,.T.);
#1459=ORIENTED_EDGE('',*,*,#1076,.T.);
#1460=ORIENTED_EDGE('',*,*,#1077,.F.);
#1461=ORIENTED_EDGE('',*,*,#1078,.F.);
#1462=ORIENTED_EDGE('',*,*,#1079,.T.);
#1463=ORIENTED_EDGE('',*,*,#1080,.T.);
#1464=ORIENTED_EDGE('',*,*,#1081,.F.);
#1465=ORIENTED_EDGE('',*,*,#1079,.F.);
#1466=ORIENTED_EDGE('',*,*,#1082,.T.);
#1467=ORIENTED_EDGE('',*,*,#1083,.F.);
#1468=ORIENTED_EDGE('',*,*,#1064,.T.);
#1469=ORIENTED_EDGE('',*,*,#1084,.F.);
#1470=ORIENTED_EDGE('',*,*,#1076,.F.);
#1471=ORIENTED_EDGE('',*,*,#1085,.T.);
#1472=ORIENTED_EDGE('',*,*,#1086,.T.);
#1473=ORIENTED_EDGE('',*,*,#1045,.T.);
#1474=ORIENTED_EDGE('',*,*,#1055,.F.);
#1475=ORIENTED_EDGE('',*,*,#1087,.F.);
#1476=ORIENTED_EDGE('',*,*,#1073,.F.);
#1477=ORIENTED_EDGE('',*,*,#1088,.T.);
#1478=ORIENTED_EDGE('',*,*,#1085,.F.);
#1479=ORIENTED_EDGE('',*,*,#1075,.F.);
#1480=ORIENTED_EDGE('',*,*,#1089,.F.);
#1481=ORIENTED_EDGE('',*,*,#1090,.F.);
#1482=ORIENTED_EDGE('',*,*,#1091,.F.);
#1483=ORIENTED_EDGE('',*,*,#1087,.T.);
#1484=ORIENTED_EDGE('',*,*,#1054,.T.);
#1485=ORIENTED_EDGE('',*,*,#1092,.T.);
#1486=ORIENTED_EDGE('',*,*,#1089,.T.);
#1487=ORIENTED_EDGE('',*,*,#1074,.F.);
#1488=ORIENTED_EDGE('',*,*,#1093,.T.);
#1489=ORIENTED_EDGE('',*,*,#1078,.T.);
#1490=ORIENTED_EDGE('',*,*,#1094,.F.);
#1491=ORIENTED_EDGE('',*,*,#1095,.F.);
#1492=ORIENTED_EDGE('',*,*,#1096,.T.);
#1493=ORIENTED_EDGE('',*,*,#1097,.F.);
#1494=ORIENTED_EDGE('',*,*,#1080,.F.);
#1495=ORIENTED_EDGE('',*,*,#1098,.F.);
#1496=ORIENTED_EDGE('',*,*,#1099,.T.);
#1497=ORIENTED_EDGE('',*,*,#1088,.F.);
#1498=ORIENTED_EDGE('',*,*,#1100,.F.);
#1499=ORIENTED_EDGE('',*,*,#1101,.F.);
#1500=ORIENTED_EDGE('',*,*,#1102,.T.);
#1501=ORIENTED_EDGE('',*,*,#1103,.F.);
#1502=ORIENTED_EDGE('',*,*,#1090,.T.);
#1503=ORIENTED_EDGE('',*,*,#1092,.F.);
#1504=ORIENTED_EDGE('',*,*,#1053,.F.);
#1505=ORIENTED_EDGE('',*,*,#1104,.F.);
#1506=ORIENTED_EDGE('',*,*,#1105,.F.);
#1507=ORIENTED_EDGE('',*,*,#1106,.F.);
#1508=ORIENTED_EDGE('',*,*,#1107,.F.);
#1509=ORIENTED_EDGE('',*,*,#1102,.F.);
#1510=ORIENTED_EDGE('',*,*,#1108,.F.);
#1511=ORIENTED_EDGE('',*,*,#1096,.F.);
#1512=ORIENTED_EDGE('',*,*,#1109,.F.);
#1513=ORIENTED_EDGE('',*,*,#1067,.T.);
#1514=ORIENTED_EDGE('',*,*,#1110,.F.);
#1515=ORIENTED_EDGE('',*,*,#1082,.F.);
#1516=ORIENTED_EDGE('',*,*,#1093,.F.);
#1517=ORIENTED_EDGE('',*,*,#1111,.F.);
#1518=ORIENTED_EDGE('',*,*,#1112,.F.);
#1519=ORIENTED_EDGE('',*,*,#1065,.F.);
#1520=ORIENTED_EDGE('',*,*,#1086,.F.);
#1521=ORIENTED_EDGE('',*,*,#1099,.F.);
#1522=ORIENTED_EDGE('',*,*,#1066,.T.);
#1523=ORIENTED_EDGE('',*,*,#1112,.T.);
#1524=ORIENTED_EDGE('',*,*,#1098,.T.);
#1525=ORIENTED_EDGE('',*,*,#1083,.T.);
#1526=ORIENTED_EDGE('',*,*,#1110,.T.);
#1527=ORIENTED_EDGE('',*,*,#1103,.T.);
#1528=ORIENTED_EDGE('',*,*,#1109,.T.);
#1529=ORIENTED_EDGE('',*,*,#1100,.T.);
#1530=ORIENTED_EDGE('',*,*,#1091,.T.);
#1531=ORIENTED_EDGE('',*,*,#1094,.T.);
#1532=ORIENTED_EDGE('',*,*,#1081,.T.);
#1533=ORIENTED_EDGE('',*,*,#1097,.T.);
#1534=ORIENTED_EDGE('',*,*,#1108,.T.);
#1535=ORIENTED_EDGE('',*,*,#1101,.T.);
#1536=ORIENTED_EDGE('',*,*,#1113,.F.);
#1537=ORIENTED_EDGE('',*,*,#1041,.T.);
#1538=ORIENTED_EDGE('',*,*,#1077,.T.);
#1539=ORIENTED_EDGE('',*,*,#1114,.T.);
#1540=ORIENTED_EDGE('',*,*,#1028,.T.);
#1541=ORIENTED_EDGE('',*,*,#1029,.F.);
#1542=ORIENTED_EDGE('',*,*,#1023,.F.);
#1543=ORIENTED_EDGE('',*,*,#1115,.F.);
#1544=ORIENTED_EDGE('',*,*,#1025,.T.);
#1545=ORIENTED_EDGE('',*,*,#1114,.F.);
#1546=ORIENTED_EDGE('',*,*,#1084,.T.);
#1547=ORIENTED_EDGE('',*,*,#1063,.T.);
#1548=ORIENTED_EDGE('',*,*,#1106,.T.);
#1549=ORIENTED_EDGE('',*,*,#1116,.T.);
#1550=ORIENTED_EDGE('',*,*,#1069,.T.);
#1551=ORIENTED_EDGE('',*,*,#1117,.F.);
#1552=ORIENTED_EDGE('',*,*,#1118,.F.);
#1553=ORIENTED_EDGE('',*,*,#1104,.T.);
#1554=ORIENTED_EDGE('',*,*,#1119,.T.);
#1555=ORIENTED_EDGE('',*,*,#1071,.F.);
#1556=ORIENTED_EDGE('',*,*,#1105,.T.);
#1557=ORIENTED_EDGE('',*,*,#1118,.T.);
#1558=ORIENTED_EDGE('',*,*,#1070,.F.);
#1559=ORIENTED_EDGE('',*,*,#1116,.F.);
#1560=ORIENTED_EDGE('',*,*,#1072,.F.);
#1561=ORIENTED_EDGE('',*,*,#1119,.F.);
#1562=ORIENTED_EDGE('',*,*,#1052,.F.);
#1563=ORIENTED_EDGE('',*,*,#1060,.T.);
#1564=ORIENTED_EDGE('',*,*,#1062,.T.);
#1565=ORIENTED_EDGE('',*,*,#1095,.T.);
#1566=ORIENTED_EDGE('',*,*,#1113,.T.);
#1567=ORIENTED_EDGE('',*,*,#1107,.T.);
#1568=ORIENTED_EDGE('',*,*,#1117,.T.);
#1569=ORIENTED_EDGE('',*,*,#1068,.T.);
#1570=ORIENTED_EDGE('',*,*,#1111,.T.);
#1571=ORIENTED_EDGE('',*,*,#1056,.T.);
#1572=ORIENTED_EDGE('',*,*,#1047,.F.);
#1573=ORIENTED_EDGE('',*,*,#1021,.T.);
#1574=ORIENTED_EDGE('',*,*,#1033,.F.);
#1575=ORIENTED_EDGE('',*,*,#1120,.F.);
#1576=ORIENTED_EDGE('',*,*,#1057,.T.);
#1577=ORIENTED_EDGE('',*,*,#1120,.T.);
#1578=ORIENTED_EDGE('',*,*,#1032,.F.);
#1579=ORIENTED_EDGE('',*,*,#1035,.T.);
#1580=ORIENTED_EDGE('',*,*,#1014,.T.);
#1581=ORIENTED_EDGE('',*,*,#1017,.T.);
#1582=ORIENTED_EDGE('',*,*,#1018,.T.);
#1583=ORIENTED_EDGE('',*,*,#1046,.T.);
#1584=ORIENTED_EDGE('',*,*,#1042,.T.);
#1585=ORIENTED_EDGE('',*,*,#1115,.T.);
#1586=ORIENTED_EDGE('',*,*,#1022,.T.);
#1587=CYLINDRICAL_SURFACE('',#1716,1.65);
#1588=CYLINDRICAL_SURFACE('',#1719,1.65);
#1589=CYLINDRICAL_SURFACE('',#1750,0.75);
#1590=CYLINDRICAL_SURFACE('',#1752,1.25);
#1591=CYLINDRICAL_SURFACE('',#1759,0.722841614740048);
#1592=CYLINDRICAL_SURFACE('',#1762,0.5);
#1593=CYLINDRICAL_SURFACE('',#1763,0.5);
#1594=CYLINDRICAL_SURFACE('',#1771,1.23389626792531);
#1595=CYLINDRICAL_SURFACE('',#1774,1.30442055967633);
#1596=CYLINDRICAL_SURFACE('',#1779,1.65);
#1597=CYLINDRICAL_SURFACE('',#1782,1.65);
#1598=CYLINDRICAL_SURFACE('',#1813,0.75);
#1599=CYLINDRICAL_SURFACE('',#1815,1.25);
#1600=CYLINDRICAL_SURFACE('',#1822,0.722841614740048);
#1601=CYLINDRICAL_SURFACE('',#1824,0.5);
#1602=CYLINDRICAL_SURFACE('',#1825,0.5);
#1603=CYLINDRICAL_SURFACE('',#1829,1.23389626792531);
#1604=CYLINDRICAL_SURFACE('',#1832,1.30442055967633);
#1605=ADVANCED_FACE('',(#189),#1587,.F.);
#1606=ADVANCED_FACE('',(#190),#1588,.F.);
#1607=ADVANCED_FACE('',(#191),#124,.T.);
#1608=ADVANCED_FACE('',(#192,#116,#117),#125,.T.);
#1609=ADVANCED_FACE('',(#193),#126,.F.);
#1610=ADVANCED_FACE('',(#194),#127,.T.);
#1611=ADVANCED_FACE('',(#195),#128,.T.);
#1612=ADVANCED_FACE('',(#196),#129,.T.);
#1613=ADVANCED_FACE('',(#197),#130,.T.);
#1614=ADVANCED_FACE('',(#198),#131,.F.);
#1615=ADVANCED_FACE('',(#199),#132,.T.);
#1616=ADVANCED_FACE('',(#200),#133,.T.);
#1617=ADVANCED_FACE('',(#201),#134,.T.);
#1618=ADVANCED_FACE('',(#202),#135,.T.);
#1619=ADVANCED_FACE('',(#203),#136,.F.);
#1620=ADVANCED_FACE('',(#204),#137,.F.);
#1621=ADVANCED_FACE('',(#205),#138,.T.);
#1622=ADVANCED_FACE('',(#206),#139,.T.);
#1623=ADVANCED_FACE('',(#207),#140,.F.);
#1624=ADVANCED_FACE('',(#208),#141,.F.);
#1625=ADVANCED_FACE('',(#209),#142,.T.);
#1626=ADVANCED_FACE('',(#210),#143,.F.);
#1627=ADVANCED_FACE('',(#211),#76,.T.);
#1628=ADVANCED_FACE('',(#212),#144,.F.);
#1629=ADVANCED_FACE('',(#213),#145,.T.);
#1630=ADVANCED_FACE('',(#214),#74,.T.);
#1631=ADVANCED_FACE('',(#215),#146,.T.);
#1632=ADVANCED_FACE('',(#216),#1589,.F.);
#1633=ADVANCED_FACE('',(#217),#1590,.T.);
#1634=ADVANCED_FACE('',(#218),#147,.T.);
#1635=ADVANCED_FACE('',(#219),#148,.F.);
#1636=ADVANCED_FACE('',(#220),#1591,.F.);
#1637=ADVANCED_FACE('',(#221),#149,.F.);
#1638=ADVANCED_FACE('',(#222),#1592,.T.);
#1639=ADVANCED_FACE('',(#223),#1593,.T.);
#1640=ADVANCED_FACE('',(#224),#150,.F.);
#1641=ADVANCED_FACE('',(#225),#151,.T.);
#1642=ADVANCED_FACE('',(#226),#152,.F.);
#1643=ADVANCED_FACE('',(#227),#1594,.T.);
#1644=ADVANCED_FACE('',(#228),#153,.F.);
#1645=ADVANCED_FACE('',(#229),#154,.F.);
#1646=ADVANCED_FACE('',(#230),#1595,.F.);
#1647=ADVANCED_FACE('',(#231),#155,.F.);
#1648=ADVANCED_FACE('',(#232),#156,.T.);
#1649=ADVANCED_FACE('',(#233,#118,#119),#157,.T.);
#1650=ADVANCED_FACE('',(#234),#158,.T.);
#1651=ADVANCED_FACE('',(#235),#1596,.F.);
#1652=ADVANCED_FACE('',(#236),#1597,.F.);
#1653=ADVANCED_FACE('',(#237,#120,#121),#159,.T.);
#1654=ADVANCED_FACE('',(#238),#160,.T.);
#1655=ADVANCED_FACE('',(#239),#161,.T.);
#1656=ADVANCED_FACE('',(#240),#162,.T.);
#1657=ADVANCED_FACE('',(#241),#163,.T.);
#1658=ADVANCED_FACE('',(#242),#164,.T.);
#1659=ADVANCED_FACE('',(#243),#165,.T.);
#1660=ADVANCED_FACE('',(#244),#166,.T.);
#1661=ADVANCED_FACE('',(#245),#167,.F.);
#1662=ADVANCED_FACE('',(#246),#168,.F.);
#1663=ADVANCED_FACE('',(#247),#169,.T.);
#1664=ADVANCED_FACE('',(#248),#170,.T.);
#1665=ADVANCED_FACE('',(#249),#171,.F.);
#1666=ADVANCED_FACE('',(#250),#172,.F.);
#1667=ADVANCED_FACE('',(#251),#173,.T.);
#1668=ADVANCED_FACE('',(#252),#77,.F.);
#1669=ADVANCED_FACE('',(#253),#174,.T.);
#1670=ADVANCED_FACE('',(#254),#175,.F.);
#1671=ADVANCED_FACE('',(#255),#176,.F.);
#1672=ADVANCED_FACE('',(#256),#75,.T.);
#1673=ADVANCED_FACE('',(#257),#177,.F.);
#1674=ADVANCED_FACE('',(#258),#1598,.F.);
#1675=ADVANCED_FACE('',(#259),#1599,.T.);
#1676=ADVANCED_FACE('',(#260),#178,.F.);
#1677=ADVANCED_FACE('',(#261),#179,.T.);
#1678=ADVANCED_FACE('',(#262),#1600,.F.);
#1679=ADVANCED_FACE('',(#263),#180,.T.);
#1680=ADVANCED_FACE('',(#264),#1601,.T.);
#1681=ADVANCED_FACE('',(#265),#1602,.T.);
#1682=ADVANCED_FACE('',(#266),#181,.T.);
#1683=ADVANCED_FACE('',(#267),#182,.T.);
#1684=ADVANCED_FACE('',(#268),#1603,.T.);
#1685=ADVANCED_FACE('',(#269),#183,.T.);
#1686=ADVANCED_FACE('',(#270),#184,.T.);
#1687=ADVANCED_FACE('',(#271),#1604,.F.);
#1688=ADVANCED_FACE('',(#272),#185,.T.);
#1689=ADVANCED_FACE('',(#273),#186,.T.);
#1690=ADVANCED_FACE('',(#274,#122,#123),#187,.T.);
#1691=ADVANCED_FACE('',(#275),#188,.T.);
#1692=CLOSED_SHELL('',(#1605,#1606,#1607,#1608,#1609,#1610,#1611,#1612,
#1613,#1614,#1615,#1616,#1617,#1618,#1619,#1620,#1621,#1622,#1623,#1624,
#1625,#1626,#1627,#1628,#1629,#1630,#1631,#1632,#1633,#1634,#1635,#1636,
#1637,#1638,#1639,#1640,#1641,#1642,#1643,#1644,#1645,#1646,#1647,#1648,
#1649,#1650));
#1693=CLOSED_SHELL('',(#1651,#1652,#1653,#1654,#1655,#1656,#1657,#1658,
#1659,#1660,#1661,#1662,#1663,#1664,#1665,#1666,#1667,#1668,#1669,#1670,
#1671,#1672,#1673,#1674,#1675,#1676,#1677,#1678,#1679,#1680,#1681,#1682,
#1683,#1684,#1685,#1686,#1687,#1688,#1689,#1690,#1691));
#1694=DERIVED_UNIT_ELEMENT(#1697,1.);
#1695=DERIVED_UNIT_ELEMENT(#3015,-3.);
#1696=DIMENSIONAL_EXPONENTS(0.,1.,0.,0.,0.,0.,0.);
#1697=(
CONVERSION_BASED_UNIT('gram',#1699)
MASS_UNIT()
NAMED_UNIT(#1696)
);
#1698=(
MASS_UNIT()
NAMED_UNIT(*)
SI_UNIT(.KILO.,.GRAM.)
);
#1699=MASS_MEASURE_WITH_UNIT(MASS_MEASURE(0.001),#1698);
#1700=DERIVED_UNIT((#1694,#1695));
#1701=MEASURE_REPRESENTATION_ITEM('density measure',
POSITIVE_RATIO_MEASURE(1.),#1700);
#1702=PROPERTY_DEFINITION_REPRESENTATION(#1707,#1704);
#1703=PROPERTY_DEFINITION_REPRESENTATION(#1708,#1705);
#1704=REPRESENTATION('material name',(#1706),#3012);
#1705=REPRESENTATION('density',(#1701),#3012);
#1706=DESCRIPTIVE_REPRESENTATION_ITEM('\X2\4E00822C\X0\','\X2\4E00822C\X0\');
#1707=PROPERTY_DEFINITION('material property','material name',#3022);
#1708=PROPERTY_DEFINITION('material property','density of part',#3022);
#1709=DATE_TIME_ROLE('creation_date');
#1710=APPLIED_DATE_AND_TIME_ASSIGNMENT(#1711,#1709,(#3022));
#1711=DATE_AND_TIME(#1712,#1713);
#1712=CALENDAR_DATE(2025,8,4);
#1713=LOCAL_TIME(11,29,12.,#1714);
#1714=COORDINATED_UNIVERSAL_TIME_OFFSET(0,0,.BEHIND.);
#1715=AXIS2_PLACEMENT_3D('',#2257,#1838,#1839);
#1716=AXIS2_PLACEMENT_3D('',#2258,#1840,#1841);
#1717=AXIS2_PLACEMENT_3D('',#2260,#1842,#1843);
#1718=AXIS2_PLACEMENT_3D('',#2263,#1845,#1846);
#1719=AXIS2_PLACEMENT_3D('',#2264,#1847,#1848);
#1720=AXIS2_PLACEMENT_3D('',#2266,#1849,#1850);
#1721=AXIS2_PLACEMENT_3D('',#2269,#1852,#1853);
#1722=AXIS2_PLACEMENT_3D('',#2270,#1854,#1855);
#1723=AXIS2_PLACEMENT_3D('',#2279,#1860,#1861);
#1724=AXIS2_PLACEMENT_3D('',#2293,#1869,#1870);
#1725=AXIS2_PLACEMENT_3D('',#2304,#1877,#1878);
#1726=AXIS2_PLACEMENT_3D('',#2312,#1883,#1884);
#1727=AXIS2_PLACEMENT_3D('',#2318,#1888,#1889);
#1728=AXIS2_PLACEMENT_3D('',#2324,#1893,#1894);
#1729=AXIS2_PLACEMENT_3D('',#2328,#1897,#1898);
#1730=AXIS2_PLACEMENT_3D('',#2333,#1902,#1903);
#1731=AXIS2_PLACEMENT_3D('',#2335,#1905,#1906);
#1732=AXIS2_PLACEMENT_3D('',#2341,#1910,#1911);
#1733=AXIS2_PLACEMENT_3D('',#2347,#1915,#1916);
#1734=AXIS2_PLACEMENT_3D('',#2353,#1920,#1921);
#1735=AXIS2_PLACEMENT_3D('',#2359,#1925,#1926);
#1736=AXIS2_PLACEMENT_3D('',#2365,#1930,#1931);
#1737=AXIS2_PLACEMENT_3D('',#2369,#1933,#1934);
#1738=AXIS2_PLACEMENT_3D('',#2371,#1936,#1937);
#1739=AXIS2_PLACEMENT_3D('',#2381,#1941,#1942);
#1740=AXIS2_PLACEMENT_3D('',#2383,#1944,#1945);
#1741=AXIS2_PLACEMENT_3D('',#2387,#1948,#1949);
#1742=AXIS2_PLACEMENT_3D('',#2398,#1953,#1954);
#1743=AXIS2_PLACEMENT_3D('',#2400,#1956,#1957);
#1744=AXIS2_PLACEMENT_3D('',#2405,#1959,#1960);
#1745=AXIS2_PLACEMENT_3D('',#2432,#1963,#1964);
#1746=AXIS2_PLACEMENT_3D('',#2438,#1968,#1969);
#1747=AXIS2_PLACEMENT_3D('',#2448,#1973,#1974);
#1748=AXIS2_PLACEMENT_3D('',#2449,#1975,#1976);
#1749=AXIS2_PLACEMENT_3D('',#2450,#1977,#1978);
#1750=AXIS2_PLACEMENT_3D('',#2456,#1982,#1983);
#1751=AXIS2_PLACEMENT_3D('',#2459,#1984,#1985);
#1752=AXIS2_PLACEMENT_3D('',#2523,#1986,#1987);
#1753=AXIS2_PLACEMENT_3D('',#2537,#1988,#1989);
#1754=AXIS2_PLACEMENT_3D('',#2552,#1990,#1991);
#1755=AXIS2_PLACEMENT_3D('',#2553,#1992,#1993);
#1756=AXIS2_PLACEMENT_3D('',#2565,#1994,#1995);
#1757=AXIS2_PLACEMENT_3D('',#2566,#1996,#1997);
#1758=AXIS2_PLACEMENT_3D('',#2569,#2000,#2001);
#1759=AXIS2_PLACEMENT_3D('',#2575,#2005,#2006);
#1760=AXIS2_PLACEMENT_3D('',#2578,#2008,#2009);
#1761=AXIS2_PLACEMENT_3D('',#2579,#2010,#2011);
#1762=AXIS2_PLACEMENT_3D('',#2581,#2013,#2014);
#1763=AXIS2_PLACEMENT_3D('',#2582,#2015,#2016);
#1764=AXIS2_PLACEMENT_3D('',#2583,#2017,#2018);
#1765=AXIS2_PLACEMENT_3D('',#2584,#2019,#2020);
#1766=AXIS2_PLACEMENT_3D('',#2590,#2024,#2025);
#1767=AXIS2_PLACEMENT_3D('',#2592,#2026,#2027);
#1768=AXIS2_PLACEMENT_3D('',#2598,#2030,#2031);
#1769=AXIS2_PLACEMENT_3D('',#2600,#2033,#2034);
#1770=AXIS2_PLACEMENT_3D('',#2601,#2035,#2036);
#1771=AXIS2_PLACEMENT_3D('',#2602,#2037,#2038);
#1772=AXIS2_PLACEMENT_3D('',#2605,#2041,#2042);
#1773=AXIS2_PLACEMENT_3D('',#2608,#2045,#2046);
#1774=AXIS2_PLACEMENT_3D('',#2609,#2047,#2048);
#1775=AXIS2_PLACEMENT_3D('',#2610,#2049,#2050);
#1776=AXIS2_PLACEMENT_3D('',#2611,#2051,#2052);
#1777=AXIS2_PLACEMENT_3D('',#2615,#2055,#2056);
#1778=AXIS2_PLACEMENT_3D('',#2617,#2058,#2059);
#1779=AXIS2_PLACEMENT_3D('',#2618,#2060,#2061);
#1780=AXIS2_PLACEMENT_3D('',#2620,#2062,#2063);
#1781=AXIS2_PLACEMENT_3D('',#2623,#2065,#2066);
#1782=AXIS2_PLACEMENT_3D('',#2624,#2067,#2068);
#1783=AXIS2_PLACEMENT_3D('',#2626,#2069,#2070);
#1784=AXIS2_PLACEMENT_3D('',#2629,#2072,#2073);
#1785=AXIS2_PLACEMENT_3D('',#2630,#2074,#2075);
#1786=AXIS2_PLACEMENT_3D('',#2639,#2080,#2081);
#1787=AXIS2_PLACEMENT_3D('',#2645,#2085,#2086);
#1788=AXIS2_PLACEMENT_3D('',#2654,#2091,#2092);
#1789=AXIS2_PLACEMENT_3D('',#2663,#2098,#2099);
#1790=AXIS2_PLACEMENT_3D('',#2669,#2103,#2104);
#1791=AXIS2_PLACEMENT_3D('',#2676,#2108,#2109);
#1792=AXIS2_PLACEMENT_3D('',#2685,#2114,#2115);
#1793=AXIS2_PLACEMENT_3D('',#2692,#2120,#2121);
#1794=AXIS2_PLACEMENT_3D('',#2698,#2125,#2126);
#1795=AXIS2_PLACEMENT_3D('',#2702,#2128,#2129);
#1796=AXIS2_PLACEMENT_3D('',#2714,#2135,#2136);
#1797=AXIS2_PLACEMENT_3D('',#2717,#2138,#2139);
#1798=AXIS2_PLACEMENT_3D('',#2718,#2140,#2141);
#1799=AXIS2_PLACEMENT_3D('',#2722,#2144,#2145);
#1800=AXIS2_PLACEMENT_3D('',#2728,#2148,#2149);
#1801=AXIS2_PLACEMENT_3D('',#2736,#2153,#2154);
#1802=AXIS2_PLACEMENT_3D('',#2741,#2157,#2158);
#1803=AXIS2_PLACEMENT_3D('',#2742,#2159,#2160);
#1804=AXIS2_PLACEMENT_3D('',#2754,#2165,#2166);
#1805=AXIS2_PLACEMENT_3D('',#2768,#2169,#2170);
#1806=AXIS2_PLACEMENT_3D('',#2786,#2172,#2173);
#1807=AXIS2_PLACEMENT_3D('',#2791,#2177,#2178);
#1808=AXIS2_PLACEMENT_3D('',#2792,#2179,#2180);
#1809=AXIS2_PLACEMENT_3D('',#2793,#2181,#2182);
#1810=AXIS2_PLACEMENT_3D('',#2803,#2186,#2187);
#1811=AXIS2_PLACEMENT_3D('',#2804,#2188,#2189);
#1812=AXIS2_PLACEMENT_3D('',#2805,#2190,#2191);
#1813=AXIS2_PLACEMENT_3D('',#2811,#2195,#2196);
#1814=AXIS2_PLACEMENT_3D('',#2814,#2197,#2198);
#1815=AXIS2_PLACEMENT_3D('',#2878,#2199,#2200);
#1816=AXIS2_PLACEMENT_3D('',#2892,#2201,#2202);
#1817=AXIS2_PLACEMENT_3D('',#2904,#2203,#2204);
#1818=AXIS2_PLACEMENT_3D('',#2906,#2205,#2206);
#1819=AXIS2_PLACEMENT_3D('',#2920,#2207,#2208);
#1820=AXIS2_PLACEMENT_3D('',#2921,#2209,#2210);
#1821=AXIS2_PLACEMENT_3D('',#2924,#2213,#2214);
#1822=AXIS2_PLACEMENT_3D('',#2927,#2217,#2218);
#1823=AXIS2_PLACEMENT_3D('',#2929,#2220,#2221);
#1824=AXIS2_PLACEMENT_3D('',#2930,#2222,#2223);
#1825=AXIS2_PLACEMENT_3D('',#2931,#2224,#2225);
#1826=AXIS2_PLACEMENT_3D('',#2932,#2226,#2227);
#1827=AXIS2_PLACEMENT_3D('',#2933,#2228,#2229);
#1828=AXIS2_PLACEMENT_3D('',#2936,#2232,#2233);
#1829=AXIS2_PLACEMENT_3D('',#2937,#2234,#2235);
#1830=AXIS2_PLACEMENT_3D('',#2940,#2238,#2239);
#1831=AXIS2_PLACEMENT_3D('',#2943,#2242,#2243);
#1832=AXIS2_PLACEMENT_3D('',#2944,#2244,#2245);
#1833=AXIS2_PLACEMENT_3D('',#2945,#2246,#2247);
#1834=AXIS2_PLACEMENT_3D('',#2946,#2248,#2249);
#1835=AXIS2_PLACEMENT_3D('',#2948,#2251,#2252);
#1836=AXIS2_PLACEMENT_3D('',#2949,#2253,#2254);
#1837=AXIS2_PLACEMENT_3D('',#2978,#2255,#2256);
#1838=DIRECTION('axis',(0.,0.,1.));
#1839=DIRECTION('refdir',(1.,0.,0.));
#1840=DIRECTION('center_axis',(-0.939692620785911,0.,0.342020143325663));
#1841=DIRECTION('ref_axis',(0.342020143325663,0.,0.939692620785911));
#1842=DIRECTION('center_axis',(0.939692620785911,0.,-0.342020143325663));
#1843=DIRECTION('ref_axis',(0.342020143325663,0.,0.939692620785911));
#1844=DIRECTION('',(0.939692620785911,0.,-0.342020143325663));
#1845=DIRECTION('center_axis',(-0.939692620785911,0.,0.342020143325663));
#1846=DIRECTION('ref_axis',(0.342020143325663,0.,0.939692620785911));
#1847=DIRECTION('center_axis',(-0.939692620785911,0.,0.342020143325663));
#1848=DIRECTION('ref_axis',(0.342020143325663,0.,0.939692620785911));
#1849=DIRECTION('center_axis',(0.939692620785911,0.,-0.342020143325663));
#1850=DIRECTION('ref_axis',(0.342020143325663,0.,0.939692620785911));
#1851=DIRECTION('',(0.939692620785911,0.,-0.342020143325663));
#1852=DIRECTION('center_axis',(-0.939692620785911,0.,0.342020143325663));
#1853=DIRECTION('ref_axis',(0.342020143325663,0.,0.939692620785911));
#1854=DIRECTION('center_axis',(0.34202014332566,0.,0.939692620785912));
#1855=DIRECTION('ref_axis',(0.939692620785912,0.,-0.34202014332566));
#1856=DIRECTION('',(-0.939692620785912,0.,0.34202014332566));
#1857=DIRECTION('',(0.,1.,0.));
#1858=DIRECTION('',(-0.939692620785912,0.,0.34202014332566));
#1859=DIRECTION('',(0.,-1.,0.));
#1860=DIRECTION('center_axis',(-0.939692620785911,0.,0.342020143325663));
#1861=DIRECTION('ref_axis',(0.342020143325663,0.,0.939692620785911));
#1862=DIRECTION('',(-0.342020143325661,0.,-0.939692620785911));
#1863=DIRECTION('',(0.,1.,0.));
#1864=DIRECTION('',(0.341922813657406,0.0238550800226098,0.939425209720134));
#1865=DIRECTION('',(0.,-1.,0.));
#1866=DIRECTION('',(0.342020143325663,0.,0.939692620785911));
#1867=DIRECTION('',(0.,1.,0.));
#1868=DIRECTION('',(-0.342020143325661,0.,-0.939692620785911));
#1869=DIRECTION('center_axis',(0.,-1.,0.));
#1870=DIRECTION('ref_axis',(0.,0.,-1.));
#1871=DIRECTION('',(-0.0871557427476527,0.,-0.996194698091746));
#1872=DIRECTION('',(-0.0871557427476526,0.,-0.996194698091746));
#1873=DIRECTION('',(-0.0871557427476527,0.,-0.996194698091746));
#1874=DIRECTION('',(-0.942178771402966,0.,0.335110672342135));
#1875=DIRECTION('',(0.942178771402966,0.,-0.335110672342135));
#1876=DIRECTION('',(0.939692620785911,0.,-0.342020143325661));
#1877=DIRECTION('center_axis',(-0.939692620785911,0.,0.342020143325661));
#1878=DIRECTION('ref_axis',(0.,1.,0.));
#1879=DIRECTION('',(0.,-1.,0.));
#1880=DIRECTION('',(-0.34202014332566,0.,-0.939692620785912));
#1881=DIRECTION('',(0.,1.,0.));
#1882=DIRECTION('',(-0.342020143325661,0.,-0.939692620785911));
#1883=DIRECTION('center_axis',(-0.939692620785911,0.,0.342020143325661));
#1884=DIRECTION('ref_axis',(0.,1.,0.));
#1885=DIRECTION('',(0.341922813657405,0.0238550800226096,0.939425209720134));
#1886=DIRECTION('',(-0.342020143325661,0.,-0.939692620785911));
#1887=DIRECTION('',(0.,1.,0.));
#1888=DIRECTION('center_axis',(0.0615270892128796,-0.997854160062882,-0.0223940290745287));
#1889=DIRECTION('ref_axis',(-0.937676190831614,-0.0654757607454888,0.341286222842814));
#1890=DIRECTION('',(-0.937676190831614,-0.0654757607454887,0.341286222842814));
#1891=DIRECTION('',(-0.937676190831614,-0.0654757607454887,0.341286222842814));
#1892=DIRECTION('',(-0.342020143325661,0.,-0.939692620785911));
#1893=DIRECTION('center_axis',(-0.342020143325661,0.,-0.939692620785911));
#1894=DIRECTION('ref_axis',(-0.939692620785911,0.,0.342020143325661));
#1895=DIRECTION('',(0.939692620785911,0.,-0.342020143325661));
#1896=DIRECTION('',(0.,-1.,0.));
#1897=DIRECTION('center_axis',(-0.342020143325661,0.,-0.939692620785911));
#1898=DIRECTION('ref_axis',(-0.939692620785911,0.,0.342020143325661));
#1899=DIRECTION('',(0.,1.,0.));
#1900=DIRECTION('',(0.937679657661003,0.0654195109996049,-0.341287484665519));
#1901=DIRECTION('',(-0.937679657661003,-0.0654195109996049,0.341287484665519));
#1902=DIRECTION('center_axis',(-0.335110672342135,0.,-0.942178771402966));
#1903=DIRECTION('ref_axis',(0.942178771402966,0.,-0.335110672342135));
#1904=DIRECTION('',(-0.94014982336088,-0.0655918481414567,0.334389023581658));
#1905=DIRECTION('center_axis',(-0.996194698091746,0.,0.0871557427476527));
#1906=DIRECTION('ref_axis',(-0.0871557427476527,0.,-0.996194698091746));
#1907=DIRECTION('',(-1.81429335612658E-18,-1.,-2.07374679530805E-17));
#1908=DIRECTION('',(0.0871541315397455,0.00608052080509852,0.996176281901096));
#1909=DIRECTION('',(0.0871557427476526,3.65184218158051E-17,0.996194698091746));
#1910=DIRECTION('center_axis',(-0.996194698091746,0.,0.0871557427476527));
#1911=DIRECTION('ref_axis',(-0.0871557427476527,0.,-0.996194698091746));
#1912=DIRECTION('',(-0.0871557427476526,-1.13603811522549E-16,-0.996194698091746));
#1913=DIRECTION('',(0.,-1.,0.));
#1914=DIRECTION('',(1.81429335612658E-18,1.,2.07374679530805E-17));
#1915=DIRECTION('center_axis',(0.335110672342135,0.,0.942178771402966));
#1916=DIRECTION('ref_axis',(-0.942178771402966,0.,0.335110672342135));
#1917=DIRECTION('',(0.94014982336088,0.0655918481414567,-0.334389023581658));
#1918=DIRECTION('',(0.,-1.,0.));
#1919=DIRECTION('',(0.,1.,0.));
#1920=DIRECTION('center_axis',(-0.996194698091746,0.,0.0871557427476526));
#1921=DIRECTION('ref_axis',(-0.0871557427476526,0.,-0.996194698091746));
#1922=DIRECTION('',(0.0871541315397454,0.00608052080509852,0.996176281901096));
#1923=DIRECTION('',(1.81429335612658E-18,1.,2.07374679530805E-17));
#1924=DIRECTION('',(0.0871557427476526,3.65184218158051E-17,0.996194698091746));
#1925=DIRECTION('center_axis',(-0.996194698091746,0.,0.0871557427476526));
#1926=DIRECTION('ref_axis',(-0.0871557427476526,0.,-0.996194698091746));
#1927=DIRECTION('',(-1.81429335612658E-18,-1.,-2.07374679530805E-17));
#1928=DIRECTION('',(-0.0871557427476526,-5.54901557615353E-16,-0.996194698091746));
#1929=DIRECTION('',(1.81429335612658E-18,1.,2.07374679530805E-17));
#1930=DIRECTION('center_axis',(0.,0.,1.));
#1931=DIRECTION('ref_axis',(1.,0.,0.));
#1932=DIRECTION('',(-0.992602145245472,-0.121412442748208,0.));
#1933=DIRECTION('center_axis',(0.,0.,1.));
#1934=DIRECTION('ref_axis',(1.,0.,0.));
#1935=DIRECTION('',(0.997575100836221,0.0695982628490387,0.));
#1936=DIRECTION('center_axis',(-0.121405593760131,0.992546151641322,0.0106216131426443));
#1937=DIRECTION('ref_axis',(0.,-0.0107007668976048,0.999942745154843));
#1938=DIRECTION('',(-0.988769213876451,-0.121869343405148,0.0865060970576232));
#1939=DIRECTION('',(-0.0871557427476517,0.,-0.996194698091746));
#1940=DIRECTION('',(0.,0.010700766897605,-0.999942745154843));
#1941=DIRECTION('center_axis',(-0.0871557427476521,2.08166817117217E-17,
-0.996194698091746));
#1942=DIRECTION('ref_axis',(-0.996194698091746,0.,0.0871557427476521));
#1943=DIRECTION('',(0.672685844962426,0.737583995692985,-0.0588523855485655));
#1944=DIRECTION('center_axis',(0.734777265906677,-0.675255395607892,-0.0642846809834031));
#1945=DIRECTION('ref_axis',(-0.0871557427476521,0.,-0.996194698091746));
#1946=DIRECTION('',(0.672685844962426,0.737583995692985,-0.0588523855485655));
#1947=DIRECTION('',(-0.0871557427476517,0.,-0.996194698091746));
#1948=DIRECTION('center_axis',(0.0695982628490387,-0.997575100836221,0.));
#1949=DIRECTION('ref_axis',(0.,0.,-1.));
#1950=DIRECTION('',(-0.341922813657407,-0.0238550800226098,-0.939425209720134));
#1951=DIRECTION('',(0.937679657661002,0.0654195109996048,-0.341287484665521));
#1952=DIRECTION('',(0.,0.,1.));
#1953=DIRECTION('center_axis',(0.0697223380288707,-0.99756643660435,-1.18442927580588E-5));
#1954=DIRECTION('ref_axis',(0.993089151015183,0.0694105333185174,-0.0946367581882508));
#1955=DIRECTION('',(0.993797309955966,0.0693346960434395,-0.0869459984636998));
#1956=DIRECTION('center_axis',(0.747124462400395,-0.664684163857483,0.));
#1957=DIRECTION('ref_axis',(0.,0.,-1.));
#1958=DIRECTION('',(0.,0.,-1.));
#1959=DIRECTION('center_axis',(0.747124462400395,-0.664684163857483,0.));
#1960=DIRECTION('ref_axis',(-0.664684163857483,-0.747124462400395,0.));
#1961=DIRECTION('',(0.,0.,-1.));
#1962=DIRECTION('',(0.,1.,0.));
#1963=DIRECTION('center_axis',(0.996194698091746,0.,-0.0871557427476517));
#1964=DIRECTION('ref_axis',(-0.0871557427476517,0.,-0.996194698091746));
#1965=DIRECTION('',(0.,1.,0.));
#1966=DIRECTION('',(0.0871557427476515,0.,0.996194698091746));
#1967=DIRECTION('',(0.,-1.,0.));
#1968=DIRECTION('center_axis',(-1.,0.,0.));
#1969=DIRECTION('ref_axis',(0.,0.,1.));
#1970=DIRECTION('',(0.,0.,-1.));
#1971=DIRECTION('',(0.,-1.,0.));
#1972=DIRECTION('',(0.,0.,-1.));
#1973=DIRECTION('center_axis',(0.,0.,-1.));
#1974=DIRECTION('ref_axis',(0.944665990397451,0.328033788787684,0.));
#1975=DIRECTION('center_axis',(0.,0.,1.));
#1976=DIRECTION('ref_axis',(1.,0.,0.));
#1977=DIRECTION('center_axis',(-1.,0.,0.));
#1978=DIRECTION('ref_axis',(0.,0.,1.));
#1979=DIRECTION('',(0.,1.,0.));
#1980=DIRECTION('',(0.,-0.0107007668976037,-0.999942745154843));
#1981=DIRECTION('',(0.,-1.,0.));
#1982=DIRECTION('center_axis',(0.,0.,-1.));
#1983=DIRECTION('ref_axis',(0.999927742586824,0.0120212147979489,0.));
#1984=DIRECTION('center_axis',(0.,0.,1.));
#1985=DIRECTION('ref_axis',(1.,0.,0.));
#1986=DIRECTION('center_axis',(0.,0.,-1.));
#1987=DIRECTION('ref_axis',(0.999990338424573,0.00439579998492517,0.));
#1988=DIRECTION('center_axis',(0.121405593760118,0.992546151641324,-0.0106216131426432));
#1989=DIRECTION('ref_axis',(-0.00128959599757465,-0.0105430359913552,-0.999943589076028));
#1990=DIRECTION('center_axis',(-0.996194698091746,0.,0.0871557427476522));
#1991=DIRECTION('ref_axis',(-0.0871557427476522,0.,-0.996194698091746));
#1992=DIRECTION('center_axis',(-0.0648580786602986,0.997878365044017,0.0056743466208484));
#1993=DIRECTION('ref_axis',(-0.000368033144532638,0.00566239888899211,-0.999983900765621));
#1994=DIRECTION('center_axis',(0.,0.,1.));
#1995=DIRECTION('ref_axis',(1.,0.,0.));
#1996=DIRECTION('center_axis',(0.,0.,1.));
#1997=DIRECTION('ref_axis',(1.,0.,0.));
#1998=DIRECTION('',(0.,-1.,0.));
#1999=DIRECTION('',(0.,-1.,0.));
#2000=DIRECTION('center_axis',(0.996194698091746,0.,-0.0871557427476517));
#2001=DIRECTION('ref_axis',(-0.0871557427476517,0.,-0.996194698091746));
#2002=DIRECTION('',(0.,1.,0.));
#2003=DIRECTION('',(0.0871557427476517,-5.94823692012045E-16,0.996194698091746));
#2004=DIRECTION('',(-0.0871557427476517,5.74312530218526E-16,-0.996194698091746));
#2005=DIRECTION('center_axis',(0.0871557427476515,0.,0.996194698091746));
#2006=DIRECTION('ref_axis',(0.996194698091746,0.,-0.0871557427476514));
#2007=DIRECTION('',(0.0871557427476514,0.,0.996194698091746));
#2008=DIRECTION('center_axis',(-0.0871557427476521,2.08166817117217E-17,
-0.996194698091746));
#2009=DIRECTION('ref_axis',(-0.996194698091746,0.,0.0871557427476521));
#2010=DIRECTION('center_axis',(0.70441602640276,-0.707106781186546,-0.0616284167162147));
#2011=DIRECTION('ref_axis',(-0.0871557427476515,0.,-0.996194698091746));
#2012=DIRECTION('',(0.704416026402754,0.707106781186553,-0.0616284167162113));
#2013=DIRECTION('center_axis',(0.,-1.,0.));
#2014=DIRECTION('ref_axis',(0.,0.,-1.));
#2015=DIRECTION('center_axis',(0.,-1.,0.));
#2016=DIRECTION('ref_axis',(0.,0.,-1.));
#2017=DIRECTION('center_axis',(0.121405593760118,0.992546151641324,-0.0106216131426432));
#2018=DIRECTION('ref_axis',(0.988769213876453,-0.121869343405135,-0.0865060970576232));
#2019=DIRECTION('center_axis',(-0.0695969726500648,0.99755660798426,0.00608894612260403));
#2020=DIRECTION('ref_axis',(0.,-0.00610374654307545,0.999981371965567));
#2021=DIRECTION('',(-0.993760603920306,-0.0698628217790968,0.0869427871016967));
#2022=DIRECTION('',(-0.0871557427476523,0.,-0.996194698091746));
#2023=DIRECTION('',(-0.993760603920306,-0.0698628217790968,0.0869427871016966));
#2024=DIRECTION('center_axis',(-0.0871557427476521,2.08166817117217E-17,
-0.996194698091746));
#2025=DIRECTION('ref_axis',(-0.996194698091746,0.,0.0871557427476521));
#2026=DIRECTION('center_axis',(-0.0871557427476521,2.08166817117217E-17,
-0.996194698091746));
#2027=DIRECTION('ref_axis',(-0.996194698091746,1.1617897384059E-16,0.0871557427476521));
#2028=DIRECTION('',(0.99408113659731,0.0651058259841545,-0.0869708300772258));
#2029=DIRECTION('',(0.,1.,0.));
#2030=DIRECTION('center_axis',(-0.0871557427476522,3.46944695195361E-17,
-0.996194698091746));
#2031=DIRECTION('ref_axis',(-0.996194698091746,0.,0.0871557427476521));
#2032=DIRECTION('',(0.988769213876453,-0.121869343405136,-0.0865060970576144));
#2033=DIRECTION('center_axis',(-0.0871557427476521,2.08166817117217E-17,
-0.996194698091746));
#2034=DIRECTION('ref_axis',(-0.996194698091746,0.,0.0871557427476521));
#2035=DIRECTION('center_axis',(-0.0871557427476521,2.08166817117217E-17,
-0.996194698091746));
#2036=DIRECTION('ref_axis',(-0.996194698091746,1.1617897384059E-16,0.0871557427476521));
#2037=DIRECTION('center_axis',(-0.0871557427476522,2.08166817117217E-17,
-0.996194698091746));
#2038=DIRECTION('ref_axis',(-0.996194698091746,0.,0.0871557427476521));
#2039=DIRECTION('',(-0.0871557427476521,3.2290119375556E-17,-0.996194698091746));
#2040=DIRECTION('',(-0.0871557427476522,2.39806104467357E-17,-0.996194698091746));
#2041=DIRECTION('center_axis',(-0.0648580786602986,0.997878365044017,0.0056743466208484));
#2042=DIRECTION('ref_axis',(0.,-0.00568631917583879,0.999983832756425));
#2043=DIRECTION('',(-0.0871557427476522,1.14094496923052E-17,-0.996194698091746));
#2044=DIRECTION('',(-0.0871557427476522,3.03403404133938E-17,-0.996194698091746));
#2045=DIRECTION('center_axis',(-0.996194698091746,0.,0.0871557427476522));
#2046=DIRECTION('ref_axis',(0.0871557427476522,0.,0.996194698091746));
#2047=DIRECTION('center_axis',(0.0871557427476526,0.,0.996194698091746));
#2048=DIRECTION('ref_axis',(0.657678375111352,-0.751098110848712,-0.0575394020683896));
#2049=DIRECTION('center_axis',(0.121405593760118,0.992546151641324,-0.0106216131426432));
#2050=DIRECTION('ref_axis',(0.,0.0107007668976037,0.999942745154843));
#2051=DIRECTION('center_axis',(0.342020143325663,0.,0.93969262078591));
#2052=DIRECTION('ref_axis',(0.93969262078591,0.,-0.342020143325663));
#2053=DIRECTION('',(0.,-1.,0.));
#2054=DIRECTION('',(0.93969262078591,0.,-0.342020143325663));
#2055=DIRECTION('center_axis',(0.939692620785911,0.,-0.342020143325663));
#2056=DIRECTION('ref_axis',(-0.342020143325663,0.,-0.939692620785911));
#2057=DIRECTION('',(-0.342020143325663,0.,-0.939692620785911));
#2058=DIRECTION('center_axis',(0.,1.,0.));
#2059=DIRECTION('ref_axis',(0.,0.,1.));
#2060=DIRECTION('center_axis',(0.939692620785911,0.,-0.342020143325662));
#2061=DIRECTION('ref_axis',(-0.342020143325662,6.95512255777916E-17,-0.939692620785911));
#2062=DIRECTION('center_axis',(-0.939692620785911,0.,0.342020143325662));
#2063=DIRECTION('ref_axis',(-0.342020143325662,6.95512255777916E-17,-0.939692620785911));
#2064=DIRECTION('',(-0.939692620785911,0.,0.342020143325662));
#2065=DIRECTION('center_axis',(0.939692620785911,0.,-0.342020143325663));
#2066=DIRECTION('ref_axis',(-0.342020143325662,6.95512255777916E-17,-0.939692620785911));
#2067=DIRECTION('center_axis',(0.939692620785911,0.,-0.342020143325662));
#2068=DIRECTION('ref_axis',(-0.342020143325662,6.95512255777916E-17,-0.939692620785911));
#2069=DIRECTION('center_axis',(-0.939692620785911,0.,0.342020143325662));
#2070=DIRECTION('ref_axis',(-0.342020143325662,6.95512255777916E-17,-0.939692620785911));
#2071=DIRECTION('',(-0.939692620785911,0.,0.342020143325662));
#2072=DIRECTION('center_axis',(0.939692620785911,0.,-0.342020143325663));
#2073=DIRECTION('ref_axis',(-0.342020143325662,6.95512255777916E-17,-0.939692620785911));
#2074=DIRECTION('center_axis',(0.939692620785911,0.,-0.342020143325662));
#2075=DIRECTION('ref_axis',(-0.342020143325662,0.,-0.939692620785911));
#2076=DIRECTION('',(0.342020143325662,0.,0.939692620785911));
#2077=DIRECTION('',(0.,-1.,0.));
#2078=DIRECTION('',(-0.342020143325662,0.,-0.939692620785911));
#2079=DIRECTION('',(0.,1.,0.));
#2080=DIRECTION('center_axis',(0.342020143325663,0.,0.939692620785911));
#2081=DIRECTION('ref_axis',(0.93969262078591,0.,-0.342020143325663));
#2082=DIRECTION('',(-0.93969262078591,0.,0.342020143325663));
#2083=DIRECTION('',(0.,1.,0.));
#2084=DIRECTION('',(0.93969262078591,0.,-0.342020143325663));
#2085=DIRECTION('center_axis',(0.996194698091746,0.,-0.0871557427476496));
#2086=DIRECTION('ref_axis',(-0.0871557427476496,0.,-0.996194698091746));
#2087=DIRECTION('',(0.0871557427476517,-5.54901557615353E-16,0.996194698091746));
#2088=DIRECTION('',(0.,1.,0.));
#2089=DIRECTION('',(-0.0871557427476496,0.,-0.996194698091746));
#2090=DIRECTION('',(0.,1.,0.));
#2091=DIRECTION('center_axis',(0.,1.,0.));
#2092=DIRECTION('ref_axis',(0.,0.,1.));
#2093=DIRECTION('',(0.996194698091746,0.,-0.0871557427476496));
#2094=DIRECTION('',(-0.996194698091746,0.,0.0871557427476518));
#2095=DIRECTION('',(-0.126762727663211,0.,0.991933067739645));
#2096=DIRECTION('',(0.342020143325663,0.,0.93969262078591));
#2097=DIRECTION('',(0.939692620785911,0.,-0.342020143325662));
#2098=DIRECTION('center_axis',(-0.991933067739645,0.,-0.126762727663211));
#2099=DIRECTION('ref_axis',(0.126762727663211,0.,-0.991933067739645));
#2100=DIRECTION('',(-0.126735507756072,0.0207223599993317,0.991720068804634));
#2101=DIRECTION('',(0.,-1.,0.));
#2102=DIRECTION('',(0.,1.,0.));
#2103=DIRECTION('center_axis',(0.996194698091746,0.,-0.0871557427476516));
#2104=DIRECTION('ref_axis',(0.0871557427476516,0.,0.996194698091746));
#2105=DIRECTION('',(-0.0871557427476517,3.39099631146762E-17,-0.996194698091746));
#2106=DIRECTION('',(-0.0871541315397444,-0.00608052080509846,-0.996176281901096));
#2107=DIRECTION('',(0.,-1.,0.));
#2108=DIRECTION('center_axis',(0.996194698091746,0.,-0.0871557427476516));
#2109=DIRECTION('ref_axis',(0.0871557427476516,0.,0.996194698091746));
#2110=DIRECTION('',(0.0871557427476517,-8.7387547325038E-18,0.996194698091746));
#2111=DIRECTION('',(-1.81429335612656E-18,-1.,-2.07374679530805E-17));
#2112=DIRECTION('',(-0.0871557427476516,0.,-0.996194698091746));
#2113=DIRECTION('',(0.,-1.,0.));
#2114=DIRECTION('center_axis',(0.553553074111566,0.,0.832813901265844));
#2115=DIRECTION('ref_axis',(-0.832813901265844,0.,0.553553074111566));
#2116=DIRECTION('',(0.831117392258937,-0.0637966411286349,-0.552425441906335));
#2117=DIRECTION('',(0.,-1.,0.));
#2118=DIRECTION('',(0.832813901265844,0.,-0.553553074111566));
#2119=DIRECTION('',(0.,-1.,0.));
#2120=DIRECTION('center_axis',(0.996194698091746,0.,-0.0871557427476517));
#2121=DIRECTION('ref_axis',(0.0871557427476517,0.,0.996194698091746));
#2122=DIRECTION('',(-0.0871541315397445,-0.00608052080509845,-0.996176281901096));
#2123=DIRECTION('',(-0.0871557427476517,3.39099631146762E-17,-0.996194698091746));
#2124=DIRECTION('',(-1.81429335612656E-18,-1.,-2.07374679530805E-17));
#2125=DIRECTION('center_axis',(0.068540908849915,0.997575100836221,-0.0120856115125187));
#2126=DIRECTION('ref_axis',(-0.173648177666917,0.,-0.98480775301221));
#2127=DIRECTION('',(-0.993797309955966,0.0693346960434395,0.086945998463699));
#2128=DIRECTION('center_axis',(0.0686651557888231,0.99756643660435,-0.0120954925900531));
#2129=DIRECTION('ref_axis',(-0.994435395951761,0.0694105333185174,0.0792491081508416));
#2130=DIRECTION('',(0.173648177666917,0.,0.98480775301221));
#2131=DIRECTION('',(-0.982419693515448,0.0695982628490387,0.173227098346101));
#2132=DIRECTION('',(0.937482428717676,-0.0685459150096359,-0.341215699200813));
#2133=DIRECTION('',(0.341995046433564,-0.0121141001609917,0.939623667641569));
#2134=DIRECTION('',(-0.993797309955966,0.0693346960434395,0.0869459984636993));
#2135=DIRECTION('center_axis',(0.0871557427476512,-2.08166817117217E-17,
0.996194698091746));
#2136=DIRECTION('ref_axis',(0.996194698091746,0.,-0.0871557427476512));
#2137=DIRECTION('',(0.993760603920306,-0.0698628217790968,-0.0869427871016957));
#2138=DIRECTION('center_axis',(0.0871557427476512,-2.08166817117217E-17,
0.996194698091746));
#2139=DIRECTION('ref_axis',(0.996194698091746,1.1617897384059E-16,-0.0871557427476512));
#2140=DIRECTION('center_axis',(-0.0695969726500648,-0.99755660798426,0.00608894612260397));
#2141=DIRECTION('ref_axis',(0.173644942942685,-0.00610374654307545,0.984789407979477));
#2142=DIRECTION('',(0.993760603920306,-0.0698628217790968,-0.0869427871016958));
#2143=DIRECTION('',(-0.0871557427476511,0.,-0.996194698091746));
#2144=DIRECTION('center_axis',(0.0871557427476512,-2.08166817117217E-17,
0.996194698091746));
#2145=DIRECTION('ref_axis',(0.996194698091746,0.,-0.0871557427476512));
#2146=DIRECTION('',(-0.672685844962426,0.737583995692985,0.0588523855485649));
#2147=DIRECTION('',(0.,1.,0.));
#2148=DIRECTION('center_axis',(0.0871557427476512,-2.08166817117217E-17,
0.996194698091746));
#2149=DIRECTION('ref_axis',(0.996194698091746,0.,-0.0871557427476512));
#2150=DIRECTION('',(-0.704416026402753,0.707106781186553,0.0616284167162172));
#2151=DIRECTION('',(0.,1.,0.));
#2152=DIRECTION('',(-0.988769213876452,-0.121869343405136,0.0865060970576313));
#2153=DIRECTION('center_axis',(0.0871557427476512,-3.46944695195361E-17,
0.996194698091746));
#2154=DIRECTION('ref_axis',(0.996194698091746,0.,-0.0871557427476512));
#2155=DIRECTION('',(0.,1.,0.));
#2156=DIRECTION('',(-0.99408113659731,0.0651058259841545,0.0869708300772215));
#2157=DIRECTION('center_axis',(0.0871557427476512,-2.08166817117217E-17,
0.996194698091746));
#2158=DIRECTION('ref_axis',(0.996194698091746,1.1617897384059E-16,-0.0871557427476512));
#2159=DIRECTION('center_axis',(-0.121405593760131,-0.992546151641322,0.0106216131426443));
#2160=DIRECTION('ref_axis',(0.173638235467393,-0.0107007668976048,0.984751367996802));
#2161=DIRECTION('',(0.977522288294293,-0.121412442748208,-0.172363553670149));
#2162=DIRECTION('',(-0.173638235467393,0.010700766897605,-0.984751367996802));
#2163=DIRECTION('',(-0.0871557427476517,0.,-0.996194698091746));
#2164=DIRECTION('',(0.988769213876451,-0.121869343405148,-0.0865060970576223));
#2165=DIRECTION('center_axis',(0.735773963036988,0.664684163857483,-0.129736801386204));
#2166=DIRECTION('ref_axis',(-0.173648177666917,0.,-0.98480775301221));
#2167=DIRECTION('',(-0.173648177666917,0.,-0.98480775301221));
#2168=DIRECTION('',(-0.173648177666918,0.,-0.98480775301221));
#2169=DIRECTION('center_axis',(0.735773963036988,0.664684163857483,-0.129736801386204));
#2170=DIRECTION('ref_axis',(0.654586117871287,-0.747124462400395,-0.115421193777911));
#2171=DIRECTION('',(0.,1.,0.));
#2172=DIRECTION('center_axis',(0.996194698091746,0.,-0.0871557427476517));
#2173=DIRECTION('ref_axis',(-0.0871557427476517,0.,-0.996194698091746));
#2174=DIRECTION('',(-0.0871557427476516,0.,-0.996194698091746));
#2175=DIRECTION('',(0.,-1.,0.));
#2176=DIRECTION('',(0.0871557427476519,0.,0.996194698091746));
#2177=DIRECTION('center_axis',(-0.173648177666918,0.,-0.98480775301221));
#2178=DIRECTION('ref_axis',(-0.98480775301221,0.,0.173648177666917));
#2179=DIRECTION('center_axis',(-0.173648177666918,0.,-0.98480775301221));
#2180=DIRECTION('ref_axis',(-0.98480775301221,0.,0.173648177666917));
#2181=DIRECTION('center_axis',(-0.98480775301221,0.,0.173648177666918));
#2182=DIRECTION('ref_axis',(0.173648177666917,0.,0.98480775301221));
#2183=DIRECTION('',(-0.173648177666918,0.,-0.98480775301221));
#2184=DIRECTION('',(-0.173648177666917,0.,-0.98480775301221));
#2185=DIRECTION('',(0.,-1.,0.));
#2186=DIRECTION('center_axis',(-0.173648177666918,0.,-0.98480775301221));
#2187=DIRECTION('ref_axis',(-0.930314391350368,0.328033788787683,0.164039527736431));
#2188=DIRECTION('center_axis',(-0.173648177666918,0.,-0.98480775301221));
#2189=DIRECTION('ref_axis',(-0.98480775301221,0.,0.173648177666917));
#2190=DIRECTION('center_axis',(-0.98480775301221,0.,0.173648177666918));
#2191=DIRECTION('ref_axis',(0.173648177666917,0.,0.98480775301221));
#2192=DIRECTION('',(0.,1.,0.));
#2193=DIRECTION('',(0.,-1.,0.));
#2194=DIRECTION('',(-0.173638235467393,-0.0107007668976037,-0.984751367996802));
#2195=DIRECTION('center_axis',(0.173648177666918,0.,0.98480775301221));
#2196=DIRECTION('ref_axis',(-0.984736593351502,0.0120212147979489,0.173635630298797));
#2197=DIRECTION('center_axis',(-0.173648177666918,0.,-0.98480775301221));
#2198=DIRECTION('ref_axis',(-0.98480775301221,0.,0.173648177666918));
#2199=DIRECTION('center_axis',(0.173648177666918,0.,0.98480775301221));
#2200=DIRECTION('ref_axis',(-0.984798238217824,0.00439579998492339,0.173646499951951));
#2201=DIRECTION('center_axis',(-0.173648177666918,0.,-0.98480775301221));
#2202=DIRECTION('ref_axis',(-0.98480775301221,0.,0.173648177666917));
#2203=DIRECTION('center_axis',(-0.0648580786602986,-0.997878365044017,0.0056743466208483));
#2204=DIRECTION('ref_axis',(-0.173282940170104,0.00566239888899211,-0.984855806646245));
#2205=DIRECTION('center_axis',(-0.996194698091746,0.,0.0871557427476512));
#2206=DIRECTION('ref_axis',(-0.0871557427476512,0.,-0.996194698091746));
#2207=DIRECTION('center_axis',(0.121405593760118,-0.992546151641324,-0.0106216131426432));
#2208=DIRECTION('ref_axis',(-0.172368377876104,-0.0105430359913552,-0.984976135091833));
#2209=DIRECTION('center_axis',(-0.173648177666918,0.,-0.98480775301221));
#2210=DIRECTION('ref_axis',(-0.98480775301221,0.,0.173648177666917));
#2211=DIRECTION('',(0.,-1.,0.));
#2212=DIRECTION('',(0.,-1.,0.));
#2213=DIRECTION('center_axis',(0.996194698091746,0.,-0.0871557427476517));
#2214=DIRECTION('ref_axis',(-0.0871557427476517,0.,-0.996194698091746));
#2215=DIRECTION('',(-0.0871557427476517,5.74312530218526E-16,-0.996194698091746));
#2216=DIRECTION('',(0.0871557427476517,-5.94823692012045E-16,0.996194698091746));
#2217=DIRECTION('center_axis',(-0.0871557427476519,0.,-0.996194698091746));
#2218=DIRECTION('ref_axis',(-0.996194698091746,0.,0.0871557427476519));
#2219=DIRECTION('',(0.0871557427476519,0.,0.996194698091746));
#2220=DIRECTION('center_axis',(0.70441602640276,0.707106781186546,-0.061628416716215));
#2221=DIRECTION('ref_axis',(-0.0871557427476519,0.,-0.996194698091746));
#2222=DIRECTION('center_axis',(0.,1.,0.));
#2223=DIRECTION('ref_axis',(-0.173648177666918,0.,-0.98480775301221));
#2224=DIRECTION('center_axis',(0.,1.,0.));
#2225=DIRECTION('ref_axis',(-0.173648177666918,0.,-0.98480775301221));
#2226=DIRECTION('center_axis',(0.121405593760118,-0.992546151641324,-0.0106216131426432));
#2227=DIRECTION('ref_axis',(-0.988769213876453,-0.121869343405135,0.0865060970576226));
#2228=DIRECTION('center_axis',(0.0871557427476512,-2.08166817117217E-17,
0.996194698091746));
#2229=DIRECTION('ref_axis',(0.996194698091746,0.,-0.0871557427476512));
#2230=DIRECTION('',(-0.672685844962426,0.737583995692985,0.0588523855485649));
#2231=DIRECTION('',(-0.996194698091746,0.,0.0871557427476496));
#2232=DIRECTION('center_axis',(0.734777265906677,0.675255395607892,-0.0642846809834025));
#2233=DIRECTION('ref_axis',(-0.0871557427476513,0.,-0.996194698091746));
#2234=DIRECTION('center_axis',(0.0871557427476512,-2.08166817117217E-17,
0.996194698091746));
#2235=DIRECTION('ref_axis',(0.996194698091746,0.,-0.0871557427476512));
#2236=DIRECTION('',(-0.0871557427476512,2.39806104467357E-17,-0.996194698091746));
#2237=DIRECTION('',(-0.0871557427476512,3.2290119375556E-17,-0.996194698091746));
#2238=DIRECTION('center_axis',(-0.0648580786602986,-0.997878365044017,0.0056743466208483));
#2239=DIRECTION('ref_axis',(0.173645370254533,-0.00568631917583879,0.984791831385393));
#2240=DIRECTION('',(-0.0871557427476512,1.14094496923052E-17,-0.996194698091746));
#2241=DIRECTION('',(-0.0871557427476512,3.03403404133938E-17,-0.996194698091746));
#2242=DIRECTION('center_axis',(-0.996194698091746,0.,0.0871557427476512));
#2243=DIRECTION('ref_axis',(0.0871557427476512,0.,0.996194698091746));
#2244=DIRECTION('center_axis',(-0.0871557427476508,0.,-0.996194698091746));
#2245=DIRECTION('ref_axis',(-0.657678375111352,-0.751098110848712,0.0575394020683889));
#2246=DIRECTION('center_axis',(0.121405593760118,-0.992546151641324,-0.0106216131426432));
#2247=DIRECTION('ref_axis',(0.173638235467393,0.0107007668976037,0.984751367996802));
#2248=DIRECTION('center_axis',(0.342020143325662,0.,0.939692620785911));
#2249=DIRECTION('ref_axis',(-0.939692620785911,0.,0.342020143325662));
#2250=DIRECTION('',(0.,1.,0.));
#2251=DIRECTION('center_axis',(-0.939692620785911,0.,0.342020143325663));
#2252=DIRECTION('ref_axis',(-0.342020143325663,0.,-0.93969262078591));
#2253=DIRECTION('center_axis',(0.,1.,0.));
#2254=DIRECTION('ref_axis',(0.,0.,1.));
#2255=DIRECTION('center_axis',(0.,1.,0.));
#2256=DIRECTION('ref_axis',(1.,0.,0.));
#2257=CARTESIAN_POINT('',(0.,0.,0.));
#2258=CARTESIAN_POINT('Origin',(51.2037023833157,14.,-19.940045523045));
#2259=CARTESIAN_POINT('',(10.7926846265507,14.,-6.9875312477651));
#2260=CARTESIAN_POINT('Origin',(11.3570178630381,14.,-5.43703842346835));
#2261=CARTESIAN_POINT('',(13.6117624889085,14.,-8.0135916777421));
#2262=CARTESIAN_POINT('',(50.6393691468283,14.,-21.4905383473417));
#2263=CARTESIAN_POINT('Origin',(14.1760957253958,14.,-6.46309885344534));
#2264=CARTESIAN_POINT('Origin',(51.2037023833157,7.,-19.940045523045));
#2265=CARTESIAN_POINT('',(10.7926846265507,7.,-6.9875312477651));
#2266=CARTESIAN_POINT('Origin',(11.3570178630381,7.,-5.43703842346835));
#2267=CARTESIAN_POINT('',(13.6117624889085,7.,-8.0135916777421));
#2268=CARTESIAN_POINT('',(50.6393691468283,7.,-21.4905383473417));
#2269=CARTESIAN_POINT('Origin',(14.1760957253958,7.,-6.46309885344534));
#2270=CARTESIAN_POINT('Origin',(1.88077613377289,3.,-7.35617790039042));
#2271=CARTESIAN_POINT('',(9.63170861907054,18.,-10.1772866128456));
#2272=CARTESIAN_POINT('',(1.88077613377289,18.,-7.35617790039042));
#2273=CARTESIAN_POINT('',(3.81850925509731,18.,-8.06145507850422));
#2274=CARTESIAN_POINT('',(1.88077613377289,3.,-7.35617790039042));
#2275=CARTESIAN_POINT('',(1.88077613377289,3.,-7.35617790039042));
#2276=CARTESIAN_POINT('',(9.63170861907054,3.,-10.1772866128456));
#2277=CARTESIAN_POINT('',(3.73206947864341,3.,-8.02999357281838));
#2278=CARTESIAN_POINT('',(9.63170861907054,3.,-10.1772866128456));
#2279=CARTESIAN_POINT('Origin',(9.640836158886,3.,-10.1522089033075));
#2280=CARTESIAN_POINT('',(9.64083615888602,3.,-10.1522089033075));
#2281=CARTESIAN_POINT('',(9.64083615888602,3.,-10.1522089033075));
#2282=CARTESIAN_POINT('',(9.640836158886,-0.234360267984697,-10.1522089033075));
#2283=CARTESIAN_POINT('',(9.640836158886,3.,-10.1522089033075));
#2284=CARTESIAN_POINT('',(9.65242483978961,-0.233551755363515,-10.1203692642035));
#2285=CARTESIAN_POINT('',(12.7412361467254,-0.0180532920889254,-1.63392994544117));
#2286=CARTESIAN_POINT('',(9.65242483978961,3.,-10.1203692642035));
#2287=CARTESIAN_POINT('',(9.65242483978961,3.,-10.1203692642035));
#2288=CARTESIAN_POINT('',(13.7581424926345,3.,1.15999727764431));
#2289=CARTESIAN_POINT('',(9.640836158886,3.,-10.1522089033075));
#2290=CARTESIAN_POINT('',(13.7581424926345,18.,1.15999727764431));
#2291=CARTESIAN_POINT('',(13.7581424926345,3.,1.15999727764431));
#2292=CARTESIAN_POINT('',(9.640836158886,18.,-10.1522089033075));
#2293=CARTESIAN_POINT('Origin',(7.81945931320371,3.,-2.56018463210177));
#2294=CARTESIAN_POINT('',(1.98885489832806,3.,-6.12083196870697));
#2295=CARTESIAN_POINT('',(2.96180162456654,3.,5.));
#2296=CARTESIAN_POINT('',(2.16316638382337,3.,-4.12844257252348));
#2297=CARTESIAN_POINT('',(2.82675955414704,3.,3.45646207203181));
#2298=CARTESIAN_POINT('',(2.96180162456654,3.,5.));
#2299=CARTESIAN_POINT('',(2.96180162456654,3.,5.));
#2300=CARTESIAN_POINT('',(13.7581424926345,3.,1.15999727764431));
#2301=CARTESIAN_POINT('',(5.30495441213574,3.,-8.57407700819225));
#2302=CARTESIAN_POINT('',(1.88077613377289,3.,-7.35617790039042));
#2303=CARTESIAN_POINT('',(-1.12672582469531,3.,-6.23313684566761));
#2304=CARTESIAN_POINT('Origin',(1.88990367358837,-0.775759804620496,-7.33110019085223));
#2305=CARTESIAN_POINT('',(1.88077613377289,-0.775759804620496,-7.35617790039042));
#2306=CARTESIAN_POINT('',(1.88077613377289,3.,-7.35617790039042));
#2307=CARTESIAN_POINT('',(1.20586338693705,18.,-9.21048543242405));
#2308=CARTESIAN_POINT('',(1.37459157364601,18.,-8.74690854941565));
#2309=CARTESIAN_POINT('',(1.20586338693705,-0.775759804620496,-9.21048543242405));
#2310=CARTESIAN_POINT('',(1.20586338693704,-0.775759804620496,-9.21048543242405));
#2311=CARTESIAN_POINT('',(1.88990367358837,-0.775759804620496,-7.33110019085223));
#2312=CARTESIAN_POINT('Origin',(1.88990367358837,-0.775759804620496,-7.33110019085223));
#2313=CARTESIAN_POINT('',(1.88990367358837,-0.775122999517091,-7.33110019085223));
#2314=CARTESIAN_POINT('',(0.872130560185794,-0.846130426033549,-10.1274088380539));
#2315=CARTESIAN_POINT('',(1.88990367358837,-0.775759804620496,-7.33110019085223));
#2316=CARTESIAN_POINT('',(1.88990367358837,-0.775759804620496,-7.33110019085223));
#2317=CARTESIAN_POINT('',(1.88990367358837,-0.775759804620496,-7.33110019085223));
#2318=CARTESIAN_POINT('Origin',(12.4599140212437,-0.0376804171225291,-11.1782693332844));
#2319=CARTESIAN_POINT('',(12.4599140212437,-0.0376804171225292,-11.1782693332844));
#2320=CARTESIAN_POINT('',(12.4599140212437,-0.0376804171225292,-11.1782693332844));
#2321=CARTESIAN_POINT('',(11.7758737345924,-0.0376804171225292,-13.0576545748563));
#2322=CARTESIAN_POINT('',(11.7758737345924,-0.0376804171225292,-13.0576545748563));
#2323=CARTESIAN_POINT('',(12.4599140212437,-0.0376804171225292,-11.1782693332844));
#2324=CARTESIAN_POINT('Origin',(6.49086856076473,8.61212009768975,-11.1340700036402));
#2325=CARTESIAN_POINT('',(11.7758737345924,18.,-13.0576545748563));
#2326=CARTESIAN_POINT('',(7.01906275091028,18.,-11.3263169667655));
#2327=CARTESIAN_POINT('',(11.7758737345924,18.,-13.0576545748563));
#2328=CARTESIAN_POINT('Origin',(7.17490884741605,8.61212009768975,-9.25468476206834));
#2329=CARTESIAN_POINT('',(5.3049544121358,-0.536863645664944,-8.57407700819228));
#2330=CARTESIAN_POINT('',(5.30495441213576,5.80606004884488,-8.57407700819226));
#2331=CARTESIAN_POINT('',(4.90902331701511,-0.564486745324527,-8.42996987474793));
#2332=CARTESIAN_POINT('',(10.4492127908608,-0.177961898312039,-10.4464339354226));
#2333=CARTESIAN_POINT('Origin',(1.88077613377289,3.,-7.35617790039042));
#2334=CARTESIAN_POINT('',(3.88064401432546,-0.636234138535433,-8.06748353620884));
#2335=CARTESIAN_POINT('Origin',(2.96180162456654,3.,5.));
#2336=CARTESIAN_POINT('',(1.98885489832806,-0.761378024001815,-6.12083196870697));
#2337=CARTESIAN_POINT('',(1.98885489832806,9.,-6.12083196870697));
#2338=CARTESIAN_POINT('',(2.08691498930732,-0.761378024001814,-5.00000000000045));
#2339=CARTESIAN_POINT('',(2.65312997381699,-0.721874652989511,1.47186688755277));
#2340=CARTESIAN_POINT('',(2.6500395782283,-0.761378024001814,1.43654350433777));
#2341=CARTESIAN_POINT('Origin',(2.96180162456654,3.,5.));
#2342=CARTESIAN_POINT('',(2.96180162456654,2.45828650062583,5.));
#2343=CARTESIAN_POINT('',(2.16316638382337,2.45828650062583,-4.12844257252348));
#2344=CARTESIAN_POINT('',(2.90820361381158,2.45828650062583,4.38737193374677));
#2345=CARTESIAN_POINT('',(2.96180162456654,3.,5.));
#2346=CARTESIAN_POINT('',(2.16316638382337,9.,-4.12844257252348));
#2347=CARTESIAN_POINT('Origin',(13.7581424926345,3.,1.15999727764431));
#2348=CARTESIAN_POINT('',(2.96180162456654,-0.700339421541869,5.));
#2349=CARTESIAN_POINT('',(13.7581424926345,0.0528936622768278,1.15999727764431));
#2350=CARTESIAN_POINT('',(11.7964567783472,-0.08396813174322,1.85772242131307));
#2351=CARTESIAN_POINT('',(13.7581424926345,3.,1.15999727764431));
#2352=CARTESIAN_POINT('',(2.96180162456654,9.,5.));
#2353=CARTESIAN_POINT('Origin',(3.31122425812854,18.,8.99391897738252));
#2354=CARTESIAN_POINT('',(2.16316638382337,-0.756058159268137,-4.12844257252348));
#2355=CARTESIAN_POINT('',(2.83180939986866,-0.70940864652079,3.51418207275086));
#2356=CARTESIAN_POINT('',(2.16316638382337,-0.761378024001814,-4.12844257252348));
#2357=CARTESIAN_POINT('',(2.16316638382337,9.,-4.12844257252348));
#2358=CARTESIAN_POINT('',(2.6500395782283,-0.761378024001814,1.43654350433777));
#2359=CARTESIAN_POINT('Origin',(3.31122425812854,18.,8.99391897738252));
#2360=CARTESIAN_POINT('',(1.98885489832806,6.0769625760786,-6.12083196870697));
#2361=CARTESIAN_POINT('',(1.98885489832806,9.,-6.12083196870697));
#2362=CARTESIAN_POINT('',(2.16316638382337,6.0769625760786,-4.12844257252348));
#2363=CARTESIAN_POINT('',(2.6500395782283,6.0769625760786,1.43654350433777));
#2364=CARTESIAN_POINT('',(2.16316638382337,9.,-4.12844257252348));
#2365=CARTESIAN_POINT('Origin',(0.,0.,5.));
#2366=CARTESIAN_POINT('',(1.55939092886731,2.28674737075729,5.));
#2367=CARTESIAN_POINT('',(7.39055677861906,3.,5.));
#2368=CARTESIAN_POINT('',(2.41498553451962,-0.738489381312585,4.99999999998736));
#2369=CARTESIAN_POINT('Origin',(-0.75,-1.91794902440325E-16,5.));
#2370=CARTESIAN_POINT('',(2.41498553451962,-0.738489381312585,5.));
#2371=CARTESIAN_POINT('Origin',(-1.21305797849794,2.,0.106128821318236));
#2372=CARTESIAN_POINT('',(-1.55507456416919,2.,-3.80313864131627));
#2373=CARTESIAN_POINT('',(6.55828016680149,3.,-4.51296520344058));
#2374=CARTESIAN_POINT('',(-0.55,2.,7.68491619531352));
#2375=CARTESIAN_POINT('',(-0.55,2.,7.68491619531352));
#2376=CARTESIAN_POINT('',(-0.55,1.99204048752115,8.42869996654742));
#2377=CARTESIAN_POINT('',(-0.55,1.99204048752115,8.42869996654742));
#2378=CARTESIAN_POINT('Ctrl Pts',(1.55939092886733,2.28674737075729,4.99999999999998));
#2379=CARTESIAN_POINT('Ctrl Pts',(0.249721069077426,2.0952278603514,7.92711715654852));
#2380=CARTESIAN_POINT('Ctrl Pts',(-0.550000000002025,1.99204048752089,8.4286999665487));
#2381=CARTESIAN_POINT('Origin',(-0.342016585671249,8.1688827145472E-17,
-3.90926746263451));
#2382=CARTESIAN_POINT('',(-1.55507456416919,2.,-3.80313864131627));
#2383=CARTESIAN_POINT('Origin',(-2.16859281276657,1.51842025264809,-5.75710242478442));
#2384=CARTESIAN_POINT('',(-1.7293860496645,2.,-5.79552803749976));
#2385=CARTESIAN_POINT('',(-1.7293860496645,2.,-5.79552803749976));
#2386=CARTESIAN_POINT('',(-1.55507456416919,2.,-3.80313864131627));
#2387=CARTESIAN_POINT('Origin',(0.0629709364908504,-0.902583423035522,-13.));
#2388=CARTESIAN_POINT('',(16.5772203549922,0.249573513138994,0.13393684766732));
#2389=CARTESIAN_POINT('',(13.501228111249,0.0349694031103967,-8.31728238443495));
#2390=CARTESIAN_POINT('',(15.9524047474676,0.205981726567506,0.361351130711249));
#2391=CARTESIAN_POINT('',(0.118828389163171,-0.898686391453732,10.4949548389093));
#2392=CARTESIAN_POINT('Ctrl Pts',(2.41498553450543,-0.738489381313576,5.0000000000247));
#2393=CARTESIAN_POINT('Ctrl Pts',(0.756649818416089,-0.854187221970972,
9.36482601298691));
#2394=CARTESIAN_POINT('Ctrl Pts',(0.118828389152652,-0.898686391454468,
10.494954838928));
#2395=CARTESIAN_POINT('',(0.118828389104424,-0.8986863914689,-1.36571549976529));
#2396=CARTESIAN_POINT('',(0.118828389163171,-0.898686391453732,-1.365715498781));
#2397=CARTESIAN_POINT('',(-0.124600954686825,-0.915669833670686,-3.92828886562566));
#2398=CARTESIAN_POINT('Origin',(-7981.42980769666,-558.757512028682,759.238594264209));
#2399=CARTESIAN_POINT('',(-0.124600953850265,-0.915669833989553,-3.92828886569217));
#2400=CARTESIAN_POINT('Origin',(-0.75,-1.04104542167992,5.));
#2401=CARTESIAN_POINT('',(-0.55,-0.816239565597997,7.68491619531352));
#2402=CARTESIAN_POINT('',(-0.55,-0.816239565597998,19.5));
#2403=CARTESIAN_POINT('',(-0.55,-0.816239565597998,19.5));
#2404=CARTESIAN_POINT('',(-0.42529431790098,-0.676066727485247,19.8303848891085));
#2405=CARTESIAN_POINT('Origin',(-0.05,-0.254224925393189,19.5));
#2406=CARTESIAN_POINT('',(-0.487631032880411,-0.699449708870973,7.64413435487953));
#2407=CARTESIAN_POINT('',(-0.42529431790098,-0.676066727485247,19.8303848891085));
#2408=CARTESIAN_POINT('Ctrl Pts',(-0.550000000000012,-0.816239565598012,
7.68491619531341));
#2409=CARTESIAN_POINT('Ctrl Pts',(-0.532029455948653,-0.796040147899393,
7.67714008433369));
#2410=CARTESIAN_POINT('Ctrl Pts',(-0.514164020830696,-0.775958875719553,
7.66883712743037));
#2411=CARTESIAN_POINT('Ctrl Pts',(-0.496404114450039,-0.75599622093036,
7.6600333529566));
#2412=CARTESIAN_POINT('Ctrl Pts',(-0.485816725986404,-0.744095686294163,
7.65478507189574));
#2413=CARTESIAN_POINT('Ctrl Pts',(-0.475269282684421,-0.732240051189274,
7.64936001993093));
#2414=CARTESIAN_POINT('Ctrl Pts',(-0.464761828204512,-0.720429364691284,
7.64376395884432));
#2415=CARTESIAN_POINT('Ctrl Pts',(-0.550000000000043,-0.816958069679179,
7.68491619531342));
#2416=CARTESIAN_POINT('Ctrl Pts',(-0.550000000000043,-0.671532843648399,
7.68491619531342));
#2417=CARTESIAN_POINT('Ctrl Pts',(-0.513485984667778,-0.816958069679179,
7.66911605956198));
#2418=CARTESIAN_POINT('Ctrl Pts',(-0.513485984667778,-0.671532843648399,
7.66911605956198));
#2419=CARTESIAN_POINT('Ctrl Pts',(-0.477754198671937,-0.816958069679179,
7.65129151813056));
#2420=CARTESIAN_POINT('Ctrl Pts',(-0.477754198671937,-0.671532843648399,
7.65129151813056));
#2421=CARTESIAN_POINT('Ctrl Pts',(-0.442838197613908,-0.816958069679179,
7.63180926415029));
#2422=CARTESIAN_POINT('Ctrl Pts',(-0.442838197613908,-0.671532843648399,
7.63180926415029));
#2423=CARTESIAN_POINT('',(-0.55,-0.802841614740042,7.68491619531352));
#2424=CARTESIAN_POINT('Ctrl Pts',(-0.467769707391402,-0.717476739535998,
7.64536064135767));
#2425=CARTESIAN_POINT('Ctrl Pts',(-0.481365440218643,-0.731647675139705,
7.65255395558773));
#2426=CARTESIAN_POINT('Ctrl Pts',(-0.495045273200153,-0.745878189516088,
7.65946959040902));
#2427=CARTESIAN_POINT('Ctrl Pts',(-0.508808570316394,-0.76016632479657,
7.66609235153553));
#2428=CARTESIAN_POINT('Ctrl Pts',(-0.522459149031108,-0.774337443365431,
7.67266087369288));
#2429=CARTESIAN_POINT('Ctrl Pts',(-0.536189861518752,-0.788563198874826,
7.67894035122273));
#2430=CARTESIAN_POINT('Ctrl Pts',(-0.550000000000031,-0.802841614740056,
7.68491619531342));
#2431=CARTESIAN_POINT('',(-0.55,-0.816239565597995,7.68491619531352));
#2432=CARTESIAN_POINT('Origin',(-1.21305797849794,-17.8665392058429,0.106128821318236));
#2433=CARTESIAN_POINT('',(-1.7293860496645,0.722841614740049,-5.79552803749976));
#2434=CARTESIAN_POINT('',(-1.7293860496645,0.722841614740049,-5.79552803749976));
#2435=CARTESIAN_POINT('',(-0.550000000000001,0.722841614740048,7.68491619531351));
#2436=CARTESIAN_POINT('',(-1.7293860496645,0.722841614740048,-5.79552803749976));
#2437=CARTESIAN_POINT('',(-0.55,2.,7.68491619531352));
#2438=CARTESIAN_POINT('Origin',(-0.55,0.,0.));
#2439=CARTESIAN_POINT('',(-0.55,0.722841614740048,19.5));
#2440=CARTESIAN_POINT('',(-0.55,0.722841614740048,19.5));
#2441=CARTESIAN_POINT('',(-0.55,1.23389626792531,19.5));
#2442=CARTESIAN_POINT('',(-0.55,1.23389626792531,19.5));
#2443=CARTESIAN_POINT('',(-0.55,1.23389626792531,10.4949548389093));
#2444=CARTESIAN_POINT('',(-0.55,1.23389626792531,19.5));
#2445=CARTESIAN_POINT('Ctrl Pts',(-0.55,1.23389626792529,10.4949548389094));
#2446=CARTESIAN_POINT('Ctrl Pts',(-0.55,1.52530591377371,9.70462806908496));
#2447=CARTESIAN_POINT('Ctrl Pts',(-0.55,1.99204048752115,8.42869996654742));
#2448=CARTESIAN_POINT('Origin',(-0.75,-1.91794902440325E-16,10.4949548389093));
#2449=CARTESIAN_POINT('Origin',(-0.75,-1.91794902440325E-16,10.4949548389093));
#2450=CARTESIAN_POINT('Origin',(-0.55,0.,0.));
#2451=CARTESIAN_POINT('',(-0.55,-1.22389626792531,7.68491619531352));
#2452=CARTESIAN_POINT('',(-0.55,-1.22389626792531,7.68491619531352));
#2453=CARTESIAN_POINT('',(-0.55,-1.09745857108495,19.5));
#2454=CARTESIAN_POINT('',(-0.55,-1.09745857108495,19.5));
#2455=CARTESIAN_POINT('',(-0.55,-0.816239565597998,19.5));
#2456=CARTESIAN_POINT('Origin',(-0.75,-1.91794902440325E-16,5.));
#2457=CARTESIAN_POINT('',(-0.05,0.269258240356726,20.));
#2458=CARTESIAN_POINT('',(-0.05,-0.269258240356726,20.));
#2459=CARTESIAN_POINT('Origin',(-0.75,-1.91794902440325E-16,20.));
#2460=CARTESIAN_POINT('Ctrl Pts',(-0.0500000000000001,0.269258240356726,
20.));
#2461=CARTESIAN_POINT('Ctrl Pts',(-0.0806553285223206,0.348953962713058,
20.));
#2462=CARTESIAN_POINT('Ctrl Pts',(-0.125455735613767,0.422730405824515,
19.9970724346536));
#2463=CARTESIAN_POINT('Ctrl Pts',(-0.225149089928824,0.541065597484281,
19.9710197842951));
#2464=CARTESIAN_POINT('Ctrl Pts',(-0.292100278261867,0.597550473366908,
19.9427711646605));
#2465=CARTESIAN_POINT('Ctrl Pts',(-0.37500689627517,0.650370859234543,19.8815518756734));
#2466=CARTESIAN_POINT('Ctrl Pts',(-0.402655053288708,0.665290107550339,
19.8565167770628));
#2467=CARTESIAN_POINT('Ctrl Pts',(-0.452814057363343,0.689176623892358,
19.7986674983673));
#2468=CARTESIAN_POINT('Ctrl Pts',(-0.475327625315781,0.698167086135408,
19.7658652575533));
#2469=CARTESIAN_POINT('Ctrl Pts',(-0.530440908085234,0.718207594375163,
19.6597772695648));
#2470=CARTESIAN_POINT('Ctrl Pts',(-0.55,0.722841614740048,19.5782177389679));
#2471=CARTESIAN_POINT('Ctrl Pts',(-0.55,0.722841614740048,19.5));
#2472=CARTESIAN_POINT('',(-0.532680190962807,-0.717824561156858,6.90742122467733));
#2473=CARTESIAN_POINT('Ctrl Pts',(-0.550000000000001,0.722841614740048,
7.68491619531354));
#2474=CARTESIAN_POINT('Ctrl Pts',(-0.550000000000001,0.722841614740048,
7.35118232592656));
#2475=CARTESIAN_POINT('Ctrl Pts',(-0.546291987131673,0.722568991637996,
6.99348866502303));
#2476=CARTESIAN_POINT('Ctrl Pts',(-0.498985461249136,0.706942441611123,
6.5032719368339));
#2477=CARTESIAN_POINT('Ctrl Pts',(-0.476346131904666,0.699740167937668,
6.34929933395275));
#2478=CARTESIAN_POINT('Ctrl Pts',(-0.415226135868751,0.671510210617856,
6.13909710145945));
#2479=CARTESIAN_POINT('Ctrl Pts',(-0.390228625883704,0.659167495204292,
6.07277137642022));
#2480=CARTESIAN_POINT('Ctrl Pts',(-0.32559514619142,0.619530140502292,5.94934800107787));
#2481=CARTESIAN_POINT('Ctrl Pts',(-0.285608753166939,0.592699384024622,
5.8922855693617));
#2482=CARTESIAN_POINT('Ctrl Pts',(-0.206392985750881,0.518406627289715,
5.81074864842483));
#2483=CARTESIAN_POINT('Ctrl Pts',(-0.172768812032768,0.481683953730234,
5.78275311206732));
#2484=CARTESIAN_POINT('Ctrl Pts',(-0.111703920933631,0.39723211911059,5.73876216601263));
#2485=CARTESIAN_POINT('Ctrl Pts',(-0.084463725582143,0.349526448295621,
5.72244413450246));
#2486=CARTESIAN_POINT('Ctrl Pts',(-0.0365465408324699,0.240949183685911,
5.69539472974035));
#2487=CARTESIAN_POINT('Ctrl Pts',(-0.0143233685427811,0.161470533952146,
5.6846485544928));
#2488=CARTESIAN_POINT('Ctrl Pts',(-0.00350835901875489,0.074709711301637,
5.67943750690458));
#2489=CARTESIAN_POINT('Ctrl Pts',(-0.00164769231038538,0.0529258949799539,
5.67855100936749));
#2490=CARTESIAN_POINT('Ctrl Pts',(-0.000301577664442439,0.0238754448346506,
5.67791062716741));
#2491=CARTESIAN_POINT('Ctrl Pts',(1.3343981883882E-16,0.0108544193537268,
5.67776755226786));
#2492=CARTESIAN_POINT('Ctrl Pts',(1.44115937317469E-16,-0.0108544193537264,
5.67776755226786));
#2493=CARTESIAN_POINT('Ctrl Pts',(-0.000301577664442311,-0.0238754448346502,
5.67791062716741));
#2494=CARTESIAN_POINT('Ctrl Pts',(-0.00164769231038523,-0.0529258949799538,
5.67855100936749));
#2495=CARTESIAN_POINT('Ctrl Pts',(-0.00350835901875487,-0.0747097113016371,
5.67943750690458));
#2496=CARTESIAN_POINT('Ctrl Pts',(-0.014323368542781,-0.161470533952146,
5.6846485544928));
#2497=CARTESIAN_POINT('Ctrl Pts',(-0.0365465408324696,-0.240949183685911,
5.69539472974035));
#2498=CARTESIAN_POINT('Ctrl Pts',(-0.0844637255821424,-0.34952644829562,
5.72244413450246));
#2499=CARTESIAN_POINT('Ctrl Pts',(-0.111703920933631,-0.39723211911059,
5.73876216601263));
#2500=CARTESIAN_POINT('Ctrl Pts',(-0.172768812032768,-0.481683953730234,
5.78275311206732));
#2501=CARTESIAN_POINT('Ctrl Pts',(-0.20639298575088,-0.518406627289715,
5.81074864842484));
#2502=CARTESIAN_POINT('Ctrl Pts',(-0.285608753166938,-0.592699384024621,
5.89228556936171));
#2503=CARTESIAN_POINT('Ctrl Pts',(-0.325595146191421,-0.619530140502293,
5.94934800107788));
#2504=CARTESIAN_POINT('Ctrl Pts',(-0.390228625883705,-0.659167495204293,
6.07277137642023));
#2505=CARTESIAN_POINT('Ctrl Pts',(-0.415226135868751,-0.671510210617856,
6.13909710145946));
#2506=CARTESIAN_POINT('Ctrl Pts',(-0.476346131904665,-0.699740167937668,
6.34929933395276));
#2507=CARTESIAN_POINT('Ctrl Pts',(-0.498985461249134,-0.706942441611122,
6.50327193683391));
#2508=CARTESIAN_POINT('Ctrl Pts',(-0.522349336599757,-0.714660124534926,
6.74538150456331));
#2509=CARTESIAN_POINT('Ctrl Pts',(-0.528125163599406,-0.716445536628668,
6.82589102776786));
#2510=CARTESIAN_POINT('Ctrl Pts',(-0.532680190962797,-0.717824561156857,
6.90742122467733));
#2511=CARTESIAN_POINT('Ctrl Pts',(-0.532680190962807,-0.717824561156858,
6.90742122467733));
#2512=CARTESIAN_POINT('Ctrl Pts',(-0.517025351288955,-0.71851182674224,
7.15293641062181));
#2513=CARTESIAN_POINT('Ctrl Pts',(-0.501378813910287,-0.719128725499256,
7.398452322923));
#2514=CARTESIAN_POINT('Ctrl Pts',(-0.48573887660686,-0.719675076032956,
7.64396881265596));
#2515=CARTESIAN_POINT('Ctrl Pts',(-0.425294317900981,-0.676066727485247,
19.8303848891085));
#2516=CARTESIAN_POINT('Ctrl Pts',(-0.400865707258534,-0.664333997032896,
19.8581340963833));
#2517=CARTESIAN_POINT('Ctrl Pts',(-0.374101894666348,-0.649794276383447,
19.8822201402384));
#2518=CARTESIAN_POINT('Ctrl Pts',(-0.292100278261866,-0.597550473366908,
19.9427711646605));
#2519=CARTESIAN_POINT('Ctrl Pts',(-0.225149089928824,-0.541065597484281,
19.9710197842951));
#2520=CARTESIAN_POINT('Ctrl Pts',(-0.125455735613767,-0.422730405824515,
19.9970724346536));
#2521=CARTESIAN_POINT('Ctrl Pts',(-0.0806553285223205,-0.348953962713059,
20.));
#2522=CARTESIAN_POINT('Ctrl Pts',(-0.05,-0.269258240356726,20.));
#2523=CARTESIAN_POINT('Origin',(-0.75,-1.91794902440325E-16,20.));
#2524=CARTESIAN_POINT('',(-0.05,-1.0356157588604,20.));
#2525=CARTESIAN_POINT('',(-0.221217915332828,-1.13264712374819,19.9697706094139));
#2526=CARTESIAN_POINT('Ctrl Pts',(-0.0500000000000001,-1.0356157588604,
20.));
#2527=CARTESIAN_POINT('Ctrl Pts',(-0.0718738547071996,-1.05040087405784,
20.));
#2528=CARTESIAN_POINT('Ctrl Pts',(-0.0940570640953117,-1.06438642970051,
19.9985672057514));
#2529=CARTESIAN_POINT('Ctrl Pts',(-0.11644616302744,-1.07755067175471,19.9955652403256));
#2530=CARTESIAN_POINT('Ctrl Pts',(-0.137482998209468,-1.08991981582924,
19.9927445885398));
#2531=CARTESIAN_POINT('Ctrl Pts',(-0.158702166395632,-1.10156386210587,
19.9885379473946));
#2532=CARTESIAN_POINT('Ctrl Pts',(-0.179978420658151,-1.11246476499135,
19.9828101181243));
#2533=CARTESIAN_POINT('Ctrl Pts',(-0.193716919833958,-1.11950369409324,
19.9791115452112));
#2534=CARTESIAN_POINT('Ctrl Pts',(-0.207478411898136,-1.1262327665171,19.9747782644026));
#2535=CARTESIAN_POINT('Ctrl Pts',(-0.221217915332819,-1.13264712374819,
19.9697706094139));
#2536=CARTESIAN_POINT('',(-0.539159911639174,-1.2320902796224,7.04312221157127));
#2537=CARTESIAN_POINT('Origin',(-0.75,-1.91794902440325E-16,119.766988475453));
#2538=CARTESIAN_POINT('',(0.0164556615247506,-0.987444033308551,5.67011599431003));
#2539=CARTESIAN_POINT('Ctrl Pts',(-0.539159911639094,-1.23209027962238,
7.04312221157127));
#2540=CARTESIAN_POINT('Ctrl Pts',(-0.533203708815944,-1.2310710309924,6.89529138254904));
#2541=CARTESIAN_POINT('Ctrl Pts',(-0.524211221088019,-1.22953808461108,
6.74929102166192));
#2542=CARTESIAN_POINT('Ctrl Pts',(-0.490067396006604,-1.22282550411909,
6.43826340671442));
#2543=CARTESIAN_POINT('Ctrl Pts',(-0.462884436622723,-1.21776045251861,
6.27771891539502));
#2544=CARTESIAN_POINT('Ctrl Pts',(-0.385496954965241,-1.19597411644301,
6.06207749804649));
#2545=CARTESIAN_POINT('Ctrl Pts',(-0.353297984587975,-1.18623934974832,
5.99455057193864));
#2546=CARTESIAN_POINT('Ctrl Pts',(-0.268795165436434,-1.15454674957087,
5.87123533344565));
#2547=CARTESIAN_POINT('Ctrl Pts',(-0.216205069977047,-1.1327080748483,5.81561280029309));
#2548=CARTESIAN_POINT('Ctrl Pts',(-0.0996095453569605,-1.06909362766653,
5.72898256492284));
#2549=CARTESIAN_POINT('Ctrl Pts',(-0.0403384228812837,-1.03152769381563,
5.69598217544752));
#2550=CARTESIAN_POINT('Ctrl Pts',(0.0164556615247475,-0.987444033308553,
5.67011599431002));
#2551=CARTESIAN_POINT('',(0.0678114550353415,-0.945348837209302,6.25711540018594));
#2552=CARTESIAN_POINT('Origin',(-0.75,-1.91794902440325E-16,-3.09051230466602));
#2553=CARTESIAN_POINT('Origin',(-0.75,-1.91794902440325E-16,-169.337521009544));
#2554=CARTESIAN_POINT('',(-0.05,1.0356157588604,20.));
#2555=CARTESIAN_POINT('Ctrl Pts',(-0.55,1.23389626792531,19.5));
#2556=CARTESIAN_POINT('Ctrl Pts',(-0.55,1.23389626792531,19.562379682821));
#2557=CARTESIAN_POINT('Ctrl Pts',(-0.537587373014794,1.23208459295895,19.6288864212879));
#2558=CARTESIAN_POINT('Ctrl Pts',(-0.487464964763771,1.22238576093629,19.7509532453749));
#2559=CARTESIAN_POINT('Ctrl Pts',(-0.44975575800601,1.2142232011354,19.8064915284304));
#2560=CARTESIAN_POINT('Ctrl Pts',(-0.359156199541521,1.18836364144826,19.8988404988604));
#2561=CARTESIAN_POINT('Ctrl Pts',(-0.29902997835464,1.16785806482842,19.9388414269304));
#2562=CARTESIAN_POINT('Ctrl Pts',(-0.173160074861825,1.1110905333837,19.9893151139003));
#2563=CARTESIAN_POINT('Ctrl Pts',(-0.107621309000734,1.07456352105446,20.));
#2564=CARTESIAN_POINT('Ctrl Pts',(-0.0500000000000002,1.0356157588604,20.));
#2565=CARTESIAN_POINT('Origin',(-0.75,-1.91794902440325E-16,20.));
#2566=CARTESIAN_POINT('Origin',(0.,0.,20.));
#2567=CARTESIAN_POINT('',(-0.05,1.0356157588604,20.));
#2568=CARTESIAN_POINT('',(-0.05,-0.269258240356726,20.));
#2569=CARTESIAN_POINT('Origin',(-1.21305797849794,-17.8665392058429,0.106128821318236));
#2570=CARTESIAN_POINT('',(-1.7293860496645,-1.2238962679253,-5.79552803749976));
#2571=CARTESIAN_POINT('',(-1.7293860496645,-0.802841614740035,-5.79552803749976));
#2572=CARTESIAN_POINT('',(-1.7293860496645,-1.2238962679253,-5.79552803749976));
#2573=CARTESIAN_POINT('',(-1.7293860496645,-1.2238962679253,-5.79552803749976));
#2574=CARTESIAN_POINT('',(-0.55,-0.802841614740044,7.68491619531352));
#2575=CARTESIAN_POINT('Origin',(-2.42663199164571,0.,-13.7650856222337));
#2576=CARTESIAN_POINT('',(-1.64469251163755,-0.717824561156858,-5.80293776195102));
#2577=CARTESIAN_POINT('',(-1.64469251163755,-0.717824561156858,-5.80293776195102));
#2578=CARTESIAN_POINT('Origin',(-1.7293860496645,0.,-5.79552803749976));
#2579=CARTESIAN_POINT('Origin',(-2.34193845361876,-0.717824561156857,-13.772495346685));
#2580=CARTESIAN_POINT('',(-1.7293860496645,-0.802841614740036,-5.79552803749976));
#2581=CARTESIAN_POINT('Origin',(-0.05,0.,19.5));
#2582=CARTESIAN_POINT('Origin',(-0.05,0.,19.5));
#2583=CARTESIAN_POINT('Origin',(-0.05,-1.15861723537444,19.5));
#2584=CARTESIAN_POINT('Origin',(-0.45124060825604,-0.932920301717354,-5.90735127396033));
#2585=CARTESIAN_POINT('',(-0.132832214442901,-0.922790078618336,-3.92756872370378));
#2586=CARTESIAN_POINT('',(12.1251133647408,-0.0610386024599426,-5.));
#2587=CARTESIAN_POINT('',(-0.307143699938205,-0.922790078618336,-5.91995811988727));
#2588=CARTESIAN_POINT('',(-0.132832214088181,-0.922790078593398,-3.92756872373481));
#2589=CARTESIAN_POINT('',(11.9508018792455,-0.0610386024599427,-6.99238939618349));
#2590=CARTESIAN_POINT('Origin',(-0.516328071166553,8.1688827145472E-17,
-5.901656858818));
#2591=CARTESIAN_POINT('',(-0.279825312974136,-0.898686391430122,-5.92234816905244));
#2592=CARTESIAN_POINT('Origin',(-1.20535165114962,-8.30366027568086E-17,
-5.84137510666743));
#2593=CARTESIAN_POINT('',(-0.992300063664911,-0.945348837209302,-5.86001470531855));
#2594=CARTESIAN_POINT('',(-0.992300063664911,-0.945348837209302,-5.86001470531855));
#2595=CARTESIAN_POINT('',(-0.992300063664911,-0.987444033308551,-5.86001470531855));
#2596=CARTESIAN_POINT('',(-0.992300063664911,-0.987444033308551,-5.86001470531855));
#2597=CARTESIAN_POINT('',(-1.66290512609632,-1.23209027962239,-5.80134436465271));
#2598=CARTESIAN_POINT('Origin',(-1.72938604966449,-1.66533453693773E-16,
-5.79552803749977));
#2599=CARTESIAN_POINT('',(-1.7293860496645,-1.2238962679253,-5.79552803749976));
#2600=CARTESIAN_POINT('Origin',(-0.342016585671249,8.1688827145472E-17,
-3.90926746263451));
#2601=CARTESIAN_POINT('Origin',(-1.03104016565432,-1.24669966180252E-16,
-3.84898571048394));
#2602=CARTESIAN_POINT('Origin',(-0.216060968336146,-5.27983032932499E-16,
11.501856793165));
#2603=CARTESIAN_POINT('',(-0.539159911639173,-1.23209027962239,7.04312221157127));
#2604=CARTESIAN_POINT('',(0.0164556615247511,-0.987444033308551,5.67011599431004));
#2605=CARTESIAN_POINT('Origin',(1.38196104344347,-0.945348837209303,21.2779139293441));
#2606=CARTESIAN_POINT('',(0.0678114550353415,-0.945348837209302,6.25711540018594));
#2607=CARTESIAN_POINT('',(0.118828389163199,-0.898686391453732,-1.36571549878099));
#2608=CARTESIAN_POINT('Origin',(1.38196104344347,-0.987444033308551,21.2779139293441));
#2609=CARTESIAN_POINT('Origin',(-0.7502377054818,0.0689193245677036,-1.26213300554552));
#2610=CARTESIAN_POINT('Origin',(-0.149580044767979,-1.23209027962239,11.496040466012));
#2611=CARTESIAN_POINT('Origin',(13.7581424926345,3.,1.15999727764431));
#2612=CARTESIAN_POINT('',(16.5772203549922,18.,0.13393684766732));
#2613=CARTESIAN_POINT('',(16.5772203549922,3.,0.13393684766732));
#2614=CARTESIAN_POINT('',(13.7581424926345,18.,1.15999727764431));
#2615=CARTESIAN_POINT('Origin',(16.5772203549922,3.,0.13393684766732));
#2616=CARTESIAN_POINT('',(16.5772203549922,18.,0.13393684766732));
#2617=CARTESIAN_POINT('Origin',(13.1090282569391,18.,-5.00913602782007));
#2618=CARTESIAN_POINT('Origin',(-50.3040659226786,14.,17.0057606871264));
#2619=CARTESIAN_POINT('',(-13.8872015305696,14.,5.50699934767551));
#2620=CARTESIAN_POINT('Origin',(-14.4515347670569,14.,3.95650652337876));
#2621=CARTESIAN_POINT('',(-16.7083706984968,14.,6.53382095063053));
#2622=CARTESIAN_POINT('',(-49.7397326861913,14.,18.5562535114231));
#2623=CARTESIAN_POINT('Origin',(-17.2727039349841,14.,4.98332812633378));
#2624=CARTESIAN_POINT('Origin',(-50.3040659226786,7.,17.0057606871264));
#2625=CARTESIAN_POINT('',(-13.8872015305696,7.,5.50699934767551));
#2626=CARTESIAN_POINT('Origin',(-14.4515347670569,7.,3.95650652337876));
#2627=CARTESIAN_POINT('',(-16.7083706984968,7.,6.53382095063053));
#2628=CARTESIAN_POINT('',(-49.7397326861913,7.,18.5562535114231));
#2629=CARTESIAN_POINT('Origin',(-17.2727039349841,7.,4.98332812633378));
#2630=CARTESIAN_POINT('Origin',(-12.0504101374605,3.,10.5535422244914));
#2631=CARTESIAN_POINT('',(-16.167716471209,3.,-0.758663956460356));
#2632=CARTESIAN_POINT('',(-12.0504101374605,3.,10.5535422244914));
#2633=CARTESIAN_POINT('',(-13.0797367208976,3.,7.72549067925348));
#2634=CARTESIAN_POINT('',(-16.167716471209,18.,-0.758663956460355));
#2635=CARTESIAN_POINT('',(-16.167716471209,3.,-0.758663956460328));
#2636=CARTESIAN_POINT('',(-12.0504101374605,18.,10.5535422244914));
#2637=CARTESIAN_POINT('',(-12.0504101374605,18.,10.5535422244914));
#2638=CARTESIAN_POINT('',(-12.0504101374605,3.,10.5535422244914));
#2639=CARTESIAN_POINT('Origin',(-18.9888856391362,3.,0.268157646494707));
#2640=CARTESIAN_POINT('',(-9.78018702721143,3.,-3.08353454457435));
#2641=CARTESIAN_POINT('',(-18.2835933471544,3.,0.0114522457559485));
#2642=CARTESIAN_POINT('',(-9.78018702721143,18.,-3.08353454457435));
#2643=CARTESIAN_POINT('',(-9.78018702721143,3.,-3.08353454457435));
#2644=CARTESIAN_POINT('',(-18.9888856391362,18.,0.268157646494707));
#2645=CARTESIAN_POINT('Origin',(-5.54670182983231,3.,-3.45391650654979));
#2646=CARTESIAN_POINT('',(-5.72101331532761,6.37672415730603,-5.44630590273329));
#2647=CARTESIAN_POINT('',(-5.54670182983231,6.37672415730603,-3.45391650654979));
#2648=CARTESIAN_POINT('',(-5.72101331532761,6.37672415730603,-5.44630590273329));
#2649=CARTESIAN_POINT('',(-5.72101331532761,18.,-5.44630590273329));
#2650=CARTESIAN_POINT('',(-5.72101331532761,3.,-5.44630590273329));
#2651=CARTESIAN_POINT('',(-5.54670182983231,18.,-3.45391650654979));
#2652=CARTESIAN_POINT('',(-5.54670182983231,18.,-3.45391650654979));
#2653=CARTESIAN_POINT('',(-5.54670182983231,3.,-3.45391650654979));
#2654=CARTESIAN_POINT('Origin',(-12.2677937344843,18.,-2.58907412811929));
#2655=CARTESIAN_POINT('',(-18.226063639478,18.,-2.34461608746236));
#2656=CARTESIAN_POINT('',(-18.4003751249733,18.,-4.33700548364583));
#2657=CARTESIAN_POINT('',(-5.72101331532761,18.,-5.44630590273329));
#2658=CARTESIAN_POINT('',(-18.9888856391362,18.,0.268157646494707));
#2659=CARTESIAN_POINT('',(-18.4003751249733,18.,-4.33700548364583));
#2660=CARTESIAN_POINT('',(-14.8715793053877,18.,11.5803638274464));
#2661=CARTESIAN_POINT('',(-18.9888856391362,18.,0.268157646494704));
#2662=CARTESIAN_POINT('',(-14.8715793053877,18.,11.5803638274464));
#2663=CARTESIAN_POINT('Origin',(-18.9888856391362,3.,0.268157646494708));
#2664=CARTESIAN_POINT('',(-18.4003751249733,0.135460676207743,-4.33700548364583));
#2665=CARTESIAN_POINT('',(-18.9888856391362,0.231687274055508,0.268157646494707));
#2666=CARTESIAN_POINT('',(-18.7590428129526,0.194105968928226,-1.5303891651521));
#2667=CARTESIAN_POINT('',(-18.9888856391362,3.,0.268157646494707));
#2668=CARTESIAN_POINT('',(-18.4003751249733,3.,-4.33700548364583));
#2669=CARTESIAN_POINT('Origin',(-5.72101331532761,3.,-5.44630590273329));
#2670=CARTESIAN_POINT('',(-5.62086065268501,-0.742158566606426,-4.30155573046744));
#2671=CARTESIAN_POINT('',(-5.72101331532761,-0.742158566606426,-5.44630590273329));
#2672=CARTESIAN_POINT('',(-5.72101331532761,-0.742158566606426,-5.44630590273329));
#2673=CARTESIAN_POINT('',(-5.72101331532761,-0.749145961674514,-5.44630590273329));
#2674=CARTESIAN_POINT('',(-5.39061409905522,-0.726094853562486,-1.66982557994815));
#2675=CARTESIAN_POINT('',(-5.72101331532761,3.,-5.44630590273329));
#2676=CARTESIAN_POINT('Origin',(-5.72101331532761,3.,-5.44630590273329));
#2677=CARTESIAN_POINT('',(-5.54670182983231,2.49198234244906,-3.45391650654979));
#2678=CARTESIAN_POINT('',(-4.7459740174258,2.49198234244906,5.69844426953296));
#2679=CARTESIAN_POINT('',(-5.46284927974434,2.49198234244906,-2.49547747332429));
#2680=CARTESIAN_POINT('',(-5.54670182983231,3.,-3.45391650654979));
#2681=CARTESIAN_POINT('',(-5.54670182983231,9.,-3.45391650654979));
#2682=CARTESIAN_POINT('',(-4.7459740174258,3.,5.69844426953296));
#2683=CARTESIAN_POINT('',(-4.7459740174258,3.,5.69844426953296));
#2684=CARTESIAN_POINT('',(-4.7459740174258,3.,5.69844426953296));
#2685=CARTESIAN_POINT('Origin',(-4.7459740174258,3.,5.69844426953296));
#2686=CARTESIAN_POINT('',(-12.0504101374605,-0.120430831495397,10.5535422244914));
#2687=CARTESIAN_POINT('',(-4.7459740174258,-0.681119964146481,5.69844426953296));
#2688=CARTESIAN_POINT('',(-6.10342451870578,-0.576921949176938,6.60071174705187));
#2689=CARTESIAN_POINT('',(-4.7459740174258,9.,5.69844426953296));
#2690=CARTESIAN_POINT('',(-12.0504101374605,3.,10.5535422244914));
#2691=CARTESIAN_POINT('',(-12.0504101374605,3.,10.5535422244914));
#2692=CARTESIAN_POINT('Origin',(-5.72101331532761,18.,-5.44630590273329));
#2693=CARTESIAN_POINT('',(-5.54670182983231,-0.73698469524461,-3.45391650654979));
#2694=CARTESIAN_POINT('',(-5.38663953022963,-0.725817558063029,-1.62439605039081));
#2695=CARTESIAN_POINT('',(-5.54670182983231,-0.742158566606426,-3.45391650654979));
#2696=CARTESIAN_POINT('',(-5.72101331532761,-0.742158566606426,-5.44630590273329));
#2697=CARTESIAN_POINT('',(-5.54670182983231,9.,-3.45391650654979));
#2698=CARTESIAN_POINT('Origin',(-4.74555653313645,-0.902583423035522,-12.5793083581547));
#2699=CARTESIAN_POINT('',(-2.98554817365272,-0.915669833670686,-3.67798841702015));
#2700=CARTESIAN_POINT('',(-2.98554817448812,-0.915669833989553,-3.67798841694038));
#2701=CARTESIAN_POINT('',(-2.78029308360958,-0.8986863914689,-1.11207523671825));
#2702=CARTESIAN_POINT('Origin',(7989.5882370938,-558.757512028682,-638.04442962282));
#2703=CARTESIAN_POINT('',(-0.720709293448527,-0.898686391453732,10.5684048687407));
#2704=CARTESIAN_POINT('',(-2.78029308349652,-0.898686391453732,-1.11207523573871));
#2705=CARTESIAN_POINT('',(-3.93617154647076,-0.738489381312585,5.55565424484638));
#2706=CARTESIAN_POINT('Ctrl Pts',(-3.9361715464503,-0.738489381313576,5.55565424488069));
#2707=CARTESIAN_POINT('Ctrl Pts',(-1.54508559316441,-0.854187221970972,
9.56620176793636));
#2708=CARTESIAN_POINT('Ctrl Pts',(-0.720709293434932,-0.898686391454468,
10.5684048687572));
#2709=CARTESIAN_POINT('',(-3.93617154646856,-0.738489381312585,5.55565424485882));
#2710=CARTESIAN_POINT('',(-14.8715793053877,0.0858446314773381,11.5803638274464));
#2711=CARTESIAN_POINT('',(-12.8583057775583,-0.0613599154052205,10.8475921898804));
#2712=CARTESIAN_POINT('',(-15.9067288587979,0.12251155254063,8.73631380369344));
#2713=CARTESIAN_POINT('',(-15.5756696560672,-0.0616117983671025,-4.58413518997478));
#2714=CARTESIAN_POINT('Origin',(-2.76813254266713,8.1688827145472E-17,-3.69700981999803));
#2715=CARTESIAN_POINT('',(-2.97731691389548,-0.922790078618336,-3.67870855892875));
#2716=CARTESIAN_POINT('',(-15.2352624930792,-0.0610386024599426,-2.60627728263255));
#2717=CARTESIAN_POINT('Origin',(-2.07910896268406,-1.24669966180252E-16,
-3.75729157214859));
#2718=CARTESIAN_POINT('Origin',(-3.00753149107295,-0.932920301717354,-5.68370480103919));
#2719=CARTESIAN_POINT('',(-3.15162839939078,-0.922790078618336,-5.67109795511224));
#2720=CARTESIAN_POINT('',(-15.4095739785745,-0.0610386024599427,-4.59866667881604));
#2721=CARTESIAN_POINT('',(-2.9773169142502,-0.922790078593398,-3.67870855889772));
#2722=CARTESIAN_POINT('Origin',(-2.94244402816244,8.1688827145472E-17,-5.68939921618153));
#2723=CARTESIAN_POINT('',(-1.72938604966449,2.,-5.79552803749976));
#2724=CARTESIAN_POINT('',(-1.72938604966449,2.,-5.79552803749976));
#2725=CARTESIAN_POINT('',(-1.72938604966449,0.722841614740049,-5.79552803749976));
#2726=CARTESIAN_POINT('',(-1.72938604966449,0.722841614740049,-5.79552803749976));
#2727=CARTESIAN_POINT('',(-1.81407958769144,-0.717824561156858,-5.7881183130485));
#2728=CARTESIAN_POINT('Origin',(-1.72938604966449,0.,-5.79552803749976));
#2729=CARTESIAN_POINT('',(-1.72938604966449,-0.802841614740035,-5.79552803749976));
#2730=CARTESIAN_POINT('',(-1.72938604966449,-0.802841614740036,-5.79552803749976));
#2731=CARTESIAN_POINT('',(-1.72938604966449,-1.2238962679253,-5.79552803749976));
#2732=CARTESIAN_POINT('',(-1.72938604966449,-1.2238962679253,-5.79552803749976));
#2733=CARTESIAN_POINT('',(-1.79586697323267,-1.23209027962239,-5.78971171034682));
#2734=CARTESIAN_POINT('',(-1.72938604966449,-1.2238962679253,-5.79552803749976));
#2735=CARTESIAN_POINT('',(-2.46647203566408,-0.987444033308551,-5.73104136968098));
#2736=CARTESIAN_POINT('Origin',(-1.7293860496645,-1.66533453693773E-16,
-5.79552803749977));
#2737=CARTESIAN_POINT('',(-2.46647203566408,-0.945348837209302,-5.73104136968097));
#2738=CARTESIAN_POINT('',(-2.46647203566408,-0.987444033308551,-5.73104136968097));
#2739=CARTESIAN_POINT('',(-3.17894678635485,-0.898686391430122,-5.66870790594708));
#2740=CARTESIAN_POINT('',(-2.46647203566408,-0.945348837209302,-5.73104136968097));
#2741=CARTESIAN_POINT('Origin',(-2.25342044817937,-8.30366027568086E-17,
-5.74968096833208));
#2742=CARTESIAN_POINT('Origin',(-1.21305797849794,2.,0.106128821318236));
#2743=CARTESIAN_POINT('',(-3.09357534538674,2.28674737075729,5.40708180076566));
#2744=CARTESIAN_POINT('',(-8.8361526833223,3.,6.41965312424861));
#2745=CARTESIAN_POINT('',(-0.420843303547006,1.99204048752115,8.41740021978933));
#2746=CARTESIAN_POINT('Ctrl Pts',(-3.09357534538676,2.28674737075729,5.40708180076563));
#2747=CARTESIAN_POINT('Ctrl Pts',(-1.29551375352703,2.0952278603514,8.06230768601189));
#2748=CARTESIAN_POINT('Ctrl Pts',(-0.420843303544789,1.99204048752089,8.41740021979023));
#2749=CARTESIAN_POINT('',(-0.55,2.,7.68491619531352));
#2750=CARTESIAN_POINT('',(-0.420843303547006,1.99204048752115,8.41740021978933));
#2751=CARTESIAN_POINT('',(-1.55507456416919,2.,-3.80313864131627));
#2752=CARTESIAN_POINT('',(-0.55,2.,7.68491619531352));
#2753=CARTESIAN_POINT('',(-9.66842929513987,3.,-3.09331207919197));
#2754=CARTESIAN_POINT('Origin',(-0.819269253902144,-1.04104542167992,5.00606027444734));
#2755=CARTESIAN_POINT('',(-0.55,-0.816239565597997,7.68491619531352));
#2756=CARTESIAN_POINT('',(1.50166777166572,-0.816239565597998,19.3205023286578));
#2757=CARTESIAN_POINT('',(1.50166777166572,-0.816239565597998,19.3205023286578));
#2758=CARTESIAN_POINT('',(-0.618503134640001,-0.699449708870973,7.6555841801553));
#2759=CARTESIAN_POINT('Ctrl Pts',(-0.550000000000007,-0.816239565598012,
7.68491619531341));
#2760=CARTESIAN_POINT('Ctrl Pts',(-0.569047838608597,-0.796040147899393,
7.6803787731585));
#2761=CARTESIAN_POINT('Ctrl Pts',(-0.588083650959205,-0.775958875719553,
7.67530425707865));
#2762=CARTESIAN_POINT('Ctrl Pts',(-0.60710250384961,-0.75599622093036,7.66971820709964));
#2763=CARTESIAN_POINT('Ctrl Pts',(-0.61844040053485,-0.744095686294163,
7.66638813993389));
#2764=CARTESIAN_POINT('Ctrl Pts',(-0.629769654860538,-0.732240051189274,
7.66287705100688));
#2765=CARTESIAN_POINT('Ctrl Pts',(-0.641089223306577,-0.720429364691284,
7.65919060698481));
#2766=CARTESIAN_POINT('',(1.4362273830123,-0.676066727485247,19.6675228433711));
#2767=CARTESIAN_POINT('',(1.4362273830123,-0.676066727485247,19.6675228433711));
#2768=CARTESIAN_POINT('Origin',(1.00926389515961,-0.254224925393189,19.4073264174912));
#2769=CARTESIAN_POINT('Ctrl Pts',(-0.549999999999975,-0.816958069679179,
7.68491619531342));
#2770=CARTESIAN_POINT('Ctrl Pts',(-0.549999999999975,-0.671532843648399,
7.68491619531342));
#2771=CARTESIAN_POINT('Ctrl Pts',(-0.588702950172924,-0.816958069679179,
7.6756966913485));
#2772=CARTESIAN_POINT('Ctrl Pts',(-0.588702950172924,-0.671532843648399,
7.6756966913485));
#2773=CARTESIAN_POINT('Ctrl Pts',(-0.626987089187915,-0.816958069679179,
7.66434770427592));
#2774=CARTESIAN_POINT('Ctrl Pts',(-0.626987089187915,-0.671532843648399,
7.66434770427592));
#2775=CARTESIAN_POINT('Ctrl Pts',(-0.664755695634562,-0.816958069679179,
7.65122452946513));
#2776=CARTESIAN_POINT('Ctrl Pts',(-0.664755695634562,-0.671532843648399,
7.65122452946513));
#2777=CARTESIAN_POINT('',(-0.55,-0.802841614740042,7.68491619531352));
#2778=CARTESIAN_POINT('',(-0.55,-0.816239565597995,7.68491619531352));
#2779=CARTESIAN_POINT('Ctrl Pts',(-0.637849779554449,-0.717476739535998,
7.66024071956361));
#2780=CARTESIAN_POINT('Ctrl Pts',(-0.623211490550864,-0.731647675139705,
7.66496387695773));
#2781=CARTESIAN_POINT('Ctrl Pts',(-0.608538597586633,-0.745878189516088,
7.66939896967871));
#2782=CARTESIAN_POINT('Ctrl Pts',(-0.593834365478807,-0.76016632479657,
7.67353114471952));
#2783=CARTESIAN_POINT('Ctrl Pts',(-0.579250557824864,-0.774337443365431,
7.677629478148));
#2784=CARTESIAN_POINT('Ctrl Pts',(-0.564638025882891,-0.788563198874826,
7.68142924310272));
#2785=CARTESIAN_POINT('Ctrl Pts',(-0.549999999999987,-0.802841614740056,
7.68491619531341));
#2786=CARTESIAN_POINT('Origin',(-1.21305797849794,-17.8665392058429,0.106128821318236));
#2787=CARTESIAN_POINT('',(-1.55507456416919,2.,-3.80313864131627));
#2788=CARTESIAN_POINT('',(-0.550000000000001,0.722841614740048,7.68491619531351));
#2789=CARTESIAN_POINT('',(-0.55,2.,7.68491619531352));
#2790=CARTESIAN_POINT('',(-1.72938604966449,0.722841614740048,-5.79552803749976));
#2791=CARTESIAN_POINT('Origin',(-1.5578750686613,0.,5.13629640769753));
#2792=CARTESIAN_POINT('Origin',(-0.819269253902144,-1.91794902440325E-16,
5.00606027444734));
#2793=CARTESIAN_POINT('Origin',(-1.88447169283917,0.,0.116751144919668));
#2794=CARTESIAN_POINT('',(1.50166777166572,0.722841614740048,19.3205023286578));
#2795=CARTESIAN_POINT('',(1.50166777166572,0.722841614740048,19.3205023286578));
#2796=CARTESIAN_POINT('',(-0.0620419103659681,1.23389626792531,10.4522640377906));
#2797=CARTESIAN_POINT('Ctrl Pts',(-0.0620419103659603,1.23389626792529,
10.4522640377906));
#2798=CARTESIAN_POINT('Ctrl Pts',(-0.199280713707354,1.52530591377371,9.67394410745445));
#2799=CARTESIAN_POINT('Ctrl Pts',(-0.420843303547006,1.99204048752115,8.41740021978932));
#2800=CARTESIAN_POINT('',(1.50166777166572,1.23389626792531,19.3205023286578));
#2801=CARTESIAN_POINT('',(1.50166777166572,1.23389626792531,19.3205023286578));
#2802=CARTESIAN_POINT('',(1.50166777166572,1.23389626792531,19.3205023286578));
#2803=CARTESIAN_POINT('Origin',(0.134919640236474,-1.91794902440325E-16,
10.4175344022572));
#2804=CARTESIAN_POINT('Origin',(0.134919640236474,-1.91794902440325E-16,
10.4175344022572));
#2805=CARTESIAN_POINT('Origin',(-1.88447169283917,0.,0.116751144919668));
#2806=CARTESIAN_POINT('',(-0.55,-1.22389626792531,7.68491619531352));
#2807=CARTESIAN_POINT('',(-0.55,-1.22389626792531,7.68491619531352));
#2808=CARTESIAN_POINT('',(1.50166777166572,-1.09745857108495,19.3205023286578));
#2809=CARTESIAN_POINT('',(1.50166777166572,-0.816239565597998,19.3205023286578));
#2810=CARTESIAN_POINT('',(1.50166777166572,-1.09745857108495,19.3205023286578));
#2811=CARTESIAN_POINT('Origin',(-0.819269253902144,-1.91794902440325E-16,
5.00606027444734));
#2812=CARTESIAN_POINT('',(1.09608798399307,0.269258240356726,19.8997302939973));
#2813=CARTESIAN_POINT('',(1.09608798399307,-0.269258240356726,19.8997302939973));
#2814=CARTESIAN_POINT('Origin',(1.78545341110162,-1.91794902440325E-16,
19.7781765696305));
#2815=CARTESIAN_POINT('Ctrl Pts',(1.43622738301231,-0.676066727485248,19.6675228433711));
#2816=CARTESIAN_POINT('Ctrl Pts',(1.41698849713128,-0.664333997032898,19.6990924615562));
#2817=CARTESIAN_POINT('Ctrl Pts',(1.39481378461297,-0.649794276383447,19.7274600715682));
#2818=CARTESIAN_POINT('Ctrl Pts',(1.32457253206506,-0.597550473366908,19.8013306211263));
#2819=CARTESIAN_POINT('Ctrl Pts',(1.26354380404246,-0.541065597484281,19.840776032601));
#2820=CARTESIAN_POINT('Ctrl Pts',(1.16988901104734,-0.422730405824515,19.8837444539629));
#2821=CARTESIAN_POINT('Ctrl Pts',(1.12627758919299,-0.348953962713059,19.8944070520637));
#2822=CARTESIAN_POINT('Ctrl Pts',(1.09608798399307,-0.269258240356726,19.8997302939973));
#2823=CARTESIAN_POINT('',(-0.702067267016686,-0.717824561156858,6.92224067357985));
#2824=CARTESIAN_POINT('Ctrl Pts',(-0.702067267016687,-0.717824561156858,
6.92224067357984));
#2825=CARTESIAN_POINT('Ctrl Pts',(-0.674851009870845,-0.71851182674224,
7.16674436656124));
#2826=CARTESIAN_POINT('Ctrl Pts',(-0.64762645042982,-0.719128725499256,
7.41124733318592));
#2827=CARTESIAN_POINT('Ctrl Pts',(-0.620395290913554,-0.719675076032956,
7.65574972237884));
#2828=CARTESIAN_POINT('Ctrl Pts',(-0.549999999999996,0.722841614740048,
7.68491619531354));
#2829=CARTESIAN_POINT('Ctrl Pts',(-0.607952278244773,0.722841614740048,
7.35625249329848));
#2830=CARTESIAN_POINT('Ctrl Pts',(-0.673716810444679,0.722568991637996,
7.00463689251471));
#2831=CARTESIAN_POINT('Ctrl Pts',(-0.805429885413754,0.706942441611123,
6.53008234994903));
#2832=CARTESIAN_POINT('Ctrl Pts',(-0.854462334376129,0.699740167937668,
6.38238021516448));
#2833=CARTESIAN_POINT('Ctrl Pts',(-0.951155014950352,0.671510210617856,
6.18598480283524));
#2834=CARTESIAN_POINT('Ctrl Pts',(-0.987290097875127,0.659167495204292,
6.12500748664757));
#2835=CARTESIAN_POINT('Ctrl Pts',(-1.07237389398994,0.619530140502292,6.01468267567232));
#2836=CARTESIAN_POINT('Ctrl Pts',(-1.1216615911362,0.592699384024622,5.96543071479268));
#2837=CARTESIAN_POINT('Ctrl Pts',(-1.21383263078161,0.518406627289715,5.8988881965516));
#2838=CARTESIAN_POINT('Ctrl Pts',(-1.25180735161912,0.481683953730234,5.87715675178869));
#2839=CARTESIAN_POINT('Ctrl Pts',(-1.31958347742664,0.39723211911059,5.84443793411048));
#2840=CARTESIAN_POINT('Ctrl Pts',(-1.34924342943721,0.349526448295621,5.83309802044744));
#2841=CARTESIAN_POINT('Ctrl Pts',(-1.40112972432512,0.240949183685911,5.81478028873406));
#2842=CARTESIAN_POINT('Ctrl Pts',(-1.42488133044116,0.161470533952146,5.80805638540513));
#2843=CARTESIAN_POINT('Ctrl Pts',(-1.43643692458675,0.074709711301637,5.80480251203424));
#2844=CARTESIAN_POINT('Ctrl Pts',(-1.43842326226874,0.0529258949799539,
5.80425258376984));
#2845=CARTESIAN_POINT('Ctrl Pts',(-1.43986012761056,0.0238754448346506,
5.80385568076951));
#2846=CARTESIAN_POINT('Ctrl Pts',(-1.44018196832822,0.0108544193537268,
5.80376714791102));
#2847=CARTESIAN_POINT('Ctrl Pts',(-1.44018196832822,-0.0108544193537264,
5.80376714791102));
#2848=CARTESIAN_POINT('Ctrl Pts',(-1.43986012761056,-0.0238754448346502,
5.80385568076951));
#2849=CARTESIAN_POINT('Ctrl Pts',(-1.43842326226874,-0.0529258949799538,
5.80425258376984));
#2850=CARTESIAN_POINT('Ctrl Pts',(-1.43643692458675,-0.0747097113016371,
5.80480251203424));
#2851=CARTESIAN_POINT('Ctrl Pts',(-1.42488133044116,-0.161470533952146,
5.80805638540513));
#2852=CARTESIAN_POINT('Ctrl Pts',(-1.40112972432512,-0.240949183685911,
5.81478028873406));
#2853=CARTESIAN_POINT('Ctrl Pts',(-1.34924342943721,-0.34952644829562,5.83309802044744));
#2854=CARTESIAN_POINT('Ctrl Pts',(-1.31958347742664,-0.39723211911059,5.84443793411048));
#2855=CARTESIAN_POINT('Ctrl Pts',(-1.25180735161912,-0.481683953730234,
5.87715675178869));
#2856=CARTESIAN_POINT('Ctrl Pts',(-1.21383263078161,-0.518406627289715,
5.8988881965516));
#2857=CARTESIAN_POINT('Ctrl Pts',(-1.1216615911362,-0.592699384024621,5.96543071479269));
#2858=CARTESIAN_POINT('Ctrl Pts',(-1.07237389398994,-0.619530140502293,
6.01468267567233));
#2859=CARTESIAN_POINT('Ctrl Pts',(-0.987290097875125,-0.659167495204293,
6.12500748664757));
#2860=CARTESIAN_POINT('Ctrl Pts',(-0.951155014950351,-0.671510210617856,
6.18598480283525));
#2861=CARTESIAN_POINT('Ctrl Pts',(-0.854462334376128,-0.699740167937668,
6.38238021516449));
#2862=CARTESIAN_POINT('Ctrl Pts',(-0.805429885413754,-0.706942441611122,
6.53008234994904));
#2863=CARTESIAN_POINT('Ctrl Pts',(-0.740379074596115,-0.714660124534926,
6.76445663494952));
#2864=CARTESIAN_POINT('Ctrl Pts',(-0.720710663397501,-0.716445536628668,
6.84274007575966));
#2865=CARTESIAN_POINT('Ctrl Pts',(-0.702067267016697,-0.717824561156857,
6.92224067357985));
#2866=CARTESIAN_POINT('Ctrl Pts',(1.09608798399307,0.269258240356726,19.8997302939973));
#2867=CARTESIAN_POINT('Ctrl Pts',(1.12627758919299,0.348953962713058,19.8944070520637));
#2868=CARTESIAN_POINT('Ctrl Pts',(1.16988901104734,0.422730405824515,19.8837444539629));
#2869=CARTESIAN_POINT('Ctrl Pts',(1.26354380404246,0.541065597484281,19.840776032601));
#2870=CARTESIAN_POINT('Ctrl Pts',(1.32457253206506,0.597550473366908,19.8013306211263));
#2871=CARTESIAN_POINT('Ctrl Pts',(1.39558899428991,0.650370859234543,19.7266448075633));
#2872=CARTESIAN_POINT('Ctrl Pts',(1.41846981442191,0.665290107550339,19.697188996273));
#2873=CARTESIAN_POINT('Ctrl Pts',(1.45782136869315,0.689176623892358,19.6315085584563));
#2874=CARTESIAN_POINT('Ctrl Pts',(1.47429685561994,0.698167086135408,19.5952952173388));
#2875=CARTESIAN_POINT('Ctrl Pts',(1.5101508579987,0.718207594375163,19.4812486231481));
#2876=CARTESIAN_POINT('Ctrl Pts',(1.51525013949873,0.722841614740048,19.3975317644165));
#2877=CARTESIAN_POINT('Ctrl Pts',(1.50166777166572,0.722841614740048,19.3205023286578));
#2878=CARTESIAN_POINT('Origin',(1.78545341110162,-1.91794902440325E-16,
19.7781765696305));
#2879=CARTESIAN_POINT('',(1.09608798399307,-1.0356157588604,19.8997302939973));
#2880=CARTESIAN_POINT('',(1.25945543588017,-1.13264712374819,19.8402284767978));
#2881=CARTESIAN_POINT('Ctrl Pts',(1.09608798399307,-1.0356157588604,19.8997302939973));
#2882=CARTESIAN_POINT('Ctrl Pts',(1.11762952569698,-1.05040087405784,19.8959319389889));
#2883=CARTESIAN_POINT('Ctrl Pts',(1.13922692017884,-1.06438642970051,19.8906688382193));
#2884=CARTESIAN_POINT('Ctrl Pts',(1.16075459256455,-1.07755067175471,19.8838246531645));
#2885=CARTESIAN_POINT('Ctrl Pts',(1.18098202990822,-1.08991981582924,19.8773938453241));
#2886=CARTESIAN_POINT('Ctrl Pts',(1.20114835568146,-1.10156386210587,19.869566442623));
#2887=CARTESIAN_POINT('Ctrl Pts',(1.22110674871948,-1.11246476499135,19.8602310491695));
#2888=CARTESIAN_POINT('Ctrl Pts',(1.23399427877623,-1.11950369409324,19.8542030005438));
#2889=CARTESIAN_POINT('Ctrl Pts',(1.24679423653832,-1.1262327665171,19.8475458939886));
#2890=CARTESIAN_POINT('Ctrl Pts',(1.25945543588016,-1.13264712374819,19.8402284767978));
#2891=CARTESIAN_POINT('',(1.09608798399307,1.0356157588604,19.8997302939973));
#2892=CARTESIAN_POINT('Origin',(1.78545341110162,-1.91794902440325E-16,
19.7781765696305));
#2893=CARTESIAN_POINT('Ctrl Pts',(1.50166777166572,1.23389626792531,19.3205023286578));
#2894=CARTESIAN_POINT('Ctrl Pts',(1.51249988991103,1.23389626792531,19.3819343239304));
#2895=CARTESIAN_POINT('Ctrl Pts',(1.51182461255809,1.23208459295895,19.4495861056561));
#2896=CARTESIAN_POINT('Ctrl Pts',(1.48366035786913,1.22238576093629,19.5785021252556));
#2897=CARTESIAN_POINT('Ctrl Pts',(1.4561681603375,1.2142232011354,19.6397447920325));
#2898=CARTESIAN_POINT('Ctrl Pts',(1.38298124316676,1.18836364144826,19.7464232223194));
#2899=CARTESIAN_POINT('Ctrl Pts',(1.33071456264694,1.16785806482842,19.7962572551495));
#2900=CARTESIAN_POINT('Ctrl Pts',(1.21552156957877,1.1110905333837,19.8678212127652));
#2901=CARTESIAN_POINT('Ctrl Pts',(1.15283389583571,1.07456352105446,19.8897244586946));
#2902=CARTESIAN_POINT('Ctrl Pts',(1.09608798399307,1.0356157588604,19.8997302939973));
#2903=CARTESIAN_POINT('',(-1.40636051696384,-0.945348837209302,6.38608873582351));
#2904=CARTESIAN_POINT('Origin',(-31.0926620761775,-1.91794902440325E-16,
-166.682882056681));
#2905=CARTESIAN_POINT('',(-1.45771631047443,-0.987444033308551,5.79908932994761));
#2906=CARTESIAN_POINT('Origin',(-2.22417197199917,-1.91794902440325E-16,
-2.96153896902845));
#2907=CARTESIAN_POINT('',(-0.672121758775512,-1.2320902796224,7.05475486587717));
#2908=CARTESIAN_POINT('Ctrl Pts',(-0.672121758775589,-1.23209027962238,
7.05475486587718));
#2909=CARTESIAN_POINT('Ctrl Pts',(-0.703658027557041,-1.2310710309924,6.91020420308792));
#2910=CARTESIAN_POINT('Ctrl Pts',(-0.737866595797131,-1.22953808461108,
6.76798344485035));
#2911=CARTESIAN_POINT('Ctrl Pts',(-0.825501077994522,-1.22282550411909,
6.46761005125312));
#2912=CARTESIAN_POINT('Ctrl Pts',(-0.880149325497659,-1.21776045251861,
6.31422486285898));
#2913=CARTESIAN_POINT('Ctrl Pts',(-0.993806856572122,-1.19597411644301,
6.11529771834766));
#2914=CARTESIAN_POINT('Ctrl Pts',(-1.03724257990074,-1.18623934974832,6.05438797050832));
#2915=CARTESIAN_POINT('Ctrl Pts',(-1.14187507779544,-1.15454674957087,5.94761992812926));
#2916=CARTESIAN_POINT('Ctrl Pts',(-1.20332496305465,-1.1327080748483,5.9019746004783));
#2917=CARTESIAN_POINT('Ctrl Pts',(-1.33319232216994,-1.06909362766653,5.8369070734148));
#2918=CARTESIAN_POINT('Ctrl Pts',(-1.39729344060841,-1.03152769381563,5.81470035641325));
#2919=CARTESIAN_POINT('Ctrl Pts',(-1.45771631047443,-0.987444033308553,
5.79908932994759));
#2920=CARTESIAN_POINT('Origin',(19.1098091511803,-1.91794902440325E-16,
118.029480314936));
#2921=CARTESIAN_POINT('Origin',(1.04684759634246,0.,19.9084127028807));
#2922=CARTESIAN_POINT('',(1.09608798399307,-0.269258240356726,19.8997302939973));
#2923=CARTESIAN_POINT('',(1.09608798399307,1.0356157588604,19.8997302939973));
#2924=CARTESIAN_POINT('Origin',(-1.21305797849794,-17.8665392058429,0.106128821318236));
#2925=CARTESIAN_POINT('',(-0.55,-0.802841614740044,7.68491619531352));
#2926=CARTESIAN_POINT('',(-1.7293860496645,-1.2238962679253,-5.79552803749976));
#2927=CARTESIAN_POINT('Origin',(-2.42663199164571,0.,-13.7650856222337));
#2928=CARTESIAN_POINT('',(-1.81407958769144,-0.717824561156858,-5.78811831304851));
#2929=CARTESIAN_POINT('Origin',(-2.51132552967266,-0.717824561156857,-13.7576758977825));
#2930=CARTESIAN_POINT('Origin',(1.00926389515961,0.,19.4073264174912));
#2931=CARTESIAN_POINT('Origin',(1.00926389515961,0.,19.4073264174912));
#2932=CARTESIAN_POINT('Origin',(1.00926389515961,-1.15861723537444,19.4073264174912));
#2933=CARTESIAN_POINT('Origin',(-2.76813254266713,8.1688827145472E-17,-3.69700981999803));
#2934=CARTESIAN_POINT('',(-1.55507456416919,2.,-3.80313864131627));
#2935=CARTESIAN_POINT('',(-12.9968772273518,3.,-2.80211061798716));
#2936=CARTESIAN_POINT('Origin',(-1.29017928656242,1.51842025264809,-5.83395365021511));
#2937=CARTESIAN_POINT('Origin',(-0.216060968336172,-5.27983032932499E-16,
11.501856793165));
#2938=CARTESIAN_POINT('',(-1.45771631047443,-0.987444033308551,5.79908932994761));
#2939=CARTESIAN_POINT('',(-0.672121758775513,-1.23209027962239,7.05475486587717));
#2940=CARTESIAN_POINT('Origin',(-0.0922109285557282,-0.945348837209303,
21.4068872649817));
#2941=CARTESIAN_POINT('',(-1.40636051696384,-0.945348837209302,6.38608873582351));
#2942=CARTESIAN_POINT('',(-2.78029308349654,-0.898686391453732,-1.1120752357387));
#2943=CARTESIAN_POINT('Origin',(-0.0922109285557282,-0.987444033308551,
21.4068872649817));
#2944=CARTESIAN_POINT('Origin',(-1.90644314442157,0.0689193245677036,-1.16097813693129));
#2945=CARTESIAN_POINT('Origin',(-0.282541891904339,-1.23209027962239,11.5076731203179));
#2946=CARTESIAN_POINT('Origin',(-12.0504101374605,3.,10.5535422244914));
#2947=CARTESIAN_POINT('',(-14.8715793053877,3.,11.5803638274464));
#2948=CARTESIAN_POINT('Origin',(-14.8715793053877,3.,11.5803638274464));
#2949=CARTESIAN_POINT('Origin',(-15.5196478882984,3.,5.41084993549305));
#2950=CARTESIAN_POINT('polyline point',(14.9923893961835,3.,4.8256885145047));
#2951=CARTESIAN_POINT('polyline point',(15.9885840942752,3.,4.73853277175705));
#2952=CARTESIAN_POINT('polyline point',(13.,3.,5.));
#2953=CARTESIAN_POINT('polyline point',(15.9885840942752,3.,4.73853277175705));
#2954=CARTESIAN_POINT('polyline point',(15.9885840942752,3.,4.73853277175705));
#2955=CARTESIAN_POINT('polyline point',(14.9393859735208,3.,-7.25385662442645));
#2956=CARTESIAN_POINT('polyline point',(14.9393859735208,3.,-7.25385662442645));
#2957=CARTESIAN_POINT('polyline point',(11.9508018792455,3.,-6.99238939618349));
#2958=CARTESIAN_POINT('polyline point',(11.9508018792455,3.,-6.99238939618349));
#2959=CARTESIAN_POINT('polyline point',(13.,3.,5.));
#2960=CARTESIAN_POINT('polyline point',(-16.0968576344892,3.,-2.45435481275465));
#2961=CARTESIAN_POINT('polyline point',(-14.36037585782,3.,7.39372271736745));
#2962=CARTESIAN_POINT('polyline point',(-14.36037585782,3.,7.39372271736745));
#2963=CARTESIAN_POINT('polyline point',(-17.3511770042188,3.,7.65538391253767));
#2964=CARTESIAN_POINT('polyline point',(-17.3511770042188,3.,7.65538391253767));
#2965=CARTESIAN_POINT('polyline point',(-18.4003751249733,3.,-4.33700548364583));
#2966=CARTESIAN_POINT('polyline point',(-18.4003751249733,3.,-4.33700548364583));
#2967=CARTESIAN_POINT('polyline point',(-15.4095739785745,3.,-4.59866667881604));
#2968=CARTESIAN_POINT('polyline point',(-15.4095739785745,3.,-4.59866667881604));
#2969=CARTESIAN_POINT('polyline point',(-14.36037585782,3.,7.39372271736745));
#2970=CARTESIAN_POINT('polyline point',(12.4754009396228,3.,-0.996194698091747));
#2971=CARTESIAN_POINT('polyline point',(-14.8849749181973,3.,1.39752801927571));
#2972=CARTESIAN_POINT('polyline point',(-1.20478698928726,3.,0.200666660591979));
#2973=CARTESIAN_POINT('polyline point',(1.12618009150083,3.,26.8437423100168));
#2974=CARTESIAN_POINT('polyline point',(-0.539159911639173,3.,7.04312221157127));
#2975=CARTESIAN_POINT('polyline point',(-1.66290512609632,3.,-5.80134436465271));
#2976=CARTESIAN_POINT('polyline point',(-1.20478698928726,3.,0.200666660591979));
#2977=CARTESIAN_POINT('polyline point',(2.5272271970442,3.,10.4542913666222));
#2978=CARTESIAN_POINT('Origin',(-1.20478698928726,3.,0.200666660591979));
#2979=CARTESIAN_POINT('polyline point',(-12.0504101374605,3.,10.5535422244914));
#2980=CARTESIAN_POINT('polyline point',(-14.8715793053877,3.,11.5803638274464));
#2981=CARTESIAN_POINT('polyline point',(-16.167716471209,3.,-0.758663956460356));
#2982=CARTESIAN_POINT('polyline point',(-12.0504101374605,3.,10.5535422244914));
#2983=CARTESIAN_POINT('polyline point',(-14.8715793053877,3.,11.5803638274464));
#2984=CARTESIAN_POINT('polyline point',(-18.9888856391362,3.,0.268157646494707));
#2985=CARTESIAN_POINT('polyline point',(-18.9888856391362,3.,0.268157646494707));
#2986=CARTESIAN_POINT('polyline point',(-16.167716471209,3.,-0.758663956460356));
#2987=CARTESIAN_POINT('polyline point',(12.4599140212437,3.,-11.1782693332844));
#2988=CARTESIAN_POINT('polyline point',(9.640836158886,3.,-10.1522089033075));
#2989=CARTESIAN_POINT('polyline point',(9.640836158886,3.,-10.1522089033075));
#2990=CARTESIAN_POINT('polyline point',(13.7581424926345,3.,1.15999727764431));
#2991=CARTESIAN_POINT('polyline point',(16.5772203549922,3.,0.13393684766732));
#2992=CARTESIAN_POINT('polyline point',(12.4599140212437,3.,-11.1782693332844));
#2993=CARTESIAN_POINT('polyline point',(13.7581424926345,3.,1.15999727764431));
#2994=CARTESIAN_POINT('polyline point',(16.5772203549922,3.,0.13393684766732));
#2995=CARTESIAN_POINT('polyline point',(13.7581424926345,3.,1.15999727764431));
#2996=CARTESIAN_POINT('polyline point',(-12.0504101374605,3.,10.5535422244914));
#2997=CARTESIAN_POINT('polyline point',(9.640836158886,3.,-10.1522089033075));
#2998=CARTESIAN_POINT('polyline point',(11.6115979936374,3.,-10.8695075499848));
#2999=CARTESIAN_POINT('polyline point',(-16.167716471209,3.,-0.758663956460356));
#3000=CARTESIAN_POINT('polyline point',(9.640836158886,3.,-10.1522089033075));
#3001=CARTESIAN_POINT('polyline point',(-1.7293860496645,3.,-5.79552803749976));
#3002=CARTESIAN_POINT('polyline point',(11.9508018792455,3.,-6.99238939618349));
#3003=CARTESIAN_POINT('polyline point',(-1.7293860496645,3.,-5.79552803749976));
#3004=CARTESIAN_POINT('polyline point',(-0.835223614056386,3.,-5.87375711396619));
#3005=CARTESIAN_POINT('polyline point',(-0.99230006366491,3.,-5.86001470531855));
#3006=CARTESIAN_POINT('polyline point',(-0.279825312974136,3.,-5.92234816905244));
#3007=CARTESIAN_POINT('',(0.,3.,0.));
#3008=CARTESIAN_POINT('',(-18.0280710356224,3.,-0.0815502698326187));
#3009=CARTESIAN_POINT('',(-15.10738179516,3.,-1.14459421690248));
#3010=UNCERTAINTY_MEASURE_WITH_UNIT(LENGTH_MEASURE(0.01),#3014,
'DISTANCE_ACCURACY_VALUE',
'Maximum model space distance between geometric entities at asserted c
onnectivities');
#3011=UNCERTAINTY_MEASURE_WITH_UNIT(LENGTH_MEASURE(0.01),#3014,
'DISTANCE_ACCURACY_VALUE',
'Maximum model space distance between geometric entities at asserted c
onnectivities');
#3012=(
GEOMETRIC_REPRESENTATION_CONTEXT(3)
GLOBAL_UNCERTAINTY_ASSIGNED_CONTEXT((#3010))
GLOBAL_UNIT_ASSIGNED_CONTEXT((#3014,#3016,#3017))
REPRESENTATION_CONTEXT('','3D')
);
#3013=(
GEOMETRIC_REPRESENTATION_CONTEXT(3)
GLOBAL_UNCERTAINTY_ASSIGNED_CONTEXT((#3011))
GLOBAL_UNIT_ASSIGNED_CONTEXT((#3014,#3016,#3017))
REPRESENTATION_CONTEXT('','3D')
);
#3014=(
LENGTH_UNIT()
NAMED_UNIT(*)
SI_UNIT(.MILLI.,.METRE.)
);
#3015=(
LENGTH_UNIT()
NAMED_UNIT(*)
SI_UNIT(.CENTI.,.METRE.)
);
#3016=(
NAMED_UNIT(*)
PLANE_ANGLE_UNIT()
SI_UNIT($,.RADIAN.)
);
#3017=(
NAMED_UNIT(*)
SI_UNIT($,.STERADIAN.)
SOLID_ANGLE_UNIT()
);
#3018=SHAPE_DEFINITION_REPRESENTATION(#3019,#3020);
#3019=PRODUCT_DEFINITION_SHAPE('',$,#3022);
#3020=SHAPE_REPRESENTATION('',(#1715),#3012);
#3021=PRODUCT_DEFINITION_CONTEXT('part definition',#3026,'design');
#3022=PRODUCT_DEFINITION('\X2\722A5B506B63\X0\15_v2','\X2\722A5B506B63\X0\1
5_v2',#3023,#3021);
#3023=PRODUCT_DEFINITION_FORMATION('',$,#3028);
#3024=PRODUCT_RELATED_PRODUCT_CATEGORY('\X2\722A5B506B63\X0\15_v2',
'\X2\722A5B506B63\X0\15_v2',(#3028));
#3025=APPLICATION_PROTOCOL_DEFINITION('international standard',
'automotive_design',2009,#3026);
#3026=APPLICATION_CONTEXT(
'Core Data for Automotive Mechanical Design Process');
#3027=PRODUCT_CONTEXT('part definition',#3026,'mechanical');
#3028=PRODUCT('\X2\722A5B506B63\X0\15_v2','\X2\722A5B506B63\X0\15_v2',$,
(#3027));
#3029=PRESENTATION_STYLE_ASSIGNMENT((#3032));
#3030=PRESENTATION_STYLE_ASSIGNMENT((#3033));
#3031=PRESENTATION_STYLE_ASSIGNMENT((#3034));
#3032=SURFACE_STYLE_USAGE(.BOTH.,#3037);
#3033=SURFACE_STYLE_USAGE(.BOTH.,#3038);
#3034=SURFACE_STYLE_USAGE(.BOTH.,#3039);
#3035=SURFACE_STYLE_RENDERING_WITH_PROPERTIES($,#3049,(#3036));
#3036=SURFACE_STYLE_TRANSPARENT(0.);
#3037=SURFACE_SIDE_STYLE('',(#3040,#3035));
#3038=SURFACE_SIDE_STYLE('',(#3041));
#3039=SURFACE_SIDE_STYLE('',(#3042));
#3040=SURFACE_STYLE_FILL_AREA(#3043);
#3041=SURFACE_STYLE_FILL_AREA(#3044);
#3042=SURFACE_STYLE_FILL_AREA(#3045);
#3043=FILL_AREA_STYLE('',(#3046));
#3044=FILL_AREA_STYLE('',(#3047));
#3045=FILL_AREA_STYLE('',(#3048));
#3046=FILL_AREA_STYLE_COLOUR('',#3049);
#3047=FILL_AREA_STYLE_COLOUR('',#3050);
#3048=FILL_AREA_STYLE_COLOUR('',#3051);
#3049=COLOUR_RGB('',0.792156862745098,0.819607843137255,0.933333333333333);
#3050=COLOUR_RGB('',1.,1.,0.);
#3051=COLOUR_RGB('',0.,0.,0.);
ENDSEC;
END-ISO-10303-21;
