ISO-10303-21;
HEADER;
/* Generated by software containing ST-Developer
 * from STEP Tools, Inc. (www.steptools.com) 
 */

FILE_DESCRIPTION(
/* description */ (''),
/* implementation_level */ '2;1');

FILE_NAME(
/* name */ '',
/* time_stamp */ '2026-03-12T12:49:49+08:00',
/* author */ ('user'),
/* organization */ (''),
/* preprocessor_version */ 'ST-DEVELOPER v20',
/* originating_system */ 'Autodesk Inventor 2025',
/* authorisation */ '');

FILE_SCHEMA (('AUTOMOTIVE_DESIGN { 1 0 10303 214 3 1 1 }'));
ENDSEC;

DATA;
#10=MECHANICAL_DESIGN_GEOMETRIC_PRESENTATION_REPRESENTATION('',(#13,#14),
#3157);
#11=SHAPE_REPRESENTATION_RELATIONSHIP('SRR','None',#3164,#12);
#12=ADVANCED_BREP_SHAPE_REPRESENTATION('',(#15,#16),#3156);
#13=STYLED_ITEM('',(#3173),#15);
#14=STYLED_ITEM('',(#3173),#16);
#15=MANIFOLD_SOLID_BREP('\X2\5BE69AD4\X0\1',#1798);
#16=MANIFOLD_SOLID_BREP('\X2\5BE69AD4\X0\3',#1799);
#17=CONICAL_SURFACE('',#1863,1.25,0.34906585039886);
#18=CONICAL_SURFACE('',#1923,1.25,0.34906585039886);
#19=B_SPLINE_SURFACE_WITH_KNOTS('',3,1,((#2615,#2616),(#2617,#2618),(#2619,
#2620),(#2621,#2622)),.UNSPECIFIED.,.F.,.F.,.F.,(4,4),(2,2),(0.,0.0351083960004023),
(0.,0.0145425226030779),.UNSPECIFIED.);
#20=B_SPLINE_SURFACE_WITH_KNOTS('',3,1,((#2962,#2963),(#2964,#2965),(#2966,
#2967),(#2968,#2969)),.UNSPECIFIED.,.F.,.F.,.F.,(4,4),(2,2),(0.,0.0351083960004023),
(0.,0.0145425226030779),.UNSPECIFIED.);
#21=B_SPLINE_CURVE_WITH_KNOTS('',3,(#2608,#2609,#2610,#2611,#2612,#2613,
#2614),.UNSPECIFIED.,.F.,.F.,(4,3,4),(0.,0.00843968214893545,0.0134709132548437),
 .UNSPECIFIED.);
#22=B_SPLINE_CURVE_WITH_KNOTS('',3,(#2624,#2625,#2626,#2627,#2628,#2629,
#2630),.UNSPECIFIED.,.F.,.F.,(4,3,4),(-0.012497646076559,-0.00622312957747029,
0.),.UNSPECIFIED.);
#23=B_SPLINE_CURVE_WITH_KNOTS('',3,(#2658,#2659,#2660,#2661,#2662,#2663,
#2664,#2665,#2666,#2667,#2668,#2669),.UNSPECIFIED.,.F.,.F.,(4,2,2,2,2,4),
(-0.0940036194534467,-0.0699401350824827,-0.0469306433807616,-0.0351979825355712,
-0.0234653216903808,0.),.UNSPECIFIED.);
#24=B_SPLINE_CURVE_WITH_KNOTS('',3,(#2671,#2672,#2673,#2674,#2675,#2676,
#2677,#2678,#2679,#2680,#2681,#2682,#2683,#2684,#2685,#2686,#2687,#2688,
#2689,#2690,#2691,#2692,#2693,#2694,#2695,#2696,#2697,#2698,#2699,#2700,
#2701,#2702,#2703,#2704,#2705,#2706,#2707,#2708),.UNSPECIFIED.,.F.,.F.,
(4,2,2,2,2,2,2,2,2,2,2,2,2,2,2,2,2,2,4),(-0.522390816395786,-0.422270655579695,
-0.372210575171649,-0.347180534967626,-0.322150494763603,-0.306439230511575,
-0.290727966259546,-0.269922009431376,-0.264451734004011,-0.261195408197893,
-0.257939082391775,-0.25246880696441,-0.23166285013624,-0.215951585884212,
-0.200240321632183,-0.17521028142816,-0.150180241224137,-0.100120160816091,
-0.0760088162330155),.UNSPECIFIED.);
#25=B_SPLINE_CURVE_WITH_KNOTS('',3,(#2709,#2710,#2711,#2712),
 .UNSPECIFIED.,.F.,.F.,(4,4),(0.,1.02103172871233),.UNSPECIFIED.);
#26=B_SPLINE_CURVE_WITH_KNOTS('',3,(#2713,#2714,#2715,#2716,#2717,#2718,
#2719,#2720),.UNSPECIFIED.,.F.,.F.,(4,2,2,4),(-0.205080702793681,-0.19372728433833,
-0.170717792636609,-0.146654308265645),.UNSPECIFIED.);
#27=B_SPLINE_CURVE_WITH_KNOTS('',3,(#2724,#2725,#2726,#2727,#2728,#2729,
#2730,#2731,#2732,#2733),.UNSPECIFIED.,.F.,.F.,(4,3,3,4),(0.,7.82159412598025E-5,
0.000151707771809918,0.000199162903760465),.UNSPECIFIED.);
#28=B_SPLINE_CURVE_WITH_KNOTS('',3,(#2737,#2738,#2739,#2740,#2741,#2742,
#2743,#2744,#2745,#2746,#2747,#2748),.UNSPECIFIED.,.F.,.F.,(4,2,2,2,2,4),
(2.26474405500302,2.30795740565339,2.36091165260655,2.38738877608312,2.4138658995597,
2.43496135299334),.UNSPECIFIED.);
#29=B_SPLINE_CURVE_WITH_KNOTS('',3,(#2753,#2754,#2755,#2756,#2757,#2758,
#2759,#2760,#2761,#2762),.UNSPECIFIED.,.F.,.F.,(4,2,2,2,4),(0.,0.0187139048463075,
0.037427809692615,0.0582926822965746,0.0791575549005341),.UNSPECIFIED.);
#30=B_SPLINE_CURVE_WITH_KNOTS('',3,(#2865,#2866,#2867,#2868,#2869,#2870,
#2871),.UNSPECIFIED.,.F.,.F.,(4,3,4),(0.,0.00843968214893545,0.0134709132548437),
 .UNSPECIFIED.);
#31=B_SPLINE_CURVE_WITH_KNOTS('',3,(#2886,#2887,#2888,#2889,#2890,#2891,
#2892,#2893,#2894,#2895),.UNSPECIFIED.,.F.,.F.,(4,2,2,2,4),(0.,0.0187139048463075,
0.037427809692615,0.0582926822965746,0.0791575549005341),.UNSPECIFIED.);
#32=B_SPLINE_CURVE_WITH_KNOTS('',3,(#2897,#2898,#2899,#2900,#2901,#2902,
#2903,#2904,#2905,#2906,#2907,#2908),.UNSPECIFIED.,.F.,.F.,(4,2,2,2,2,4),
(-0.0940036194534467,-0.0699401350824827,-0.0469306433807616,-0.0351979825355712,
-0.0234653216903808,0.),.UNSPECIFIED.);
#33=B_SPLINE_CURVE_WITH_KNOTS('',3,(#2912,#2913,#2914,#2915,#2916,#2917,
#2918,#2919,#2920,#2921),.UNSPECIFIED.,.F.,.F.,(4,3,3,4),(0.,7.82159412598011E-5,
0.000151707771809923,0.000199162903760465),.UNSPECIFIED.);
#34=B_SPLINE_CURVE_WITH_KNOTS('',3,(#2933,#2934,#2935,#2936,#2937,#2938,
#2939,#2940,#2941,#2942,#2943,#2944),.UNSPECIFIED.,.F.,.F.,(4,2,2,2,2,4),
(2.26474405500302,2.30795740565339,2.36091165260655,2.38738877608312,2.4138658995597,
2.43496135299334),.UNSPECIFIED.);
#35=B_SPLINE_CURVE_WITH_KNOTS('',3,(#2949,#2950,#2951,#2952,#2953,#2954,
#2955,#2956),.UNSPECIFIED.,.F.,.F.,(4,2,2,4),(-0.205080702793681,-0.19372728433833,
-0.170717792636609,-0.146654308265645),.UNSPECIFIED.);
#36=B_SPLINE_CURVE_WITH_KNOTS('',3,(#2972,#2973,#2974,#2975,#2976,#2977,
#2978),.UNSPECIFIED.,.F.,.F.,(4,3,4),(-0.012497646076559,-0.00622312957747029,
0.),.UNSPECIFIED.);
#37=B_SPLINE_CURVE_WITH_KNOTS('',3,(#2981,#2982,#2983,#2984),
 .UNSPECIFIED.,.F.,.F.,(4,4),(0.,1.02103172871233),.UNSPECIFIED.);
#38=B_SPLINE_CURVE_WITH_KNOTS('',3,(#2986,#2987,#2988,#2989,#2990,#2991,
#2992,#2993,#2994,#2995,#2996,#2997,#2998,#2999,#3000,#3001,#3002,#3003,
#3004,#3005,#3006,#3007,#3008,#3009,#3010,#3011,#3012,#3013,#3014,#3015,
#3016,#3017,#3018,#3019,#3020,#3021,#3022,#3023),.UNSPECIFIED.,.F.,.F.,
(4,2,2,2,2,2,2,2,2,2,2,2,2,2,2,2,2,2,4),(-0.522390816395786,-0.422270655579695,
-0.372210575171649,-0.347180534967626,-0.322150494763603,-0.306439230511575,
-0.290727966259546,-0.269922009431376,-0.264451734004011,-0.261195408197893,
-0.257939082391775,-0.25246880696441,-0.23166285013624,-0.215951585884212,
-0.200240321632183,-0.17521028142816,-0.150180241224137,-0.100120160816091,
-0.0760088162330155),.UNSPECIFIED.);
#39=ELLIPSE('',#1847,1.33665881210785,1.25);
#40=ELLIPSE('',#1860,0.752236967852911,0.5);
#41=ELLIPSE('',#1869,117.684572316191,1.25);
#42=ELLIPSE('',#1870,14.3421415570883,1.25);
#43=ELLIPSE('',#1871,220.289679768119,1.25);
#44=ELLIPSE('',#1879,0.503754912729424,0.5);
#45=ELLIPSE('',#1882,1.33665881210785,1.25);
#46=ELLIPSE('',#1905,0.752236967852911,0.5);
#47=ELLIPSE('',#1912,220.289679768119,1.25);
#48=ELLIPSE('',#1913,14.3421415570883,1.25);
#49=ELLIPSE('',#1914,117.684572316191,1.25);
#50=ELLIPSE('',#1916,0.503754912729424,0.5);
#51=ELLIPSE('',#1928,1.33665881210785,1.25);
#52=ELLIPSE('',#1930,1.33665881210785,1.25);
#53=FACE_BOUND('',#254,.T.);
#54=FACE_BOUND('',#255,.T.);
#55=FACE_BOUND('',#296,.T.);
#56=FACE_BOUND('',#297,.T.);
#57=FACE_BOUND('',#305,.T.);
#58=FACE_BOUND('',#306,.T.);
#59=FACE_BOUND('',#339,.T.);
#60=FACE_BOUND('',#340,.T.);
#61=(
BOUNDED_CURVE()
B_SPLINE_CURVE(2,(#2451,#2452,#2453),.UNSPECIFIED.,.F.,.F.)
B_SPLINE_CURVE_WITH_KNOTS((3,3),(-2.60234797974036,-1.79805746801368),
 .UNSPECIFIED.)
CURVE()
GEOMETRIC_REPRESENTATION_ITEM()
RATIONAL_B_SPLINE_CURVE((1.75162158366374,2.21520520583342,2.32044033574995))
REPRESENTATION_ITEM('')
);
#62=(
BOUNDED_CURVE()
B_SPLINE_CURVE(2,(#2592,#2593,#2594),.UNSPECIFIED.,.F.,.F.)
B_SPLINE_CURVE_WITH_KNOTS((3,3),(0.29986282390999,1.10827418395967),
 .UNSPECIFIED.)
CURVE()
GEOMETRIC_REPRESENTATION_ITEM()
RATIONAL_B_SPLINE_CURVE((1.9700670965774,3.16541097887772,3.75537603936889))
REPRESENTATION_ITEM('')
);
#63=(
BOUNDED_CURVE()
B_SPLINE_CURVE(2,(#2643,#2644,#2645),.UNSPECIFIED.,.F.,.F.)
B_SPLINE_CURVE_WITH_KNOTS((3,3),(1.90892241026881,1.96592742114845),
 .UNSPECIFIED.)
CURVE()
GEOMETRIC_REPRESENTATION_ITEM()
RATIONAL_B_SPLINE_CURVE((2.63032429949713,2.1948944487722,1.73200477132537))
REPRESENTATION_ITEM('')
);
#64=(
BOUNDED_CURVE()
B_SPLINE_CURVE(2,(#3030,#3031,#3032),.UNSPECIFIED.,.F.,.F.)
B_SPLINE_CURVE_WITH_KNOTS((3,3),(1.90892241026881,1.96592742114845),
 .UNSPECIFIED.)
CURVE()
GEOMETRIC_REPRESENTATION_ITEM()
RATIONAL_B_SPLINE_CURVE((2.63032429949713,2.1948944487722,1.73200477132537))
REPRESENTATION_ITEM('')
);
#65=(
BOUNDED_CURVE()
B_SPLINE_CURVE(2,(#3051,#3052,#3053),.UNSPECIFIED.,.F.,.F.)
B_SPLINE_CURVE_WITH_KNOTS((3,3),(-2.60234797974036,-1.79805746801368),
 .UNSPECIFIED.)
CURVE()
GEOMETRIC_REPRESENTATION_ITEM()
RATIONAL_B_SPLINE_CURVE((1.75162158366374,2.21520520583342,2.32044033574995))
REPRESENTATION_ITEM('')
);
#66=(
BOUNDED_CURVE()
B_SPLINE_CURVE(2,(#3058,#3059,#3060),.UNSPECIFIED.,.F.,.F.)
B_SPLINE_CURVE_WITH_KNOTS((3,3),(0.29986282390999,1.10827418395967),
 .UNSPECIFIED.)
CURVE()
GEOMETRIC_REPRESENTATION_ITEM()
RATIONAL_B_SPLINE_CURVE((1.9700670965774,3.16541097887772,3.75537603936889))
REPRESENTATION_ITEM('')
);
#67=PLANE('',#1828);
#68=PLANE('',#1829);
#69=PLANE('',#1830);
#70=PLANE('',#1831);
#71=PLANE('',#1832);
#72=PLANE('',#1833);
#73=PLANE('',#1834);
#74=PLANE('',#1835);
#75=PLANE('',#1836);
#76=PLANE('',#1837);
#77=PLANE('',#1838);
#78=PLANE('',#1839);
#79=PLANE('',#1840);
#80=PLANE('',#1841);
#81=PLANE('',#1842);
#82=PLANE('',#1843);
#83=PLANE('',#1844);
#84=PLANE('',#1845);
#85=PLANE('',#1846);
#86=PLANE('',#1850);
#87=PLANE('',#1852);
#88=PLANE('',#1853);
#89=PLANE('',#1854);
#90=PLANE('',#1855);
#91=PLANE('',#1856);
#92=PLANE('',#1857);
#93=PLANE('',#1859);
#94=PLANE('',#1861);
#95=PLANE('',#1862);
#96=PLANE('',#1865);
#97=PLANE('',#1873);
#98=PLANE('',#1874);
#99=PLANE('',#1876);
#100=PLANE('',#1880);
#101=PLANE('',#1881);
#102=PLANE('',#1884);
#103=PLANE('',#1885);
#104=PLANE('',#1887);
#105=PLANE('',#1888);
#106=PLANE('',#1889);
#107=PLANE('',#1890);
#108=PLANE('',#1891);
#109=PLANE('',#1898);
#110=PLANE('',#1899);
#111=PLANE('',#1900);
#112=PLANE('',#1901);
#113=PLANE('',#1902);
#114=PLANE('',#1903);
#115=PLANE('',#1904);
#116=PLANE('',#1906);
#117=PLANE('',#1917);
#118=PLANE('',#1919);
#119=PLANE('',#1920);
#120=PLANE('',#1921);
#121=PLANE('',#1922);
#122=PLANE('',#1925);
#123=PLANE('',#1927);
#124=PLANE('',#1931);
#125=PLANE('',#1932);
#126=PLANE('',#1935);
#127=PLANE('',#1936);
#128=PLANE('',#1937);
#129=PLANE('',#1940);
#130=PLANE('',#1941);
#131=PLANE('',#1942);
#132=PLANE('',#1943);
#133=PLANE('',#1944);
#134=PLANE('',#1945);
#135=PLANE('',#1946);
#136=PLANE('',#1947);
#137=PLANE('',#1948);
#138=PLANE('',#1949);
#139=PLANE('',#1950);
#140=PLANE('',#1951);
#141=PLANE('',#1952);
#142=PLANE('',#1953);
#143=PLANE('',#1954);
#144=FACE_OUTER_BOUND('',#243,.T.);
#145=FACE_OUTER_BOUND('',#244,.T.);
#146=FACE_OUTER_BOUND('',#245,.T.);
#147=FACE_OUTER_BOUND('',#246,.T.);
#148=FACE_OUTER_BOUND('',#247,.T.);
#149=FACE_OUTER_BOUND('',#248,.T.);
#150=FACE_OUTER_BOUND('',#249,.T.);
#151=FACE_OUTER_BOUND('',#250,.T.);
#152=FACE_OUTER_BOUND('',#251,.T.);
#153=FACE_OUTER_BOUND('',#252,.T.);
#154=FACE_OUTER_BOUND('',#253,.T.);
#155=FACE_OUTER_BOUND('',#256,.T.);
#156=FACE_OUTER_BOUND('',#257,.T.);
#157=FACE_OUTER_BOUND('',#258,.T.);
#158=FACE_OUTER_BOUND('',#259,.T.);
#159=FACE_OUTER_BOUND('',#260,.T.);
#160=FACE_OUTER_BOUND('',#261,.T.);
#161=FACE_OUTER_BOUND('',#262,.T.);
#162=FACE_OUTER_BOUND('',#263,.T.);
#163=FACE_OUTER_BOUND('',#264,.T.);
#164=FACE_OUTER_BOUND('',#265,.T.);
#165=FACE_OUTER_BOUND('',#266,.T.);
#166=FACE_OUTER_BOUND('',#267,.T.);
#167=FACE_OUTER_BOUND('',#268,.T.);
#168=FACE_OUTER_BOUND('',#269,.T.);
#169=FACE_OUTER_BOUND('',#270,.T.);
#170=FACE_OUTER_BOUND('',#271,.T.);
#171=FACE_OUTER_BOUND('',#272,.T.);
#172=FACE_OUTER_BOUND('',#273,.T.);
#173=FACE_OUTER_BOUND('',#274,.T.);
#174=FACE_OUTER_BOUND('',#275,.T.);
#175=FACE_OUTER_BOUND('',#276,.T.);
#176=FACE_OUTER_BOUND('',#277,.T.);
#177=FACE_OUTER_BOUND('',#278,.T.);
#178=FACE_OUTER_BOUND('',#279,.T.);
#179=FACE_OUTER_BOUND('',#280,.T.);
#180=FACE_OUTER_BOUND('',#281,.T.);
#181=FACE_OUTER_BOUND('',#282,.T.);
#182=FACE_OUTER_BOUND('',#283,.T.);
#183=FACE_OUTER_BOUND('',#284,.T.);
#184=FACE_OUTER_BOUND('',#285,.T.);
#185=FACE_OUTER_BOUND('',#286,.T.);
#186=FACE_OUTER_BOUND('',#287,.T.);
#187=FACE_OUTER_BOUND('',#288,.T.);
#188=FACE_OUTER_BOUND('',#289,.T.);
#189=FACE_OUTER_BOUND('',#290,.T.);
#190=FACE_OUTER_BOUND('',#291,.T.);
#191=FACE_OUTER_BOUND('',#292,.T.);
#192=FACE_OUTER_BOUND('',#293,.T.);
#193=FACE_OUTER_BOUND('',#294,.T.);
#194=FACE_OUTER_BOUND('',#295,.T.);
#195=FACE_OUTER_BOUND('',#298,.T.);
#196=FACE_OUTER_BOUND('',#299,.T.);
#197=FACE_OUTER_BOUND('',#300,.T.);
#198=FACE_OUTER_BOUND('',#301,.T.);
#199=FACE_OUTER_BOUND('',#302,.T.);
#200=FACE_OUTER_BOUND('',#303,.T.);
#201=FACE_OUTER_BOUND('',#304,.T.);
#202=FACE_OUTER_BOUND('',#307,.T.);
#203=FACE_OUTER_BOUND('',#308,.T.);
#204=FACE_OUTER_BOUND('',#309,.T.);
#205=FACE_OUTER_BOUND('',#310,.T.);
#206=FACE_OUTER_BOUND('',#311,.T.);
#207=FACE_OUTER_BOUND('',#312,.T.);
#208=FACE_OUTER_BOUND('',#313,.T.);
#209=FACE_OUTER_BOUND('',#314,.T.);
#210=FACE_OUTER_BOUND('',#315,.T.);
#211=FACE_OUTER_BOUND('',#316,.T.);
#212=FACE_OUTER_BOUND('',#317,.T.);
#213=FACE_OUTER_BOUND('',#318,.T.);
#214=FACE_OUTER_BOUND('',#319,.T.);
#215=FACE_OUTER_BOUND('',#320,.T.);
#216=FACE_OUTER_BOUND('',#321,.T.);
#217=FACE_OUTER_BOUND('',#322,.T.);
#218=FACE_OUTER_BOUND('',#323,.T.);
#219=FACE_OUTER_BOUND('',#324,.T.);
#220=FACE_OUTER_BOUND('',#325,.T.);
#221=FACE_OUTER_BOUND('',#326,.T.);
#222=FACE_OUTER_BOUND('',#327,.T.);
#223=FACE_OUTER_BOUND('',#328,.T.);
#224=FACE_OUTER_BOUND('',#329,.T.);
#225=FACE_OUTER_BOUND('',#330,.T.);
#226=FACE_OUTER_BOUND('',#331,.T.);
#227=FACE_OUTER_BOUND('',#332,.T.);
#228=FACE_OUTER_BOUND('',#333,.T.);
#229=FACE_OUTER_BOUND('',#334,.T.);
#230=FACE_OUTER_BOUND('',#335,.T.);
#231=FACE_OUTER_BOUND('',#336,.T.);
#232=FACE_OUTER_BOUND('',#337,.T.);
#233=FACE_OUTER_BOUND('',#338,.T.);
#234=FACE_OUTER_BOUND('',#341,.T.);
#235=FACE_OUTER_BOUND('',#342,.T.);
#236=FACE_OUTER_BOUND('',#343,.T.);
#237=FACE_OUTER_BOUND('',#344,.T.);
#238=FACE_OUTER_BOUND('',#345,.T.);
#239=FACE_OUTER_BOUND('',#346,.T.);
#240=FACE_OUTER_BOUND('',#347,.T.);
#241=FACE_OUTER_BOUND('',#348,.T.);
#242=FACE_OUTER_BOUND('',#349,.T.);
#243=EDGE_LOOP('',(#1173,#1174,#1175,#1176));
#244=EDGE_LOOP('',(#1177,#1178,#1179,#1180));
#245=EDGE_LOOP('',(#1181,#1182,#1183,#1184,#1185,#1186));
#246=EDGE_LOOP('',(#1187,#1188,#1189,#1190,#1191,#1192,#1193,#1194,#1195));
#247=EDGE_LOOP('',(#1196,#1197,#1198,#1199));
#248=EDGE_LOOP('',(#1200,#1201,#1202));
#249=EDGE_LOOP('',(#1203,#1204,#1205,#1206,#1207));
#250=EDGE_LOOP('',(#1208,#1209,#1210,#1211));
#251=EDGE_LOOP('',(#1212,#1213,#1214));
#252=EDGE_LOOP('',(#1215,#1216,#1217,#1218,#1219));
#253=EDGE_LOOP('',(#1220,#1221,#1222,#1223,#1224));
#254=EDGE_LOOP('',(#1225));
#255=EDGE_LOOP('',(#1226));
#256=EDGE_LOOP('',(#1227,#1228,#1229,#1230));
#257=EDGE_LOOP('',(#1231,#1232,#1233,#1234));
#258=EDGE_LOOP('',(#1235,#1236,#1237));
#259=EDGE_LOOP('',(#1238,#1239,#1240,#1241));
#260=EDGE_LOOP('',(#1242,#1243,#1244));
#261=EDGE_LOOP('',(#1245,#1246,#1247,#1248));
#262=EDGE_LOOP('',(#1249,#1250,#1251));
#263=EDGE_LOOP('',(#1252,#1253,#1254,#1255,#1256,#1257,#1258,#1259,#1260));
#264=EDGE_LOOP('',(#1261,#1262,#1263,#1264,#1265,#1266,#1267,#1268));
#265=EDGE_LOOP('',(#1269,#1270,#1271,#1272,#1273,#1274,#1275,#1276,#1277,
#1278,#1279,#1280,#1281,#1282,#1283));
#266=EDGE_LOOP('',(#1284,#1285,#1286,#1287));
#267=EDGE_LOOP('',(#1288,#1289,#1290));
#268=EDGE_LOOP('',(#1291,#1292,#1293,#1294));
#269=EDGE_LOOP('',(#1295,#1296,#1297));
#270=EDGE_LOOP('',(#1298,#1299,#1300,#1301));
#271=EDGE_LOOP('',(#1302,#1303,#1304,#1305,#1306));
#272=EDGE_LOOP('',(#1307,#1308,#1309,#1310,#1311,#1312));
#273=EDGE_LOOP('',(#1313,#1314,#1315,#1316));
#274=EDGE_LOOP('',(#1317,#1318,#1319));
#275=EDGE_LOOP('',(#1320,#1321,#1322,#1323,#1324));
#276=EDGE_LOOP('',(#1325,#1326,#1327,#1328,#1329,#1330));
#277=EDGE_LOOP('',(#1331,#1332,#1333,#1334,#1335));
#278=EDGE_LOOP('',(#1336,#1337,#1338,#1339));
#279=EDGE_LOOP('',(#1340,#1341,#1342,#1343,#1344,#1345,#1346));
#280=EDGE_LOOP('',(#1347,#1348,#1349,#1350,#1351,#1352,#1353,#1354,#1355,
#1356));
#281=EDGE_LOOP('',(#1357,#1358,#1359,#1360));
#282=EDGE_LOOP('',(#1361,#1362,#1363,#1364,#1365));
#283=EDGE_LOOP('',(#1366,#1367,#1368,#1369));
#284=EDGE_LOOP('',(#1370,#1371,#1372,#1373,#1374));
#285=EDGE_LOOP('',(#1375,#1376,#1377,#1378));
#286=EDGE_LOOP('',(#1379,#1380,#1381,#1382,#1383,#1384));
#287=EDGE_LOOP('',(#1385,#1386,#1387,#1388));
#288=EDGE_LOOP('',(#1389,#1390,#1391,#1392));
#289=EDGE_LOOP('',(#1393,#1394,#1395,#1396));
#290=EDGE_LOOP('',(#1397,#1398,#1399,#1400));
#291=EDGE_LOOP('',(#1401,#1402,#1403,#1404));
#292=EDGE_LOOP('',(#1405,#1406,#1407,#1408,#1409));
#293=EDGE_LOOP('',(#1410,#1411,#1412,#1413,#1414,#1415));
#294=EDGE_LOOP('',(#1416,#1417,#1418,#1419,#1420,#1421,#1422,#1423,#1424,
#1425,#1426));
#295=EDGE_LOOP('',(#1427,#1428,#1429,#1430));
#296=EDGE_LOOP('',(#1431));
#297=EDGE_LOOP('',(#1432));
#298=EDGE_LOOP('',(#1433,#1434,#1435,#1436));
#299=EDGE_LOOP('',(#1437,#1438,#1439,#1440,#1441,#1442));
#300=EDGE_LOOP('',(#1443,#1444,#1445,#1446));
#301=EDGE_LOOP('',(#1447,#1448,#1449,#1450));
#302=EDGE_LOOP('',(#1451,#1452,#1453,#1454,#1455,#1456));
#303=EDGE_LOOP('',(#1457,#1458,#1459,#1460));
#304=EDGE_LOOP('',(#1461,#1462,#1463,#1464,#1465));
#305=EDGE_LOOP('',(#1466));
#306=EDGE_LOOP('',(#1467));
#307=EDGE_LOOP('',(#1468,#1469,#1470,#1471));
#308=EDGE_LOOP('',(#1472,#1473,#1474,#1475));
#309=EDGE_LOOP('',(#1476,#1477,#1478));
#310=EDGE_LOOP('',(#1479,#1480,#1481,#1482));
#311=EDGE_LOOP('',(#1483,#1484,#1485,#1486));
#312=EDGE_LOOP('',(#1487,#1488,#1489,#1490));
#313=EDGE_LOOP('',(#1491,#1492,#1493,#1494,#1495,#1496,#1497,#1498,#1499,
#1500));
#314=EDGE_LOOP('',(#1501,#1502,#1503,#1504,#1505,#1506));
#315=EDGE_LOOP('',(#1507,#1508,#1509,#1510));
#316=EDGE_LOOP('',(#1511,#1512,#1513));
#317=EDGE_LOOP('',(#1514,#1515,#1516,#1517,#1518,#1519,#1520));
#318=EDGE_LOOP('',(#1521,#1522,#1523,#1524,#1525,#1526));
#319=EDGE_LOOP('',(#1527,#1528,#1529));
#320=EDGE_LOOP('',(#1530,#1531,#1532,#1533,#1534,#1535,#1536,#1537));
#321=EDGE_LOOP('',(#1538,#1539,#1540,#1541,#1542,#1543,#1544));
#322=EDGE_LOOP('',(#1545,#1546,#1547,#1548,#1549));
#323=EDGE_LOOP('',(#1550,#1551,#1552,#1553,#1554,#1555));
#324=EDGE_LOOP('',(#1556,#1557,#1558,#1559));
#325=EDGE_LOOP('',(#1560,#1561,#1562,#1563,#1564));
#326=EDGE_LOOP('',(#1565,#1566,#1567,#1568));
#327=EDGE_LOOP('',(#1569,#1570,#1571,#1572));
#328=EDGE_LOOP('',(#1573,#1574,#1575,#1576));
#329=EDGE_LOOP('',(#1577,#1578,#1579,#1580,#1581,#1582));
#330=EDGE_LOOP('',(#1583,#1584,#1585,#1586,#1587));
#331=EDGE_LOOP('',(#1588,#1589,#1590,#1591,#1592));
#332=EDGE_LOOP('',(#1593,#1594,#1595,#1596));
#333=EDGE_LOOP('',(#1597,#1598,#1599,#1600,#1601));
#334=EDGE_LOOP('',(#1602,#1603,#1604,#1605,#1606));
#335=EDGE_LOOP('',(#1607,#1608,#1609,#1610));
#336=EDGE_LOOP('',(#1611,#1612,#1613));
#337=EDGE_LOOP('',(#1614,#1615,#1616,#1617,#1618));
#338=EDGE_LOOP('',(#1619,#1620,#1621,#1622));
#339=EDGE_LOOP('',(#1623));
#340=EDGE_LOOP('',(#1624));
#341=EDGE_LOOP('',(#1625,#1626,#1627,#1628,#1629,#1630));
#342=EDGE_LOOP('',(#1631,#1632,#1633,#1634));
#343=EDGE_LOOP('',(#1635,#1636,#1637,#1638));
#344=EDGE_LOOP('',(#1639,#1640,#1641,#1642));
#345=EDGE_LOOP('',(#1643,#1644,#1645,#1646));
#346=EDGE_LOOP('',(#1647,#1648,#1649,#1650,#1651,#1652,#1653,#1654,#1655,
#1656,#1657,#1658,#1659,#1660,#1661,#1662));
#347=EDGE_LOOP('',(#1663,#1664,#1665,#1666,#1667,#1668));
#348=EDGE_LOOP('',(#1669,#1670,#1671,#1672,#1673,#1674));
#349=EDGE_LOOP('',(#1675,#1676,#1677,#1678,#1679,#1680));
#350=LINE('',#2422,#544);
#351=LINE('',#2428,#545);
#352=LINE('',#2433,#546);
#353=LINE('',#2435,#547);
#354=LINE('',#2437,#548);
#355=LINE('',#2439,#549);
#356=LINE('',#2441,#550);
#357=LINE('',#2442,#551);
#358=LINE('',#2445,#552);
#359=LINE('',#2447,#553);
#360=LINE('',#2449,#554);
#361=LINE('',#2455,#555);
#362=LINE('',#2457,#556);
#363=LINE('',#2459,#557);
#364=LINE('',#2460,#558);
#365=LINE('',#2464,#559);
#366=LINE('',#2466,#560);
#367=LINE('',#2468,#561);
#368=LINE('',#2469,#562);
#369=LINE('',#2473,#563);
#370=LINE('',#2475,#564);
#371=LINE('',#2476,#565);
#372=LINE('',#2479,#566);
#373=LINE('',#2481,#567);
#374=LINE('',#2483,#568);
#375=LINE('',#2484,#569);
#376=LINE('',#2487,#570);
#377=LINE('',#2489,#571);
#378=LINE('',#2490,#572);
#379=LINE('',#2493,#573);
#380=LINE('',#2494,#574);
#381=LINE('',#2497,#575);
#382=LINE('',#2499,#576);
#383=LINE('',#2501,#577);
#384=LINE('',#2502,#578);
#385=LINE('',#2505,#579);
#386=LINE('',#2507,#580);
#387=LINE('',#2509,#581);
#388=LINE('',#2510,#582);
#389=LINE('',#2512,#583);
#390=LINE('',#2515,#584);
#391=LINE('',#2517,#585);
#392=LINE('',#2518,#586);
#393=LINE('',#2520,#587);
#394=LINE('',#2523,#588);
#395=LINE('',#2524,#589);
#396=LINE('',#2528,#590);
#397=LINE('',#2530,#591);
#398=LINE('',#2531,#592);
#399=LINE('',#2533,#593);
#400=LINE('',#2534,#594);
#401=LINE('',#2536,#595);
#402=LINE('',#2537,#596);
#403=LINE('',#2539,#597);
#404=LINE('',#2540,#598);
#405=LINE('',#2543,#599);
#406=LINE('',#2545,#600);
#407=LINE('',#2546,#601);
#408=LINE('',#2549,#602);
#409=LINE('',#2553,#603);
#410=LINE('',#2555,#604);
#411=LINE('',#2559,#605);
#412=LINE('',#2561,#606);
#413=LINE('',#2563,#607);
#414=LINE('',#2567,#608);
#415=LINE('',#2569,#609);
#416=LINE('',#2570,#610);
#417=LINE('',#2572,#611);
#418=LINE('',#2575,#612);
#419=LINE('',#2579,#613);
#420=LINE('',#2581,#614);
#421=LINE('',#2582,#615);
#422=LINE('',#2584,#616);
#423=LINE('',#2585,#617);
#424=LINE('',#2587,#618);
#425=LINE('',#2589,#619);
#426=LINE('',#2596,#620);
#427=LINE('',#2599,#621);
#428=LINE('',#2603,#622);
#429=LINE('',#2607,#623);
#430=LINE('',#2631,#624);
#431=LINE('',#2634,#625);
#432=LINE('',#2635,#626);
#433=LINE('',#2638,#627);
#434=LINE('',#2640,#628);
#435=LINE('',#2642,#629);
#436=LINE('',#2650,#630);
#437=LINE('',#2652,#631);
#438=LINE('',#2653,#632);
#439=LINE('',#2765,#633);
#440=LINE('',#2766,#634);
#441=LINE('',#2768,#635);
#442=LINE('',#2769,#636);
#443=LINE('',#2771,#637);
#444=LINE('',#2778,#638);
#445=LINE('',#2779,#639);
#446=LINE('',#2783,#640);
#447=LINE('',#2784,#641);
#448=LINE('',#2786,#642);
#449=LINE('',#2787,#643);
#450=LINE('',#2793,#644);
#451=LINE('',#2794,#645);
#452=LINE('',#2797,#646);
#453=LINE('',#2798,#647);
#454=LINE('',#2800,#648);
#455=LINE('',#2806,#649);
#456=LINE('',#2812,#650);
#457=LINE('',#2817,#651);
#458=LINE('',#2819,#652);
#459=LINE('',#2821,#653);
#460=LINE('',#2823,#654);
#461=LINE('',#2825,#655);
#462=LINE('',#2826,#656);
#463=LINE('',#2829,#657);
#464=LINE('',#2831,#658);
#465=LINE('',#2832,#659);
#466=LINE('',#2835,#660);
#467=LINE('',#2837,#661);
#468=LINE('',#2839,#662);
#469=LINE('',#2840,#663);
#470=LINE('',#2844,#664);
#471=LINE('',#2846,#665);
#472=LINE('',#2848,#666);
#473=LINE('',#2849,#667);
#474=LINE('',#2852,#668);
#475=LINE('',#2853,#669);
#476=LINE('',#2857,#670);
#477=LINE('',#2858,#671);
#478=LINE('',#2859,#672);
#479=LINE('',#2863,#673);
#480=LINE('',#2873,#674);
#481=LINE('',#2880,#675);
#482=LINE('',#2883,#676);
#483=LINE('',#2909,#677);
#484=LINE('',#2923,#678);
#485=LINE('',#2927,#679);
#486=LINE('',#2948,#680);
#487=LINE('',#2960,#681);
#488=LINE('',#2961,#682);
#489=LINE('',#2971,#683);
#490=LINE('',#3024,#684);
#491=LINE('',#3027,#685);
#492=LINE('',#3029,#686);
#493=LINE('',#3035,#687);
#494=LINE('',#3036,#688);
#495=LINE('',#3040,#689);
#496=LINE('',#3042,#690);
#497=LINE('',#3043,#691);
#498=LINE('',#3044,#692);
#499=LINE('',#3046,#693);
#500=LINE('',#3047,#694);
#501=LINE('',#3050,#695);
#502=LINE('',#3054,#696);
#503=LINE('',#3064,#697);
#504=LINE('',#3066,#698);
#505=LINE('',#3068,#699);
#506=LINE('',#3071,#700);
#507=LINE('',#3073,#701);
#508=LINE('',#3079,#702);
#509=LINE('',#3080,#703);
#510=LINE('',#3083,#704);
#511=LINE('',#3084,#705);
#512=LINE('',#3087,#706);
#513=LINE('',#3088,#707);
#514=LINE('',#3092,#708);
#515=LINE('',#3095,#709);
#516=LINE('',#3096,#710);
#517=LINE('',#3099,#711);
#518=LINE('',#3100,#712);
#519=LINE('',#3103,#713);
#520=LINE('',#3104,#714);
#521=LINE('',#3108,#715);
#522=LINE('',#3111,#716);
#523=LINE('',#3112,#717);
#524=LINE('',#3115,#718);
#525=LINE('',#3116,#719);
#526=LINE('',#3118,#720);
#527=LINE('',#3120,#721);
#528=LINE('',#3123,#722);
#529=LINE('',#3124,#723);
#530=LINE('',#3126,#724);
#531=LINE('',#3127,#725);
#532=LINE('',#3130,#726);
#533=LINE('',#3132,#727);
#534=LINE('',#3133,#728);
#535=LINE('',#3135,#729);
#536=LINE('',#3137,#730);
#537=LINE('',#3139,#731);
#538=LINE('',#3142,#732);
#539=LINE('',#3143,#733);
#540=LINE('',#3146,#734);
#541=LINE('',#3147,#735);
#542=LINE('',#3149,#736);
#543=LINE('',#3152,#737);
#544=VECTOR('',#1961,1.65);
#545=VECTOR('',#1968,1.65);
#546=VECTOR('',#1973,10.);
#547=VECTOR('',#1974,10.);
#548=VECTOR('',#1975,10.);
#549=VECTOR('',#1976,10.);
#550=VECTOR('',#1977,10.);
#551=VECTOR('',#1978,10.);
#552=VECTOR('',#1981,8.20550904812502);
#553=VECTOR('',#1982,11.5319373397948);
#554=VECTOR('',#1983,0.743826358896904);
#555=VECTOR('',#1984,5.87462547575866);
#556=VECTOR('',#1985,10.);
#557=VECTOR('',#1986,10.);
#558=VECTOR('',#1987,10.);
#559=VECTOR('',#1990,10.);
#560=VECTOR('',#1991,10.);
#561=VECTOR('',#1992,10.);
#562=VECTOR('',#1993,10.);
#563=VECTOR('',#1996,10.);
#564=VECTOR('',#1997,10.);
#565=VECTOR('',#1998,10.);
#566=VECTOR('',#2001,10.);
#567=VECTOR('',#2002,10.);
#568=VECTOR('',#2003,10.);
#569=VECTOR('',#2004,10.);
#570=VECTOR('',#2007,10.);
#571=VECTOR('',#2008,10.);
#572=VECTOR('',#2009,10.);
#573=VECTOR('',#2012,10.);
#574=VECTOR('',#2013,10.);
#575=VECTOR('',#2016,10.);
#576=VECTOR('',#2017,10.);
#577=VECTOR('',#2018,10.);
#578=VECTOR('',#2019,10.);
#579=VECTOR('',#2022,10.);
#580=VECTOR('',#2023,10.);
#581=VECTOR('',#2024,10.);
#582=VECTOR('',#2025,10.);
#583=VECTOR('',#2028,10.);
#584=VECTOR('',#2031,10.);
#585=VECTOR('',#2032,10.);
#586=VECTOR('',#2033,10.);
#587=VECTOR('',#2036,10.);
#588=VECTOR('',#2039,10.);
#589=VECTOR('',#2040,10.);
#590=VECTOR('',#2043,10.);
#591=VECTOR('',#2044,10.);
#592=VECTOR('',#2045,10.);
#593=VECTOR('',#2048,10.);
#594=VECTOR('',#2049,10.);
#595=VECTOR('',#2052,10.);
#596=VECTOR('',#2053,10.);
#597=VECTOR('',#2056,10.);
#598=VECTOR('',#2057,10.);
#599=VECTOR('',#2060,10.);
#600=VECTOR('',#2061,10.);
#601=VECTOR('',#2062,10.);
#602=VECTOR('',#2065,12.3349079551679);
#603=VECTOR('',#2068,0.716716899758354);
#604=VECTOR('',#2069,0.0420951960992484);
#605=VECTOR('',#2072,0.0672360371208737);
#606=VECTOR('',#2073,0.42105465318526);
#607=VECTOR('',#2074,0.12023227021033);
#608=VECTOR('',#2077,1.27715838525995);
#609=VECTOR('',#2078,20.3366668577278);
#610=VECTOR('',#2079,10.);
#611=VECTOR('',#2082,10.);
#612=VECTOR('',#2085,10.6107444508263);
#613=VECTOR('',#2090,10.);
#614=VECTOR('',#2091,10.);
#615=VECTOR('',#2092,10.);
#616=VECTOR('',#2095,10.);
#617=VECTOR('',#2096,10.);
#618=VECTOR('',#2099,20.3366668577278);
#619=VECTOR('',#2102,2.);
#620=VECTOR('',#2105,11.8606703376903);
#621=VECTOR('',#2108,12.3261697288493);
#622=VECTOR('',#2111,11.8150838046865);
#623=VECTOR('',#2114,7.78509723719721);
#624=VECTOR('',#2115,0.0133979508579532);
#625=VECTOR('',#2118,13.5319373397948);
#626=VECTOR('',#2119,1.27715838525995);
#627=VECTOR('',#2122,11.8150838046865);
#628=VECTOR('',#2123,0.511054653185259);
#629=VECTOR('',#2124,9.00504516109065);
#630=VECTOR('',#2131,0.40765670232731);
#631=VECTOR('',#2132,11.8157603142137);
#632=VECTOR('',#2133,0.281219005486947);
#633=VECTOR('',#2150,0.766357518503674);
#634=VECTOR('',#2151,0.766357518503674);
#635=VECTOR('',#2154,13.5319373397948);
#636=VECTOR('',#2155,13.5319373397948);
#637=VECTOR('',#2158,13.4998458886617);
#638=VECTOR('',#2169,12.3349079551679);
#639=VECTOR('',#2170,2.);
#640=VECTOR('',#2177,12.8935303518761);
#641=VECTOR('',#2178,11.5741739257547);
#642=VECTOR('',#2181,12.1634155739991);
#643=VECTOR('',#2182,4.57403826678494);
#644=VECTOR('',#2191,10.);
#645=VECTOR('',#2192,10.);
#646=VECTOR('',#2195,10.);
#647=VECTOR('',#2196,10.);
#648=VECTOR('',#2199,10.);
#649=VECTOR('',#2206,1.65);
#650=VECTOR('',#2213,1.65);
#651=VECTOR('',#2218,10.);
#652=VECTOR('',#2219,10.);
#653=VECTOR('',#2220,10.);
#654=VECTOR('',#2221,10.);
#655=VECTOR('',#2222,10.);
#656=VECTOR('',#2223,10.);
#657=VECTOR('',#2226,10.);
#658=VECTOR('',#2227,10.);
#659=VECTOR('',#2228,10.);
#660=VECTOR('',#2231,10.);
#661=VECTOR('',#2232,10.);
#662=VECTOR('',#2233,10.);
#663=VECTOR('',#2234,10.);
#664=VECTOR('',#2237,10.);
#665=VECTOR('',#2238,10.);
#666=VECTOR('',#2239,10.);
#667=VECTOR('',#2240,10.);
#668=VECTOR('',#2243,10.);
#669=VECTOR('',#2244,10.);
#670=VECTOR('',#2247,10.);
#671=VECTOR('',#2248,10.);
#672=VECTOR('',#2249,10.);
#673=VECTOR('',#2252,11.8150838046865);
#674=VECTOR('',#2253,7.78509723719721);
#675=VECTOR('',#2260,0.766357518503674);
#676=VECTOR('',#2263,0.766357518503674);
#677=VECTOR('',#2266,0.511054653185259);
#678=VECTOR('',#2269,9.00504516109065);
#679=VECTOR('',#2272,11.8606703376903);
#680=VECTOR('',#2281,0.281219005486947);
#681=VECTOR('',#2286,0.40765670232731);
#682=VECTOR('',#2287,11.8157603142137);
#683=VECTOR('',#2288,0.0133979508579532);
#684=VECTOR('',#2291,11.8150838046865);
#685=VECTOR('',#2294,1.27715838525995);
#686=VECTOR('',#2295,0.743826358896904);
#687=VECTOR('',#2298,8.20550904812502);
#688=VECTOR('',#2299,20.3366668577278);
#689=VECTOR('',#2302,10.);
#690=VECTOR('',#2303,10.);
#691=VECTOR('',#2304,10.);
#692=VECTOR('',#2305,10.);
#693=VECTOR('',#2306,10.);
#694=VECTOR('',#2307,10.);
#695=VECTOR('',#2310,5.87462547575866);
#696=VECTOR('',#2311,11.5319373397948);
#697=VECTOR('',#2318,10.);
#698=VECTOR('',#2319,12.3261697288493);
#699=VECTOR('',#2322,10.6107444508263);
#700=VECTOR('',#2325,10.);
#701=VECTOR('',#2326,12.3349079551679);
#702=VECTOR('',#2333,4.57403826678494);
#703=VECTOR('',#2334,2.);
#704=VECTOR('',#2337,12.1634155739991);
#705=VECTOR('',#2338,0.716716899758354);
#706=VECTOR('',#2341,0.0420951960992484);
#707=VECTOR('',#2342,11.5741739257547);
#708=VECTOR('',#2347,12.8935303518761);
#709=VECTOR('',#2350,0.0672360371208737);
#710=VECTOR('',#2351,13.5319373397948);
#711=VECTOR('',#2354,0.42105465318526);
#712=VECTOR('',#2355,13.5319373397948);
#713=VECTOR('',#2358,0.12023227021033);
#714=VECTOR('',#2359,13.4998458886617);
#715=VECTOR('',#2364,13.5319373397948);
#716=VECTOR('',#2367,1.27715838525995);
#717=VECTOR('',#2368,2.);
#718=VECTOR('',#2371,10.);
#719=VECTOR('',#2372,20.3366668577278);
#720=VECTOR('',#2375,10.);
#721=VECTOR('',#2378,10.);
#722=VECTOR('',#2381,10.);
#723=VECTOR('',#2382,10.);
#724=VECTOR('',#2383,10.);
#725=VECTOR('',#2384,10.);
#726=VECTOR('',#2387,10.);
#727=VECTOR('',#2388,10.);
#728=VECTOR('',#2389,10.);
#729=VECTOR('',#2392,10.);
#730=VECTOR('',#2395,10.);
#731=VECTOR('',#2398,10.);
#732=VECTOR('',#2401,10.);
#733=VECTOR('',#2402,10.);
#734=VECTOR('',#2405,10.);
#735=VECTOR('',#2406,12.3349079551679);
#736=VECTOR('',#2409,10.);
#737=VECTOR('',#2414,10.);
#738=CIRCLE('',#1823,1.65);
#739=CIRCLE('',#1824,1.65);
#740=CIRCLE('',#1826,1.65);
#741=CIRCLE('',#1827,1.65);
#742=CIRCLE('',#1848,1.23389626792531);
#743=CIRCLE('',#1849,0.722841614740048);
#744=CIRCLE('',#1851,3.25);
#745=CIRCLE('',#1858,8037.09176354077);
#746=CIRCLE('',#1864,1.25);
#747=CIRCLE('',#1867,0.75);
#748=CIRCLE('',#1872,1.25);
#749=CIRCLE('',#1893,1.65);
#750=CIRCLE('',#1894,1.65);
#751=CIRCLE('',#1896,1.65);
#752=CIRCLE('',#1897,1.65);
#753=CIRCLE('',#1907,1.25);
#754=CIRCLE('',#1908,0.75);
#755=CIRCLE('',#1911,1.25);
#756=CIRCLE('',#1924,3.25);
#757=CIRCLE('',#1926,8037.09176354077);
#758=CIRCLE('',#1934,1.23389626792531);
#759=CIRCLE('',#1939,0.722841614740049);
#760=VERTEX_POINT('',#2419);
#761=VERTEX_POINT('',#2421);
#762=VERTEX_POINT('',#2425);
#763=VERTEX_POINT('',#2427);
#764=VERTEX_POINT('',#2431);
#765=VERTEX_POINT('',#2432);
#766=VERTEX_POINT('',#2434);
#767=VERTEX_POINT('',#2436);
#768=VERTEX_POINT('',#2438);
#769=VERTEX_POINT('',#2440);
#770=VERTEX_POINT('',#2444);
#771=VERTEX_POINT('',#2446);
#772=VERTEX_POINT('',#2448);
#773=VERTEX_POINT('',#2450);
#774=VERTEX_POINT('',#2454);
#775=VERTEX_POINT('',#2456);
#776=VERTEX_POINT('',#2458);
#777=VERTEX_POINT('',#2462);
#778=VERTEX_POINT('',#2463);
#779=VERTEX_POINT('',#2465);
#780=VERTEX_POINT('',#2467);
#781=VERTEX_POINT('',#2471);
#782=VERTEX_POINT('',#2472);
#783=VERTEX_POINT('',#2474);
#784=VERTEX_POINT('',#2478);
#785=VERTEX_POINT('',#2480);
#786=VERTEX_POINT('',#2482);
#787=VERTEX_POINT('',#2486);
#788=VERTEX_POINT('',#2488);
#789=VERTEX_POINT('',#2492);
#790=VERTEX_POINT('',#2496);
#791=VERTEX_POINT('',#2498);
#792=VERTEX_POINT('',#2500);
#793=VERTEX_POINT('',#2504);
#794=VERTEX_POINT('',#2506);
#795=VERTEX_POINT('',#2508);
#796=VERTEX_POINT('',#2514);
#797=VERTEX_POINT('',#2516);
#798=VERTEX_POINT('',#2522);
#799=VERTEX_POINT('',#2526);
#800=VERTEX_POINT('',#2527);
#801=VERTEX_POINT('',#2529);
#802=VERTEX_POINT('',#2542);
#803=VERTEX_POINT('',#2544);
#804=VERTEX_POINT('',#2548);
#805=VERTEX_POINT('',#2550);
#806=VERTEX_POINT('',#2552);
#807=VERTEX_POINT('',#2554);
#808=VERTEX_POINT('',#2556);
#809=VERTEX_POINT('',#2558);
#810=VERTEX_POINT('',#2560);
#811=VERTEX_POINT('',#2562);
#812=VERTEX_POINT('',#2564);
#813=VERTEX_POINT('',#2566);
#814=VERTEX_POINT('',#2568);
#815=VERTEX_POINT('',#2573);
#816=VERTEX_POINT('',#2578);
#817=VERTEX_POINT('',#2580);
#818=VERTEX_POINT('',#2591);
#819=VERTEX_POINT('',#2595);
#820=VERTEX_POINT('',#2597);
#821=VERTEX_POINT('',#2601);
#822=VERTEX_POINT('',#2602);
#823=VERTEX_POINT('',#2604);
#824=VERTEX_POINT('',#2606);
#825=VERTEX_POINT('',#2623);
#826=VERTEX_POINT('',#2633);
#827=VERTEX_POINT('',#2637);
#828=VERTEX_POINT('',#2639);
#829=VERTEX_POINT('',#2641);
#830=VERTEX_POINT('',#2649);
#831=VERTEX_POINT('',#2651);
#832=VERTEX_POINT('',#2655);
#833=VERTEX_POINT('',#2656);
#834=VERTEX_POINT('',#2670);
#835=VERTEX_POINT('',#2722);
#836=VERTEX_POINT('',#2723);
#837=VERTEX_POINT('',#2734);
#838=VERTEX_POINT('',#2736);
#839=VERTEX_POINT('',#2749);
#840=VERTEX_POINT('',#2752);
#841=VERTEX_POINT('',#2777);
#842=VERTEX_POINT('',#2792);
#843=VERTEX_POINT('',#2796);
#844=VERTEX_POINT('',#2803);
#845=VERTEX_POINT('',#2805);
#846=VERTEX_POINT('',#2809);
#847=VERTEX_POINT('',#2811);
#848=VERTEX_POINT('',#2815);
#849=VERTEX_POINT('',#2816);
#850=VERTEX_POINT('',#2818);
#851=VERTEX_POINT('',#2820);
#852=VERTEX_POINT('',#2822);
#853=VERTEX_POINT('',#2824);
#854=VERTEX_POINT('',#2828);
#855=VERTEX_POINT('',#2830);
#856=VERTEX_POINT('',#2834);
#857=VERTEX_POINT('',#2836);
#858=VERTEX_POINT('',#2838);
#859=VERTEX_POINT('',#2842);
#860=VERTEX_POINT('',#2843);
#861=VERTEX_POINT('',#2845);
#862=VERTEX_POINT('',#2847);
#863=VERTEX_POINT('',#2851);
#864=VERTEX_POINT('',#2855);
#865=VERTEX_POINT('',#2856);
#866=VERTEX_POINT('',#2861);
#867=VERTEX_POINT('',#2862);
#868=VERTEX_POINT('',#2864);
#869=VERTEX_POINT('',#2872);
#870=VERTEX_POINT('',#2876);
#871=VERTEX_POINT('',#2877);
#872=VERTEX_POINT('',#2879);
#873=VERTEX_POINT('',#2881);
#874=VERTEX_POINT('',#2885);
#875=VERTEX_POINT('',#2896);
#876=VERTEX_POINT('',#2911);
#877=VERTEX_POINT('',#2922);
#878=VERTEX_POINT('',#2924);
#879=VERTEX_POINT('',#2926);
#880=VERTEX_POINT('',#2928);
#881=VERTEX_POINT('',#2930);
#882=VERTEX_POINT('',#2932);
#883=VERTEX_POINT('',#2947);
#884=VERTEX_POINT('',#2959);
#885=VERTEX_POINT('',#2970);
#886=VERTEX_POINT('',#2980);
#887=VERTEX_POINT('',#2985);
#888=VERTEX_POINT('',#3026);
#889=VERTEX_POINT('',#3028);
#890=VERTEX_POINT('',#3034);
#891=VERTEX_POINT('',#3038);
#892=VERTEX_POINT('',#3039);
#893=VERTEX_POINT('',#3041);
#894=VERTEX_POINT('',#3045);
#895=VERTEX_POINT('',#3049);
#896=VERTEX_POINT('',#3056);
#897=VERTEX_POINT('',#3062);
#898=VERTEX_POINT('',#3063);
#899=VERTEX_POINT('',#3065);
#900=VERTEX_POINT('',#3070);
#901=VERTEX_POINT('',#3072);
#902=VERTEX_POINT('',#3076);
#903=VERTEX_POINT('',#3077);
#904=VERTEX_POINT('',#3082);
#905=VERTEX_POINT('',#3086);
#906=VERTEX_POINT('',#3090);
#907=VERTEX_POINT('',#3094);
#908=VERTEX_POINT('',#3098);
#909=VERTEX_POINT('',#3102);
#910=VERTEX_POINT('',#3106);
#911=VERTEX_POINT('',#3110);
#912=VERTEX_POINT('',#3114);
#913=VERTEX_POINT('',#3122);
#914=VERTEX_POINT('',#3125);
#915=VERTEX_POINT('',#3129);
#916=VERTEX_POINT('',#3131);
#917=VERTEX_POINT('',#3141);
#918=VERTEX_POINT('',#3145);
#919=EDGE_CURVE('',#760,#760,#738,.T.);
#920=EDGE_CURVE('',#760,#761,#350,.T.);
#921=EDGE_CURVE('',#761,#761,#739,.T.);
#922=EDGE_CURVE('',#762,#762,#740,.T.);
#923=EDGE_CURVE('',#762,#763,#351,.T.);
#924=EDGE_CURVE('',#763,#763,#741,.T.);
#925=EDGE_CURVE('',#764,#765,#352,.T.);
#926=EDGE_CURVE('',#766,#764,#353,.T.);
#927=EDGE_CURVE('',#767,#766,#354,.T.);
#928=EDGE_CURVE('',#768,#767,#355,.T.);
#929=EDGE_CURVE('',#768,#769,#356,.T.);
#930=EDGE_CURVE('',#765,#769,#357,.T.);
#931=EDGE_CURVE('',#764,#770,#358,.T.);
#932=EDGE_CURVE('',#771,#770,#359,.T.);
#933=EDGE_CURVE('',#772,#771,#360,.T.);
#934=EDGE_CURVE('',#773,#772,#61,.T.);
#935=EDGE_CURVE('',#774,#773,#361,.T.);
#936=EDGE_CURVE('',#774,#775,#362,.T.);
#937=EDGE_CURVE('',#776,#775,#363,.T.);
#938=EDGE_CURVE('',#766,#776,#364,.T.);
#939=EDGE_CURVE('',#777,#778,#365,.T.);
#940=EDGE_CURVE('',#779,#778,#366,.T.);
#941=EDGE_CURVE('',#780,#779,#367,.T.);
#942=EDGE_CURVE('',#777,#780,#368,.T.);
#943=EDGE_CURVE('',#781,#782,#369,.T.);
#944=EDGE_CURVE('',#783,#782,#370,.T.);
#945=EDGE_CURVE('',#781,#783,#371,.T.);
#946=EDGE_CURVE('',#784,#777,#372,.T.);
#947=EDGE_CURVE('',#784,#785,#373,.T.);
#948=EDGE_CURVE('',#785,#786,#374,.T.);
#949=EDGE_CURVE('',#778,#786,#375,.T.);
#950=EDGE_CURVE('',#787,#782,#376,.T.);
#951=EDGE_CURVE('',#788,#787,#377,.T.);
#952=EDGE_CURVE('',#783,#788,#378,.T.);
#953=EDGE_CURVE('',#786,#789,#379,.T.);
#954=EDGE_CURVE('',#789,#785,#380,.T.);
#955=EDGE_CURVE('',#765,#790,#381,.T.);
#956=EDGE_CURVE('',#769,#791,#382,.T.);
#957=EDGE_CURVE('',#791,#792,#383,.T.);
#958=EDGE_CURVE('',#790,#792,#384,.T.);
#959=EDGE_CURVE('',#767,#793,#385,.T.);
#960=EDGE_CURVE('',#793,#794,#386,.T.);
#961=EDGE_CURVE('',#795,#794,#387,.T.);
#962=EDGE_CURVE('',#795,#768,#388,.T.);
#963=EDGE_CURVE('',#776,#793,#389,.T.);
#964=EDGE_CURVE('',#796,#787,#390,.T.);
#965=EDGE_CURVE('',#797,#796,#391,.T.);
#966=EDGE_CURVE('',#797,#788,#392,.T.);
#967=EDGE_CURVE('',#794,#776,#393,.T.);
#968=EDGE_CURVE('',#798,#783,#394,.T.);
#969=EDGE_CURVE('',#798,#797,#395,.T.);
#970=EDGE_CURVE('',#799,#800,#396,.T.);
#971=EDGE_CURVE('',#801,#799,#397,.T.);
#972=EDGE_CURVE('',#800,#801,#398,.T.);
#973=EDGE_CURVE('',#800,#775,#399,.T.);
#974=EDGE_CURVE('',#794,#800,#400,.T.);
#975=EDGE_CURVE('',#780,#799,#401,.T.);
#976=EDGE_CURVE('',#799,#779,#402,.T.);
#977=EDGE_CURVE('',#789,#781,#403,.T.);
#978=EDGE_CURVE('',#801,#798,#404,.T.);
#979=EDGE_CURVE('',#802,#796,#405,.T.);
#980=EDGE_CURVE('',#803,#802,#406,.T.);
#981=EDGE_CURVE('',#794,#803,#407,.T.);
#982=EDGE_CURVE('',#799,#804,#408,.T.);
#983=EDGE_CURVE('',#805,#804,#39,.T.);
#984=EDGE_CURVE('',#806,#805,#409,.T.);
#985=EDGE_CURVE('',#807,#806,#410,.T.);
#986=EDGE_CURVE('',#807,#808,#742,.T.);
#987=EDGE_CURVE('',#808,#809,#411,.F.);
#988=EDGE_CURVE('',#809,#810,#412,.T.);
#989=EDGE_CURVE('',#810,#811,#413,.T.);
#990=EDGE_CURVE('',#812,#811,#743,.T.);
#991=EDGE_CURVE('',#812,#813,#414,.T.);
#992=EDGE_CURVE('',#813,#814,#415,.T.);
#993=EDGE_CURVE('',#814,#784,#416,.T.);
#994=EDGE_CURVE('',#800,#774,#417,.T.);
#995=EDGE_CURVE('',#773,#815,#744,.F.);
#996=EDGE_CURVE('',#815,#800,#418,.T.);
#997=EDGE_CURVE('',#816,#800,#419,.T.);
#998=EDGE_CURVE('',#817,#816,#420,.T.);
#999=EDGE_CURVE('',#799,#817,#421,.T.);
#1000=EDGE_CURVE('',#792,#784,#422,.T.);
#1001=EDGE_CURVE('',#792,#814,#423,.T.);
#1002=EDGE_CURVE('',#770,#790,#424,.T.);
#1003=EDGE_CURVE('',#770,#813,#425,.T.);
#1004=EDGE_CURVE('',#815,#818,#62,.T.);
#1005=EDGE_CURVE('',#819,#818,#426,.T.);
#1006=EDGE_CURVE('',#820,#819,#745,.T.);
#1007=EDGE_CURVE('',#820,#816,#427,.T.);
#1008=EDGE_CURVE('',#821,#822,#428,.F.);
#1009=EDGE_CURVE('',#822,#823,#40,.F.);
#1010=EDGE_CURVE('',#824,#823,#429,.F.);
#1011=EDGE_CURVE('',#821,#824,#21,.T.);
#1012=EDGE_CURVE('',#824,#825,#22,.T.);
#1013=EDGE_CURVE('',#821,#825,#430,.T.);
#1014=EDGE_CURVE('',#826,#812,#431,.F.);
#1015=EDGE_CURVE('',#771,#826,#432,.T.);
#1016=EDGE_CURVE('',#827,#826,#433,.T.);
#1017=EDGE_CURVE('',#827,#828,#434,.F.);
#1018=EDGE_CURVE('',#828,#829,#435,.T.);
#1019=EDGE_CURVE('',#829,#772,#63,.T.);
#1020=EDGE_CURVE('',#818,#829,#746,.T.);
#1021=EDGE_CURVE('',#830,#821,#436,.T.);
#1022=EDGE_CURVE('',#830,#831,#437,.F.);
#1023=EDGE_CURVE('',#831,#822,#438,.F.);
#1024=EDGE_CURVE('',#832,#833,#747,.F.);
#1025=EDGE_CURVE('',#832,#827,#23,.T.);
#1026=EDGE_CURVE('',#834,#826,#24,.F.);
#1027=EDGE_CURVE('',#834,#824,#25,.T.);
#1028=EDGE_CURVE('',#823,#833,#26,.T.);
#1029=EDGE_CURVE('',#835,#836,#27,.T.);
#1030=EDGE_CURVE('',#836,#837,#41,.T.);
#1031=EDGE_CURVE('',#837,#838,#28,.T.);
#1032=EDGE_CURVE('',#838,#839,#42,.T.);
#1033=EDGE_CURVE('',#839,#819,#43,.T.);
#1034=EDGE_CURVE('',#828,#840,#29,.T.);
#1035=EDGE_CURVE('',#835,#840,#748,.T.);
#1036=EDGE_CURVE('',#840,#832,#439,.T.);
#1037=EDGE_CURVE('',#833,#835,#440,.T.);
#1038=EDGE_CURVE('',#809,#830,#441,.T.);
#1039=EDGE_CURVE('',#825,#810,#442,.T.);
#1040=EDGE_CURVE('',#811,#834,#443,.T.);
#1041=EDGE_CURVE('',#831,#836,#44,.T.);
#1042=EDGE_CURVE('',#817,#841,#444,.T.);
#1043=EDGE_CURVE('',#841,#804,#445,.T.);
#1044=EDGE_CURVE('',#820,#841,#45,.T.);
#1045=EDGE_CURVE('',#837,#808,#446,.T.);
#1046=EDGE_CURVE('',#838,#807,#447,.T.);
#1047=EDGE_CURVE('',#839,#806,#448,.T.);
#1048=EDGE_CURVE('',#819,#805,#449,.T.);
#1049=EDGE_CURVE('',#842,#791,#450,.T.);
#1050=EDGE_CURVE('',#802,#842,#451,.T.);
#1051=EDGE_CURVE('',#842,#843,#452,.T.);
#1052=EDGE_CURVE('',#843,#803,#453,.T.);
#1053=EDGE_CURVE('',#843,#795,#454,.T.);
#1054=EDGE_CURVE('',#844,#844,#749,.T.);
#1055=EDGE_CURVE('',#844,#845,#455,.T.);
#1056=EDGE_CURVE('',#845,#845,#750,.T.);
#1057=EDGE_CURVE('',#846,#846,#751,.T.);
#1058=EDGE_CURVE('',#846,#847,#456,.T.);
#1059=EDGE_CURVE('',#847,#847,#752,.T.);
#1060=EDGE_CURVE('',#848,#849,#457,.T.);
#1061=EDGE_CURVE('',#850,#848,#458,.T.);
#1062=EDGE_CURVE('',#851,#850,#459,.T.);
#1063=EDGE_CURVE('',#852,#851,#460,.T.);
#1064=EDGE_CURVE('',#852,#853,#461,.T.);
#1065=EDGE_CURVE('',#849,#853,#462,.T.);
#1066=EDGE_CURVE('',#849,#854,#463,.T.);
#1067=EDGE_CURVE('',#853,#855,#464,.T.);
#1068=EDGE_CURVE('',#854,#855,#465,.T.);
#1069=EDGE_CURVE('',#856,#855,#466,.T.);
#1070=EDGE_CURVE('',#856,#857,#467,.T.);
#1071=EDGE_CURVE('',#857,#858,#468,.T.);
#1072=EDGE_CURVE('',#858,#854,#469,.T.);
#1073=EDGE_CURVE('',#859,#860,#470,.T.);
#1074=EDGE_CURVE('',#861,#860,#471,.T.);
#1075=EDGE_CURVE('',#861,#862,#472,.T.);
#1076=EDGE_CURVE('',#859,#862,#473,.T.);
#1077=EDGE_CURVE('',#863,#858,#474,.T.);
#1078=EDGE_CURVE('',#849,#863,#475,.T.);
#1079=EDGE_CURVE('',#864,#865,#476,.T.);
#1080=EDGE_CURVE('',#865,#857,#477,.T.);
#1081=EDGE_CURVE('',#857,#864,#478,.T.);
#1082=EDGE_CURVE('',#866,#867,#479,.F.);
#1083=EDGE_CURVE('',#866,#868,#30,.T.);
#1084=EDGE_CURVE('',#868,#869,#480,.F.);
#1085=EDGE_CURVE('',#867,#869,#46,.F.);
#1086=EDGE_CURVE('',#870,#871,#753,.T.);
#1087=EDGE_CURVE('',#872,#870,#481,.T.);
#1088=EDGE_CURVE('',#873,#872,#754,.F.);
#1089=EDGE_CURVE('',#871,#873,#482,.T.);
#1090=EDGE_CURVE('',#874,#871,#31,.T.);
#1091=EDGE_CURVE('',#873,#875,#32,.T.);
#1092=EDGE_CURVE('',#875,#874,#483,.F.);
#1093=EDGE_CURVE('',#870,#876,#33,.T.);
#1094=EDGE_CURVE('',#874,#877,#484,.T.);
#1095=EDGE_CURVE('',#878,#877,#755,.T.);
#1096=EDGE_CURVE('',#879,#878,#485,.T.);
#1097=EDGE_CURVE('',#880,#879,#47,.T.);
#1098=EDGE_CURVE('',#881,#880,#48,.T.);
#1099=EDGE_CURVE('',#882,#881,#34,.T.);
#1100=EDGE_CURVE('',#876,#882,#49,.T.);
#1101=EDGE_CURVE('',#883,#867,#486,.F.);
#1102=EDGE_CURVE('',#869,#872,#35,.T.);
#1103=EDGE_CURVE('',#883,#876,#50,.T.);
#1104=EDGE_CURVE('',#884,#866,#487,.T.);
#1105=EDGE_CURVE('',#884,#883,#488,.F.);
#1106=EDGE_CURVE('',#866,#885,#489,.T.);
#1107=EDGE_CURVE('',#868,#885,#36,.T.);
#1108=EDGE_CURVE('',#886,#868,#37,.T.);
#1109=EDGE_CURVE('',#886,#887,#38,.F.);
#1110=EDGE_CURVE('',#875,#887,#490,.T.);
#1111=EDGE_CURVE('',#888,#887,#491,.T.);
#1112=EDGE_CURVE('',#889,#888,#492,.T.);
#1113=EDGE_CURVE('',#877,#889,#64,.T.);
#1114=EDGE_CURVE('',#848,#890,#493,.T.);
#1115=EDGE_CURVE('',#890,#850,#494,.T.);
#1116=EDGE_CURVE('',#891,#892,#495,.F.);
#1117=EDGE_CURVE('',#893,#892,#496,.T.);
#1118=EDGE_CURVE('',#852,#893,#497,.T.);
#1119=EDGE_CURVE('',#860,#851,#498,.T.);
#1120=EDGE_CURVE('',#859,#894,#499,.T.);
#1121=EDGE_CURVE('',#894,#891,#500,.T.);
#1122=EDGE_CURVE('',#863,#895,#501,.T.);
#1123=EDGE_CURVE('',#895,#889,#65,.T.);
#1124=EDGE_CURVE('',#888,#890,#502,.T.);
#1125=EDGE_CURVE('',#895,#896,#756,.F.);
#1126=EDGE_CURVE('',#896,#878,#66,.T.);
#1127=EDGE_CURVE('',#897,#898,#503,.T.);
#1128=EDGE_CURVE('',#899,#898,#504,.T.);
#1129=EDGE_CURVE('',#899,#879,#757,.T.);
#1130=EDGE_CURVE('',#896,#897,#505,.T.);
#1131=EDGE_CURVE('',#898,#900,#506,.T.);
#1132=EDGE_CURVE('',#900,#901,#507,.T.);
#1133=EDGE_CURVE('',#899,#901,#51,.T.);
#1134=EDGE_CURVE('',#902,#903,#52,.T.);
#1135=EDGE_CURVE('',#879,#902,#508,.T.);
#1136=EDGE_CURVE('',#901,#903,#509,.T.);
#1137=EDGE_CURVE('',#880,#904,#510,.T.);
#1138=EDGE_CURVE('',#904,#902,#511,.T.);
#1139=EDGE_CURVE('',#905,#904,#512,.T.);
#1140=EDGE_CURVE('',#881,#905,#513,.T.);
#1141=EDGE_CURVE('',#905,#906,#758,.T.);
#1142=EDGE_CURVE('',#882,#906,#514,.T.);
#1143=EDGE_CURVE('',#906,#907,#515,.F.);
#1144=EDGE_CURVE('',#907,#884,#516,.T.);
#1145=EDGE_CURVE('',#907,#908,#517,.T.);
#1146=EDGE_CURVE('',#885,#908,#518,.T.);
#1147=EDGE_CURVE('',#908,#909,#519,.T.);
#1148=EDGE_CURVE('',#909,#886,#520,.T.);
#1149=EDGE_CURVE('',#910,#909,#759,.T.);
#1150=EDGE_CURVE('',#887,#910,#521,.F.);
#1151=EDGE_CURVE('',#910,#911,#522,.T.);
#1152=EDGE_CURVE('',#890,#911,#523,.T.);
#1153=EDGE_CURVE('',#912,#851,#524,.T.);
#1154=EDGE_CURVE('',#911,#912,#525,.T.);
#1155=EDGE_CURVE('',#861,#912,#526,.T.);
#1156=EDGE_CURVE('',#862,#894,#527,.T.);
#1157=EDGE_CURVE('',#894,#913,#528,.T.);
#1158=EDGE_CURVE('',#913,#864,#529,.T.);
#1159=EDGE_CURVE('',#864,#914,#530,.T.);
#1160=EDGE_CURVE('',#914,#891,#531,.F.);
#1161=EDGE_CURVE('',#892,#915,#532,.F.);
#1162=EDGE_CURVE('',#916,#915,#533,.T.);
#1163=EDGE_CURVE('',#893,#916,#534,.T.);
#1164=EDGE_CURVE('',#916,#856,#535,.T.);
#1165=EDGE_CURVE('',#915,#914,#536,.F.);
#1166=EDGE_CURVE('',#863,#897,#537,.T.);
#1167=EDGE_CURVE('',#917,#897,#538,.T.);
#1168=EDGE_CURVE('',#900,#917,#539,.T.);
#1169=EDGE_CURVE('',#900,#918,#540,.T.);
#1170=EDGE_CURVE('',#918,#903,#541,.T.);
#1171=EDGE_CURVE('',#918,#913,#542,.T.);
#1172=EDGE_CURVE('',#917,#865,#543,.T.);
#1173=ORIENTED_EDGE('',*,*,#919,.F.);
#1174=ORIENTED_EDGE('',*,*,#920,.T.);
#1175=ORIENTED_EDGE('',*,*,#921,.F.);
#1176=ORIENTED_EDGE('',*,*,#920,.F.);
#1177=ORIENTED_EDGE('',*,*,#922,.F.);
#1178=ORIENTED_EDGE('',*,*,#923,.T.);
#1179=ORIENTED_EDGE('',*,*,#924,.F.);
#1180=ORIENTED_EDGE('',*,*,#923,.F.);
#1181=ORIENTED_EDGE('',*,*,#925,.F.);
#1182=ORIENTED_EDGE('',*,*,#926,.F.);
#1183=ORIENTED_EDGE('',*,*,#927,.F.);
#1184=ORIENTED_EDGE('',*,*,#928,.F.);
#1185=ORIENTED_EDGE('',*,*,#929,.T.);
#1186=ORIENTED_EDGE('',*,*,#930,.F.);
#1187=ORIENTED_EDGE('',*,*,#931,.T.);
#1188=ORIENTED_EDGE('',*,*,#932,.F.);
#1189=ORIENTED_EDGE('',*,*,#933,.F.);
#1190=ORIENTED_EDGE('',*,*,#934,.F.);
#1191=ORIENTED_EDGE('',*,*,#935,.F.);
#1192=ORIENTED_EDGE('',*,*,#936,.T.);
#1193=ORIENTED_EDGE('',*,*,#937,.F.);
#1194=ORIENTED_EDGE('',*,*,#938,.F.);
#1195=ORIENTED_EDGE('',*,*,#926,.T.);
#1196=ORIENTED_EDGE('',*,*,#939,.T.);
#1197=ORIENTED_EDGE('',*,*,#940,.F.);
#1198=ORIENTED_EDGE('',*,*,#941,.F.);
#1199=ORIENTED_EDGE('',*,*,#942,.F.);
#1200=ORIENTED_EDGE('',*,*,#943,.T.);
#1201=ORIENTED_EDGE('',*,*,#944,.F.);
#1202=ORIENTED_EDGE('',*,*,#945,.F.);
#1203=ORIENTED_EDGE('',*,*,#939,.F.);
#1204=ORIENTED_EDGE('',*,*,#946,.F.);
#1205=ORIENTED_EDGE('',*,*,#947,.T.);
#1206=ORIENTED_EDGE('',*,*,#948,.T.);
#1207=ORIENTED_EDGE('',*,*,#949,.F.);
#1208=ORIENTED_EDGE('',*,*,#950,.F.);
#1209=ORIENTED_EDGE('',*,*,#951,.F.);
#1210=ORIENTED_EDGE('',*,*,#952,.F.);
#1211=ORIENTED_EDGE('',*,*,#944,.T.);
#1212=ORIENTED_EDGE('',*,*,#953,.F.);
#1213=ORIENTED_EDGE('',*,*,#948,.F.);
#1214=ORIENTED_EDGE('',*,*,#954,.F.);
#1215=ORIENTED_EDGE('',*,*,#955,.F.);
#1216=ORIENTED_EDGE('',*,*,#930,.T.);
#1217=ORIENTED_EDGE('',*,*,#956,.T.);
#1218=ORIENTED_EDGE('',*,*,#957,.T.);
#1219=ORIENTED_EDGE('',*,*,#958,.F.);
#1220=ORIENTED_EDGE('',*,*,#928,.T.);
#1221=ORIENTED_EDGE('',*,*,#959,.T.);
#1222=ORIENTED_EDGE('',*,*,#960,.T.);
#1223=ORIENTED_EDGE('',*,*,#961,.F.);
#1224=ORIENTED_EDGE('',*,*,#962,.T.);
#1225=ORIENTED_EDGE('',*,*,#919,.T.);
#1226=ORIENTED_EDGE('',*,*,#922,.T.);
#1227=ORIENTED_EDGE('',*,*,#927,.T.);
#1228=ORIENTED_EDGE('',*,*,#938,.T.);
#1229=ORIENTED_EDGE('',*,*,#963,.T.);
#1230=ORIENTED_EDGE('',*,*,#959,.F.);
#1231=ORIENTED_EDGE('',*,*,#964,.F.);
#1232=ORIENTED_EDGE('',*,*,#965,.F.);
#1233=ORIENTED_EDGE('',*,*,#966,.T.);
#1234=ORIENTED_EDGE('',*,*,#951,.T.);
#1235=ORIENTED_EDGE('',*,*,#960,.F.);
#1236=ORIENTED_EDGE('',*,*,#963,.F.);
#1237=ORIENTED_EDGE('',*,*,#967,.F.);
#1238=ORIENTED_EDGE('',*,*,#968,.T.);
#1239=ORIENTED_EDGE('',*,*,#952,.T.);
#1240=ORIENTED_EDGE('',*,*,#966,.F.);
#1241=ORIENTED_EDGE('',*,*,#969,.F.);
#1242=ORIENTED_EDGE('',*,*,#970,.F.);
#1243=ORIENTED_EDGE('',*,*,#971,.F.);
#1244=ORIENTED_EDGE('',*,*,#972,.F.);
#1245=ORIENTED_EDGE('',*,*,#973,.F.);
#1246=ORIENTED_EDGE('',*,*,#974,.F.);
#1247=ORIENTED_EDGE('',*,*,#967,.T.);
#1248=ORIENTED_EDGE('',*,*,#937,.T.);
#1249=ORIENTED_EDGE('',*,*,#975,.F.);
#1250=ORIENTED_EDGE('',*,*,#941,.T.);
#1251=ORIENTED_EDGE('',*,*,#976,.F.);
#1252=ORIENTED_EDGE('',*,*,#949,.T.);
#1253=ORIENTED_EDGE('',*,*,#953,.T.);
#1254=ORIENTED_EDGE('',*,*,#977,.T.);
#1255=ORIENTED_EDGE('',*,*,#945,.T.);
#1256=ORIENTED_EDGE('',*,*,#968,.F.);
#1257=ORIENTED_EDGE('',*,*,#978,.F.);
#1258=ORIENTED_EDGE('',*,*,#971,.T.);
#1259=ORIENTED_EDGE('',*,*,#976,.T.);
#1260=ORIENTED_EDGE('',*,*,#940,.T.);
#1261=ORIENTED_EDGE('',*,*,#972,.T.);
#1262=ORIENTED_EDGE('',*,*,#978,.T.);
#1263=ORIENTED_EDGE('',*,*,#969,.T.);
#1264=ORIENTED_EDGE('',*,*,#965,.T.);
#1265=ORIENTED_EDGE('',*,*,#979,.F.);
#1266=ORIENTED_EDGE('',*,*,#980,.F.);
#1267=ORIENTED_EDGE('',*,*,#981,.F.);
#1268=ORIENTED_EDGE('',*,*,#974,.T.);
#1269=ORIENTED_EDGE('',*,*,#942,.T.);
#1270=ORIENTED_EDGE('',*,*,#975,.T.);
#1271=ORIENTED_EDGE('',*,*,#982,.T.);
#1272=ORIENTED_EDGE('',*,*,#983,.F.);
#1273=ORIENTED_EDGE('',*,*,#984,.F.);
#1274=ORIENTED_EDGE('',*,*,#985,.F.);
#1275=ORIENTED_EDGE('',*,*,#986,.T.);
#1276=ORIENTED_EDGE('',*,*,#987,.T.);
#1277=ORIENTED_EDGE('',*,*,#988,.T.);
#1278=ORIENTED_EDGE('',*,*,#989,.T.);
#1279=ORIENTED_EDGE('',*,*,#990,.F.);
#1280=ORIENTED_EDGE('',*,*,#991,.T.);
#1281=ORIENTED_EDGE('',*,*,#992,.T.);
#1282=ORIENTED_EDGE('',*,*,#993,.T.);
#1283=ORIENTED_EDGE('',*,*,#946,.T.);
#1284=ORIENTED_EDGE('',*,*,#994,.T.);
#1285=ORIENTED_EDGE('',*,*,#935,.T.);
#1286=ORIENTED_EDGE('',*,*,#995,.T.);
#1287=ORIENTED_EDGE('',*,*,#996,.T.);
#1288=ORIENTED_EDGE('',*,*,#973,.T.);
#1289=ORIENTED_EDGE('',*,*,#936,.F.);
#1290=ORIENTED_EDGE('',*,*,#994,.F.);
#1291=ORIENTED_EDGE('',*,*,#970,.T.);
#1292=ORIENTED_EDGE('',*,*,#997,.F.);
#1293=ORIENTED_EDGE('',*,*,#998,.F.);
#1294=ORIENTED_EDGE('',*,*,#999,.F.);
#1295=ORIENTED_EDGE('',*,*,#1000,.T.);
#1296=ORIENTED_EDGE('',*,*,#993,.F.);
#1297=ORIENTED_EDGE('',*,*,#1001,.F.);
#1298=ORIENTED_EDGE('',*,*,#955,.T.);
#1299=ORIENTED_EDGE('',*,*,#1002,.F.);
#1300=ORIENTED_EDGE('',*,*,#931,.F.);
#1301=ORIENTED_EDGE('',*,*,#925,.T.);
#1302=ORIENTED_EDGE('',*,*,#958,.T.);
#1303=ORIENTED_EDGE('',*,*,#1001,.T.);
#1304=ORIENTED_EDGE('',*,*,#992,.F.);
#1305=ORIENTED_EDGE('',*,*,#1003,.F.);
#1306=ORIENTED_EDGE('',*,*,#1002,.T.);
#1307=ORIENTED_EDGE('',*,*,#997,.T.);
#1308=ORIENTED_EDGE('',*,*,#996,.F.);
#1309=ORIENTED_EDGE('',*,*,#1004,.T.);
#1310=ORIENTED_EDGE('',*,*,#1005,.F.);
#1311=ORIENTED_EDGE('',*,*,#1006,.F.);
#1312=ORIENTED_EDGE('',*,*,#1007,.T.);
#1313=ORIENTED_EDGE('',*,*,#1008,.T.);
#1314=ORIENTED_EDGE('',*,*,#1009,.T.);
#1315=ORIENTED_EDGE('',*,*,#1010,.F.);
#1316=ORIENTED_EDGE('',*,*,#1011,.F.);
#1317=ORIENTED_EDGE('',*,*,#1011,.T.);
#1318=ORIENTED_EDGE('',*,*,#1012,.T.);
#1319=ORIENTED_EDGE('',*,*,#1013,.F.);
#1320=ORIENTED_EDGE('',*,*,#991,.F.);
#1321=ORIENTED_EDGE('',*,*,#1014,.F.);
#1322=ORIENTED_EDGE('',*,*,#1015,.F.);
#1323=ORIENTED_EDGE('',*,*,#932,.T.);
#1324=ORIENTED_EDGE('',*,*,#1003,.T.);
#1325=ORIENTED_EDGE('',*,*,#1016,.F.);
#1326=ORIENTED_EDGE('',*,*,#1017,.T.);
#1327=ORIENTED_EDGE('',*,*,#1018,.T.);
#1328=ORIENTED_EDGE('',*,*,#1019,.T.);
#1329=ORIENTED_EDGE('',*,*,#933,.T.);
#1330=ORIENTED_EDGE('',*,*,#1015,.T.);
#1331=ORIENTED_EDGE('',*,*,#995,.F.);
#1332=ORIENTED_EDGE('',*,*,#934,.T.);
#1333=ORIENTED_EDGE('',*,*,#1019,.F.);
#1334=ORIENTED_EDGE('',*,*,#1020,.F.);
#1335=ORIENTED_EDGE('',*,*,#1004,.F.);
#1336=ORIENTED_EDGE('',*,*,#1021,.F.);
#1337=ORIENTED_EDGE('',*,*,#1022,.T.);
#1338=ORIENTED_EDGE('',*,*,#1023,.T.);
#1339=ORIENTED_EDGE('',*,*,#1008,.F.);
#1340=ORIENTED_EDGE('',*,*,#1024,.F.);
#1341=ORIENTED_EDGE('',*,*,#1025,.T.);
#1342=ORIENTED_EDGE('',*,*,#1016,.T.);
#1343=ORIENTED_EDGE('',*,*,#1026,.F.);
#1344=ORIENTED_EDGE('',*,*,#1027,.T.);
#1345=ORIENTED_EDGE('',*,*,#1010,.T.);
#1346=ORIENTED_EDGE('',*,*,#1028,.T.);
#1347=ORIENTED_EDGE('',*,*,#1029,.T.);
#1348=ORIENTED_EDGE('',*,*,#1030,.T.);
#1349=ORIENTED_EDGE('',*,*,#1031,.T.);
#1350=ORIENTED_EDGE('',*,*,#1032,.T.);
#1351=ORIENTED_EDGE('',*,*,#1033,.T.);
#1352=ORIENTED_EDGE('',*,*,#1005,.T.);
#1353=ORIENTED_EDGE('',*,*,#1020,.T.);
#1354=ORIENTED_EDGE('',*,*,#1018,.F.);
#1355=ORIENTED_EDGE('',*,*,#1034,.T.);
#1356=ORIENTED_EDGE('',*,*,#1035,.F.);
#1357=ORIENTED_EDGE('',*,*,#1035,.T.);
#1358=ORIENTED_EDGE('',*,*,#1036,.T.);
#1359=ORIENTED_EDGE('',*,*,#1024,.T.);
#1360=ORIENTED_EDGE('',*,*,#1037,.T.);
#1361=ORIENTED_EDGE('',*,*,#988,.F.);
#1362=ORIENTED_EDGE('',*,*,#1038,.T.);
#1363=ORIENTED_EDGE('',*,*,#1021,.T.);
#1364=ORIENTED_EDGE('',*,*,#1013,.T.);
#1365=ORIENTED_EDGE('',*,*,#1039,.T.);
#1366=ORIENTED_EDGE('',*,*,#1040,.T.);
#1367=ORIENTED_EDGE('',*,*,#1026,.T.);
#1368=ORIENTED_EDGE('',*,*,#1014,.T.);
#1369=ORIENTED_EDGE('',*,*,#990,.T.);
#1370=ORIENTED_EDGE('',*,*,#989,.F.);
#1371=ORIENTED_EDGE('',*,*,#1039,.F.);
#1372=ORIENTED_EDGE('',*,*,#1012,.F.);
#1373=ORIENTED_EDGE('',*,*,#1027,.F.);
#1374=ORIENTED_EDGE('',*,*,#1040,.F.);
#1375=ORIENTED_EDGE('',*,*,#1034,.F.);
#1376=ORIENTED_EDGE('',*,*,#1017,.F.);
#1377=ORIENTED_EDGE('',*,*,#1025,.F.);
#1378=ORIENTED_EDGE('',*,*,#1036,.F.);
#1379=ORIENTED_EDGE('',*,*,#1023,.F.);
#1380=ORIENTED_EDGE('',*,*,#1041,.T.);
#1381=ORIENTED_EDGE('',*,*,#1029,.F.);
#1382=ORIENTED_EDGE('',*,*,#1037,.F.);
#1383=ORIENTED_EDGE('',*,*,#1028,.F.);
#1384=ORIENTED_EDGE('',*,*,#1009,.F.);
#1385=ORIENTED_EDGE('',*,*,#999,.T.);
#1386=ORIENTED_EDGE('',*,*,#1042,.T.);
#1387=ORIENTED_EDGE('',*,*,#1043,.T.);
#1388=ORIENTED_EDGE('',*,*,#982,.F.);
#1389=ORIENTED_EDGE('',*,*,#998,.T.);
#1390=ORIENTED_EDGE('',*,*,#1007,.F.);
#1391=ORIENTED_EDGE('',*,*,#1044,.T.);
#1392=ORIENTED_EDGE('',*,*,#1042,.F.);
#1393=ORIENTED_EDGE('',*,*,#1031,.F.);
#1394=ORIENTED_EDGE('',*,*,#1045,.T.);
#1395=ORIENTED_EDGE('',*,*,#986,.F.);
#1396=ORIENTED_EDGE('',*,*,#1046,.F.);
#1397=ORIENTED_EDGE('',*,*,#1047,.T.);
#1398=ORIENTED_EDGE('',*,*,#984,.T.);
#1399=ORIENTED_EDGE('',*,*,#1048,.F.);
#1400=ORIENTED_EDGE('',*,*,#1033,.F.);
#1401=ORIENTED_EDGE('',*,*,#1032,.F.);
#1402=ORIENTED_EDGE('',*,*,#1046,.T.);
#1403=ORIENTED_EDGE('',*,*,#985,.T.);
#1404=ORIENTED_EDGE('',*,*,#1047,.F.);
#1405=ORIENTED_EDGE('',*,*,#983,.T.);
#1406=ORIENTED_EDGE('',*,*,#1043,.F.);
#1407=ORIENTED_EDGE('',*,*,#1044,.F.);
#1408=ORIENTED_EDGE('',*,*,#1006,.T.);
#1409=ORIENTED_EDGE('',*,*,#1048,.T.);
#1410=ORIENTED_EDGE('',*,*,#1022,.F.);
#1411=ORIENTED_EDGE('',*,*,#1038,.F.);
#1412=ORIENTED_EDGE('',*,*,#987,.F.);
#1413=ORIENTED_EDGE('',*,*,#1045,.F.);
#1414=ORIENTED_EDGE('',*,*,#1030,.F.);
#1415=ORIENTED_EDGE('',*,*,#1041,.F.);
#1416=ORIENTED_EDGE('',*,*,#977,.F.);
#1417=ORIENTED_EDGE('',*,*,#954,.T.);
#1418=ORIENTED_EDGE('',*,*,#947,.F.);
#1419=ORIENTED_EDGE('',*,*,#1000,.F.);
#1420=ORIENTED_EDGE('',*,*,#957,.F.);
#1421=ORIENTED_EDGE('',*,*,#1049,.F.);
#1422=ORIENTED_EDGE('',*,*,#1050,.F.);
#1423=ORIENTED_EDGE('',*,*,#979,.T.);
#1424=ORIENTED_EDGE('',*,*,#964,.T.);
#1425=ORIENTED_EDGE('',*,*,#950,.T.);
#1426=ORIENTED_EDGE('',*,*,#943,.F.);
#1427=ORIENTED_EDGE('',*,*,#1051,.T.);
#1428=ORIENTED_EDGE('',*,*,#1052,.T.);
#1429=ORIENTED_EDGE('',*,*,#980,.T.);
#1430=ORIENTED_EDGE('',*,*,#1050,.T.);
#1431=ORIENTED_EDGE('',*,*,#921,.T.);
#1432=ORIENTED_EDGE('',*,*,#924,.T.);
#1433=ORIENTED_EDGE('',*,*,#1053,.T.);
#1434=ORIENTED_EDGE('',*,*,#961,.T.);
#1435=ORIENTED_EDGE('',*,*,#981,.T.);
#1436=ORIENTED_EDGE('',*,*,#1052,.F.);
#1437=ORIENTED_EDGE('',*,*,#1053,.F.);
#1438=ORIENTED_EDGE('',*,*,#1051,.F.);
#1439=ORIENTED_EDGE('',*,*,#1049,.T.);
#1440=ORIENTED_EDGE('',*,*,#956,.F.);
#1441=ORIENTED_EDGE('',*,*,#929,.F.);
#1442=ORIENTED_EDGE('',*,*,#962,.F.);
#1443=ORIENTED_EDGE('',*,*,#1054,.F.);
#1444=ORIENTED_EDGE('',*,*,#1055,.T.);
#1445=ORIENTED_EDGE('',*,*,#1056,.F.);
#1446=ORIENTED_EDGE('',*,*,#1055,.F.);
#1447=ORIENTED_EDGE('',*,*,#1057,.F.);
#1448=ORIENTED_EDGE('',*,*,#1058,.T.);
#1449=ORIENTED_EDGE('',*,*,#1059,.F.);
#1450=ORIENTED_EDGE('',*,*,#1058,.F.);
#1451=ORIENTED_EDGE('',*,*,#1060,.F.);
#1452=ORIENTED_EDGE('',*,*,#1061,.F.);
#1453=ORIENTED_EDGE('',*,*,#1062,.F.);
#1454=ORIENTED_EDGE('',*,*,#1063,.F.);
#1455=ORIENTED_EDGE('',*,*,#1064,.T.);
#1456=ORIENTED_EDGE('',*,*,#1065,.F.);
#1457=ORIENTED_EDGE('',*,*,#1066,.F.);
#1458=ORIENTED_EDGE('',*,*,#1065,.T.);
#1459=ORIENTED_EDGE('',*,*,#1067,.T.);
#1460=ORIENTED_EDGE('',*,*,#1068,.F.);
#1461=ORIENTED_EDGE('',*,*,#1068,.T.);
#1462=ORIENTED_EDGE('',*,*,#1069,.F.);
#1463=ORIENTED_EDGE('',*,*,#1070,.T.);
#1464=ORIENTED_EDGE('',*,*,#1071,.T.);
#1465=ORIENTED_EDGE('',*,*,#1072,.T.);
#1466=ORIENTED_EDGE('',*,*,#1054,.T.);
#1467=ORIENTED_EDGE('',*,*,#1057,.T.);
#1468=ORIENTED_EDGE('',*,*,#1073,.T.);
#1469=ORIENTED_EDGE('',*,*,#1074,.F.);
#1470=ORIENTED_EDGE('',*,*,#1075,.T.);
#1471=ORIENTED_EDGE('',*,*,#1076,.F.);
#1472=ORIENTED_EDGE('',*,*,#1066,.T.);
#1473=ORIENTED_EDGE('',*,*,#1072,.F.);
#1474=ORIENTED_EDGE('',*,*,#1077,.F.);
#1475=ORIENTED_EDGE('',*,*,#1078,.F.);
#1476=ORIENTED_EDGE('',*,*,#1079,.T.);
#1477=ORIENTED_EDGE('',*,*,#1080,.T.);
#1478=ORIENTED_EDGE('',*,*,#1081,.T.);
#1479=ORIENTED_EDGE('',*,*,#1082,.F.);
#1480=ORIENTED_EDGE('',*,*,#1083,.T.);
#1481=ORIENTED_EDGE('',*,*,#1084,.T.);
#1482=ORIENTED_EDGE('',*,*,#1085,.F.);
#1483=ORIENTED_EDGE('',*,*,#1086,.F.);
#1484=ORIENTED_EDGE('',*,*,#1087,.F.);
#1485=ORIENTED_EDGE('',*,*,#1088,.F.);
#1486=ORIENTED_EDGE('',*,*,#1089,.F.);
#1487=ORIENTED_EDGE('',*,*,#1090,.T.);
#1488=ORIENTED_EDGE('',*,*,#1089,.T.);
#1489=ORIENTED_EDGE('',*,*,#1091,.T.);
#1490=ORIENTED_EDGE('',*,*,#1092,.T.);
#1491=ORIENTED_EDGE('',*,*,#1093,.F.);
#1492=ORIENTED_EDGE('',*,*,#1086,.T.);
#1493=ORIENTED_EDGE('',*,*,#1090,.F.);
#1494=ORIENTED_EDGE('',*,*,#1094,.T.);
#1495=ORIENTED_EDGE('',*,*,#1095,.F.);
#1496=ORIENTED_EDGE('',*,*,#1096,.F.);
#1497=ORIENTED_EDGE('',*,*,#1097,.F.);
#1498=ORIENTED_EDGE('',*,*,#1098,.F.);
#1499=ORIENTED_EDGE('',*,*,#1099,.F.);
#1500=ORIENTED_EDGE('',*,*,#1100,.F.);
#1501=ORIENTED_EDGE('',*,*,#1101,.T.);
#1502=ORIENTED_EDGE('',*,*,#1085,.T.);
#1503=ORIENTED_EDGE('',*,*,#1102,.T.);
#1504=ORIENTED_EDGE('',*,*,#1087,.T.);
#1505=ORIENTED_EDGE('',*,*,#1093,.T.);
#1506=ORIENTED_EDGE('',*,*,#1103,.F.);
#1507=ORIENTED_EDGE('',*,*,#1104,.T.);
#1508=ORIENTED_EDGE('',*,*,#1082,.T.);
#1509=ORIENTED_EDGE('',*,*,#1101,.F.);
#1510=ORIENTED_EDGE('',*,*,#1105,.F.);
#1511=ORIENTED_EDGE('',*,*,#1083,.F.);
#1512=ORIENTED_EDGE('',*,*,#1106,.T.);
#1513=ORIENTED_EDGE('',*,*,#1107,.F.);
#1514=ORIENTED_EDGE('',*,*,#1088,.T.);
#1515=ORIENTED_EDGE('',*,*,#1102,.F.);
#1516=ORIENTED_EDGE('',*,*,#1084,.F.);
#1517=ORIENTED_EDGE('',*,*,#1108,.F.);
#1518=ORIENTED_EDGE('',*,*,#1109,.T.);
#1519=ORIENTED_EDGE('',*,*,#1110,.F.);
#1520=ORIENTED_EDGE('',*,*,#1091,.F.);
#1521=ORIENTED_EDGE('',*,*,#1110,.T.);
#1522=ORIENTED_EDGE('',*,*,#1111,.F.);
#1523=ORIENTED_EDGE('',*,*,#1112,.F.);
#1524=ORIENTED_EDGE('',*,*,#1113,.F.);
#1525=ORIENTED_EDGE('',*,*,#1094,.F.);
#1526=ORIENTED_EDGE('',*,*,#1092,.F.);
#1527=ORIENTED_EDGE('',*,*,#1061,.T.);
#1528=ORIENTED_EDGE('',*,*,#1114,.T.);
#1529=ORIENTED_EDGE('',*,*,#1115,.T.);
#1530=ORIENTED_EDGE('',*,*,#1116,.T.);
#1531=ORIENTED_EDGE('',*,*,#1117,.F.);
#1532=ORIENTED_EDGE('',*,*,#1118,.F.);
#1533=ORIENTED_EDGE('',*,*,#1063,.T.);
#1534=ORIENTED_EDGE('',*,*,#1119,.F.);
#1535=ORIENTED_EDGE('',*,*,#1073,.F.);
#1536=ORIENTED_EDGE('',*,*,#1120,.T.);
#1537=ORIENTED_EDGE('',*,*,#1121,.T.);
#1538=ORIENTED_EDGE('',*,*,#1060,.T.);
#1539=ORIENTED_EDGE('',*,*,#1078,.T.);
#1540=ORIENTED_EDGE('',*,*,#1122,.T.);
#1541=ORIENTED_EDGE('',*,*,#1123,.T.);
#1542=ORIENTED_EDGE('',*,*,#1112,.T.);
#1543=ORIENTED_EDGE('',*,*,#1124,.T.);
#1544=ORIENTED_EDGE('',*,*,#1114,.F.);
#1545=ORIENTED_EDGE('',*,*,#1125,.T.);
#1546=ORIENTED_EDGE('',*,*,#1126,.T.);
#1547=ORIENTED_EDGE('',*,*,#1095,.T.);
#1548=ORIENTED_EDGE('',*,*,#1113,.T.);
#1549=ORIENTED_EDGE('',*,*,#1123,.F.);
#1550=ORIENTED_EDGE('',*,*,#1127,.T.);
#1551=ORIENTED_EDGE('',*,*,#1128,.F.);
#1552=ORIENTED_EDGE('',*,*,#1129,.T.);
#1553=ORIENTED_EDGE('',*,*,#1096,.T.);
#1554=ORIENTED_EDGE('',*,*,#1126,.F.);
#1555=ORIENTED_EDGE('',*,*,#1130,.T.);
#1556=ORIENTED_EDGE('',*,*,#1131,.T.);
#1557=ORIENTED_EDGE('',*,*,#1132,.T.);
#1558=ORIENTED_EDGE('',*,*,#1133,.F.);
#1559=ORIENTED_EDGE('',*,*,#1128,.T.);
#1560=ORIENTED_EDGE('',*,*,#1134,.F.);
#1561=ORIENTED_EDGE('',*,*,#1135,.F.);
#1562=ORIENTED_EDGE('',*,*,#1129,.F.);
#1563=ORIENTED_EDGE('',*,*,#1133,.T.);
#1564=ORIENTED_EDGE('',*,*,#1136,.T.);
#1565=ORIENTED_EDGE('',*,*,#1137,.F.);
#1566=ORIENTED_EDGE('',*,*,#1097,.T.);
#1567=ORIENTED_EDGE('',*,*,#1135,.T.);
#1568=ORIENTED_EDGE('',*,*,#1138,.F.);
#1569=ORIENTED_EDGE('',*,*,#1098,.T.);
#1570=ORIENTED_EDGE('',*,*,#1137,.T.);
#1571=ORIENTED_EDGE('',*,*,#1139,.F.);
#1572=ORIENTED_EDGE('',*,*,#1140,.F.);
#1573=ORIENTED_EDGE('',*,*,#1099,.T.);
#1574=ORIENTED_EDGE('',*,*,#1140,.T.);
#1575=ORIENTED_EDGE('',*,*,#1141,.T.);
#1576=ORIENTED_EDGE('',*,*,#1142,.F.);
#1577=ORIENTED_EDGE('',*,*,#1105,.T.);
#1578=ORIENTED_EDGE('',*,*,#1103,.T.);
#1579=ORIENTED_EDGE('',*,*,#1100,.T.);
#1580=ORIENTED_EDGE('',*,*,#1142,.T.);
#1581=ORIENTED_EDGE('',*,*,#1143,.T.);
#1582=ORIENTED_EDGE('',*,*,#1144,.T.);
#1583=ORIENTED_EDGE('',*,*,#1145,.T.);
#1584=ORIENTED_EDGE('',*,*,#1146,.F.);
#1585=ORIENTED_EDGE('',*,*,#1106,.F.);
#1586=ORIENTED_EDGE('',*,*,#1104,.F.);
#1587=ORIENTED_EDGE('',*,*,#1144,.F.);
#1588=ORIENTED_EDGE('',*,*,#1147,.T.);
#1589=ORIENTED_EDGE('',*,*,#1148,.T.);
#1590=ORIENTED_EDGE('',*,*,#1108,.T.);
#1591=ORIENTED_EDGE('',*,*,#1107,.T.);
#1592=ORIENTED_EDGE('',*,*,#1146,.T.);
#1593=ORIENTED_EDGE('',*,*,#1148,.F.);
#1594=ORIENTED_EDGE('',*,*,#1149,.F.);
#1595=ORIENTED_EDGE('',*,*,#1150,.F.);
#1596=ORIENTED_EDGE('',*,*,#1109,.F.);
#1597=ORIENTED_EDGE('',*,*,#1151,.T.);
#1598=ORIENTED_EDGE('',*,*,#1152,.F.);
#1599=ORIENTED_EDGE('',*,*,#1124,.F.);
#1600=ORIENTED_EDGE('',*,*,#1111,.T.);
#1601=ORIENTED_EDGE('',*,*,#1150,.T.);
#1602=ORIENTED_EDGE('',*,*,#1153,.T.);
#1603=ORIENTED_EDGE('',*,*,#1062,.T.);
#1604=ORIENTED_EDGE('',*,*,#1115,.F.);
#1605=ORIENTED_EDGE('',*,*,#1152,.T.);
#1606=ORIENTED_EDGE('',*,*,#1154,.T.);
#1607=ORIENTED_EDGE('',*,*,#1119,.T.);
#1608=ORIENTED_EDGE('',*,*,#1153,.F.);
#1609=ORIENTED_EDGE('',*,*,#1155,.F.);
#1610=ORIENTED_EDGE('',*,*,#1074,.T.);
#1611=ORIENTED_EDGE('',*,*,#1120,.F.);
#1612=ORIENTED_EDGE('',*,*,#1076,.T.);
#1613=ORIENTED_EDGE('',*,*,#1156,.T.);
#1614=ORIENTED_EDGE('',*,*,#1157,.T.);
#1615=ORIENTED_EDGE('',*,*,#1158,.T.);
#1616=ORIENTED_EDGE('',*,*,#1159,.T.);
#1617=ORIENTED_EDGE('',*,*,#1160,.T.);
#1618=ORIENTED_EDGE('',*,*,#1121,.F.);
#1619=ORIENTED_EDGE('',*,*,#1161,.T.);
#1620=ORIENTED_EDGE('',*,*,#1162,.F.);
#1621=ORIENTED_EDGE('',*,*,#1163,.F.);
#1622=ORIENTED_EDGE('',*,*,#1117,.T.);
#1623=ORIENTED_EDGE('',*,*,#1056,.T.);
#1624=ORIENTED_EDGE('',*,*,#1059,.T.);
#1625=ORIENTED_EDGE('',*,*,#1118,.T.);
#1626=ORIENTED_EDGE('',*,*,#1163,.T.);
#1627=ORIENTED_EDGE('',*,*,#1164,.T.);
#1628=ORIENTED_EDGE('',*,*,#1069,.T.);
#1629=ORIENTED_EDGE('',*,*,#1067,.F.);
#1630=ORIENTED_EDGE('',*,*,#1064,.F.);
#1631=ORIENTED_EDGE('',*,*,#1160,.F.);
#1632=ORIENTED_EDGE('',*,*,#1165,.F.);
#1633=ORIENTED_EDGE('',*,*,#1161,.F.);
#1634=ORIENTED_EDGE('',*,*,#1116,.F.);
#1635=ORIENTED_EDGE('',*,*,#1166,.T.);
#1636=ORIENTED_EDGE('',*,*,#1130,.F.);
#1637=ORIENTED_EDGE('',*,*,#1125,.F.);
#1638=ORIENTED_EDGE('',*,*,#1122,.F.);
#1639=ORIENTED_EDGE('',*,*,#1127,.F.);
#1640=ORIENTED_EDGE('',*,*,#1167,.F.);
#1641=ORIENTED_EDGE('',*,*,#1168,.F.);
#1642=ORIENTED_EDGE('',*,*,#1131,.F.);
#1643=ORIENTED_EDGE('',*,*,#1169,.T.);
#1644=ORIENTED_EDGE('',*,*,#1170,.T.);
#1645=ORIENTED_EDGE('',*,*,#1136,.F.);
#1646=ORIENTED_EDGE('',*,*,#1132,.F.);
#1647=ORIENTED_EDGE('',*,*,#1171,.T.);
#1648=ORIENTED_EDGE('',*,*,#1157,.F.);
#1649=ORIENTED_EDGE('',*,*,#1156,.F.);
#1650=ORIENTED_EDGE('',*,*,#1075,.F.);
#1651=ORIENTED_EDGE('',*,*,#1155,.T.);
#1652=ORIENTED_EDGE('',*,*,#1154,.F.);
#1653=ORIENTED_EDGE('',*,*,#1151,.F.);
#1654=ORIENTED_EDGE('',*,*,#1149,.T.);
#1655=ORIENTED_EDGE('',*,*,#1147,.F.);
#1656=ORIENTED_EDGE('',*,*,#1145,.F.);
#1657=ORIENTED_EDGE('',*,*,#1143,.F.);
#1658=ORIENTED_EDGE('',*,*,#1141,.F.);
#1659=ORIENTED_EDGE('',*,*,#1139,.T.);
#1660=ORIENTED_EDGE('',*,*,#1138,.T.);
#1661=ORIENTED_EDGE('',*,*,#1134,.T.);
#1662=ORIENTED_EDGE('',*,*,#1170,.F.);
#1663=ORIENTED_EDGE('',*,*,#1165,.T.);
#1664=ORIENTED_EDGE('',*,*,#1159,.F.);
#1665=ORIENTED_EDGE('',*,*,#1081,.F.);
#1666=ORIENTED_EDGE('',*,*,#1070,.F.);
#1667=ORIENTED_EDGE('',*,*,#1164,.F.);
#1668=ORIENTED_EDGE('',*,*,#1162,.T.);
#1669=ORIENTED_EDGE('',*,*,#1080,.F.);
#1670=ORIENTED_EDGE('',*,*,#1172,.F.);
#1671=ORIENTED_EDGE('',*,*,#1167,.T.);
#1672=ORIENTED_EDGE('',*,*,#1166,.F.);
#1673=ORIENTED_EDGE('',*,*,#1077,.T.);
#1674=ORIENTED_EDGE('',*,*,#1071,.F.);
#1675=ORIENTED_EDGE('',*,*,#1158,.F.);
#1676=ORIENTED_EDGE('',*,*,#1171,.F.);
#1677=ORIENTED_EDGE('',*,*,#1169,.F.);
#1678=ORIENTED_EDGE('',*,*,#1168,.T.);
#1679=ORIENTED_EDGE('',*,*,#1172,.T.);
#1680=ORIENTED_EDGE('',*,*,#1079,.F.);
#1681=CYLINDRICAL_SURFACE('',#1822,1.65);
#1682=CYLINDRICAL_SURFACE('',#1825,1.65);
#1683=CYLINDRICAL_SURFACE('',#1866,0.75);
#1684=CYLINDRICAL_SURFACE('',#1868,1.25);
#1685=CYLINDRICAL_SURFACE('',#1875,0.722841614740048);
#1686=CYLINDRICAL_SURFACE('',#1877,0.5);
#1687=CYLINDRICAL_SURFACE('',#1878,0.5);
#1688=CYLINDRICAL_SURFACE('',#1883,1.23389626792531);
#1689=CYLINDRICAL_SURFACE('',#1886,1.30442055967633);
#1690=CYLINDRICAL_SURFACE('',#1892,1.65);
#1691=CYLINDRICAL_SURFACE('',#1895,1.65);
#1692=CYLINDRICAL_SURFACE('',#1909,0.5);
#1693=CYLINDRICAL_SURFACE('',#1910,1.25);
#1694=CYLINDRICAL_SURFACE('',#1915,0.5);
#1695=CYLINDRICAL_SURFACE('',#1918,0.75);
#1696=CYLINDRICAL_SURFACE('',#1929,1.30442055967633);
#1697=CYLINDRICAL_SURFACE('',#1933,1.23389626792531);
#1698=CYLINDRICAL_SURFACE('',#1938,0.722841614740048);
#1699=ADVANCED_FACE('',(#144),#1681,.F.);
#1700=ADVANCED_FACE('',(#145),#1682,.F.);
#1701=ADVANCED_FACE('',(#146),#67,.T.);
#1702=ADVANCED_FACE('',(#147),#68,.T.);
#1703=ADVANCED_FACE('',(#148),#69,.T.);
#1704=ADVANCED_FACE('',(#149),#70,.T.);
#1705=ADVANCED_FACE('',(#150),#71,.T.);
#1706=ADVANCED_FACE('',(#151),#72,.F.);
#1707=ADVANCED_FACE('',(#152),#73,.T.);
#1708=ADVANCED_FACE('',(#153),#74,.T.);
#1709=ADVANCED_FACE('',(#154,#53,#54),#75,.T.);
#1710=ADVANCED_FACE('',(#155),#76,.F.);
#1711=ADVANCED_FACE('',(#156),#77,.T.);
#1712=ADVANCED_FACE('',(#157),#78,.F.);
#1713=ADVANCED_FACE('',(#158),#79,.F.);
#1714=ADVANCED_FACE('',(#159),#80,.T.);
#1715=ADVANCED_FACE('',(#160),#81,.T.);
#1716=ADVANCED_FACE('',(#161),#82,.T.);
#1717=ADVANCED_FACE('',(#162),#83,.T.);
#1718=ADVANCED_FACE('',(#163),#84,.T.);
#1719=ADVANCED_FACE('',(#164),#85,.T.);
#1720=ADVANCED_FACE('',(#165),#86,.T.);
#1721=ADVANCED_FACE('',(#166),#87,.F.);
#1722=ADVANCED_FACE('',(#167),#88,.F.);
#1723=ADVANCED_FACE('',(#168),#89,.F.);
#1724=ADVANCED_FACE('',(#169),#90,.F.);
#1725=ADVANCED_FACE('',(#170),#91,.F.);
#1726=ADVANCED_FACE('',(#171),#92,.T.);
#1727=ADVANCED_FACE('',(#172),#93,.F.);
#1728=ADVANCED_FACE('',(#173),#19,.T.);
#1729=ADVANCED_FACE('',(#174),#94,.F.);
#1730=ADVANCED_FACE('',(#175),#95,.T.);
#1731=ADVANCED_FACE('',(#176),#17,.T.);
#1732=ADVANCED_FACE('',(#177),#96,.T.);
#1733=ADVANCED_FACE('',(#178),#1683,.F.);
#1734=ADVANCED_FACE('',(#179),#1684,.T.);
#1735=ADVANCED_FACE('',(#180),#97,.T.);
#1736=ADVANCED_FACE('',(#181),#98,.F.);
#1737=ADVANCED_FACE('',(#182),#1685,.F.);
#1738=ADVANCED_FACE('',(#183),#99,.F.);
#1739=ADVANCED_FACE('',(#184),#1686,.T.);
#1740=ADVANCED_FACE('',(#185),#1687,.T.);
#1741=ADVANCED_FACE('',(#186),#100,.F.);
#1742=ADVANCED_FACE('',(#187),#101,.F.);
#1743=ADVANCED_FACE('',(#188),#1688,.T.);
#1744=ADVANCED_FACE('',(#189),#102,.F.);
#1745=ADVANCED_FACE('',(#190),#103,.F.);
#1746=ADVANCED_FACE('',(#191),#1689,.F.);
#1747=ADVANCED_FACE('',(#192),#104,.F.);
#1748=ADVANCED_FACE('',(#193),#105,.T.);
#1749=ADVANCED_FACE('',(#194,#55,#56),#106,.T.);
#1750=ADVANCED_FACE('',(#195),#107,.T.);
#1751=ADVANCED_FACE('',(#196),#108,.T.);
#1752=ADVANCED_FACE('',(#197),#1690,.F.);
#1753=ADVANCED_FACE('',(#198),#1691,.F.);
#1754=ADVANCED_FACE('',(#199),#109,.T.);
#1755=ADVANCED_FACE('',(#200),#110,.T.);
#1756=ADVANCED_FACE('',(#201,#57,#58),#111,.T.);
#1757=ADVANCED_FACE('',(#202),#112,.T.);
#1758=ADVANCED_FACE('',(#203),#113,.T.);
#1759=ADVANCED_FACE('',(#204),#114,.F.);
#1760=ADVANCED_FACE('',(#205),#115,.T.);
#1761=ADVANCED_FACE('',(#206),#116,.F.);
#1762=ADVANCED_FACE('',(#207),#1692,.T.);
#1763=ADVANCED_FACE('',(#208),#1693,.T.);
#1764=ADVANCED_FACE('',(#209),#1694,.T.);
#1765=ADVANCED_FACE('',(#210),#117,.F.);
#1766=ADVANCED_FACE('',(#211),#20,.F.);
#1767=ADVANCED_FACE('',(#212),#1695,.F.);
#1768=ADVANCED_FACE('',(#213),#118,.F.);
#1769=ADVANCED_FACE('',(#214),#119,.T.);
#1770=ADVANCED_FACE('',(#215),#120,.T.);
#1771=ADVANCED_FACE('',(#216),#121,.F.);
#1772=ADVANCED_FACE('',(#217),#18,.T.);
#1773=ADVANCED_FACE('',(#218),#122,.F.);
#1774=ADVANCED_FACE('',(#219),#123,.T.);
#1775=ADVANCED_FACE('',(#220),#1696,.F.);
#1776=ADVANCED_FACE('',(#221),#124,.T.);
#1777=ADVANCED_FACE('',(#222),#125,.T.);
#1778=ADVANCED_FACE('',(#223),#1697,.T.);
#1779=ADVANCED_FACE('',(#224),#126,.T.);
#1780=ADVANCED_FACE('',(#225),#127,.T.);
#1781=ADVANCED_FACE('',(#226),#128,.T.);
#1782=ADVANCED_FACE('',(#227),#1698,.F.);
#1783=ADVANCED_FACE('',(#228),#129,.T.);
#1784=ADVANCED_FACE('',(#229),#130,.T.);
#1785=ADVANCED_FACE('',(#230),#131,.F.);
#1786=ADVANCED_FACE('',(#231),#132,.F.);
#1787=ADVANCED_FACE('',(#232),#133,.T.);
#1788=ADVANCED_FACE('',(#233,#59,#60),#134,.T.);
#1789=ADVANCED_FACE('',(#234),#135,.T.);
#1790=ADVANCED_FACE('',(#235),#136,.T.);
#1791=ADVANCED_FACE('',(#236),#137,.F.);
#1792=ADVANCED_FACE('',(#237),#138,.F.);
#1793=ADVANCED_FACE('',(#238),#139,.T.);
#1794=ADVANCED_FACE('',(#239),#140,.F.);
#1795=ADVANCED_FACE('',(#240),#141,.T.);
#1796=ADVANCED_FACE('',(#241),#142,.T.);
#1797=ADVANCED_FACE('',(#242),#143,.T.);
#1798=CLOSED_SHELL('',(#1699,#1700,#1701,#1702,#1703,#1704,#1705,#1706,
#1707,#1708,#1709,#1710,#1711,#1712,#1713,#1714,#1715,#1716,#1717,#1718,
#1719,#1720,#1721,#1722,#1723,#1724,#1725,#1726,#1727,#1728,#1729,#1730,
#1731,#1732,#1733,#1734,#1735,#1736,#1737,#1738,#1739,#1740,#1741,#1742,
#1743,#1744,#1745,#1746,#1747,#1748,#1749,#1750,#1751));
#1799=CLOSED_SHELL('',(#1752,#1753,#1754,#1755,#1756,#1757,#1758,#1759,
#1760,#1761,#1762,#1763,#1764,#1765,#1766,#1767,#1768,#1769,#1770,#1771,
#1772,#1773,#1774,#1775,#1776,#1777,#1778,#1779,#1780,#1781,#1782,#1783,
#1784,#1785,#1786,#1787,#1788,#1789,#1790,#1791,#1792,#1793,#1794,#1795,
#1796,#1797));
#1800=DERIVED_UNIT_ELEMENT(#1803,1.);
#1801=DERIVED_UNIT_ELEMENT(#3159,-3.);
#1802=DIMENSIONAL_EXPONENTS(0.,1.,0.,0.,0.,0.,0.);
#1803=(
CONVERSION_BASED_UNIT('gram',#1805)
MASS_UNIT()
NAMED_UNIT(#1802)
);
#1804=(
MASS_UNIT()
NAMED_UNIT(*)
SI_UNIT(.KILO.,.GRAM.)
);
#1805=MASS_MEASURE_WITH_UNIT(MASS_MEASURE(0.001),#1804);
#1806=DERIVED_UNIT((#1800,#1801));
#1807=MEASURE_REPRESENTATION_ITEM('density measure',
POSITIVE_RATIO_MEASURE(1.),#1806);
#1808=PROPERTY_DEFINITION_REPRESENTATION(#1813,#1810);
#1809=PROPERTY_DEFINITION_REPRESENTATION(#1814,#1811);
#1810=REPRESENTATION('material name',(#1812),#3156);
#1811=REPRESENTATION('density',(#1807),#3156);
#1812=DESCRIPTIVE_REPRESENTATION_ITEM('\X2\4E00822C\X0\','\X2\4E00822C\X0\');
#1813=PROPERTY_DEFINITION('material property','material name',#3166);
#1814=PROPERTY_DEFINITION('material property','density of part',#3166);
#1815=DATE_TIME_ROLE('creation_date');
#1816=APPLIED_DATE_AND_TIME_ASSIGNMENT(#1817,#1815,(#3166));
#1817=DATE_AND_TIME(#1818,#1819);
#1818=CALENDAR_DATE(2025,8,4);
#1819=LOCAL_TIME(11,29,12.,#1820);
#1820=COORDINATED_UNIVERSAL_TIME_OFFSET(0,0,.BEHIND.);
#1821=AXIS2_PLACEMENT_3D('',#2417,#1955,#1956);
#1822=AXIS2_PLACEMENT_3D('',#2418,#1957,#1958);
#1823=AXIS2_PLACEMENT_3D('',#2420,#1959,#1960);
#1824=AXIS2_PLACEMENT_3D('',#2423,#1962,#1963);
#1825=AXIS2_PLACEMENT_3D('',#2424,#1964,#1965);
#1826=AXIS2_PLACEMENT_3D('',#2426,#1966,#1967);
#1827=AXIS2_PLACEMENT_3D('',#2429,#1969,#1970);
#1828=AXIS2_PLACEMENT_3D('',#2430,#1971,#1972);
#1829=AXIS2_PLACEMENT_3D('',#2443,#1979,#1980);
#1830=AXIS2_PLACEMENT_3D('',#2461,#1988,#1989);
#1831=AXIS2_PLACEMENT_3D('',#2470,#1994,#1995);
#1832=AXIS2_PLACEMENT_3D('',#2477,#1999,#2000);
#1833=AXIS2_PLACEMENT_3D('',#2485,#2005,#2006);
#1834=AXIS2_PLACEMENT_3D('',#2491,#2010,#2011);
#1835=AXIS2_PLACEMENT_3D('',#2495,#2014,#2015);
#1836=AXIS2_PLACEMENT_3D('',#2503,#2020,#2021);
#1837=AXIS2_PLACEMENT_3D('',#2511,#2026,#2027);
#1838=AXIS2_PLACEMENT_3D('',#2513,#2029,#2030);
#1839=AXIS2_PLACEMENT_3D('',#2519,#2034,#2035);
#1840=AXIS2_PLACEMENT_3D('',#2521,#2037,#2038);
#1841=AXIS2_PLACEMENT_3D('',#2525,#2041,#2042);
#1842=AXIS2_PLACEMENT_3D('',#2532,#2046,#2047);
#1843=AXIS2_PLACEMENT_3D('',#2535,#2050,#2051);
#1844=AXIS2_PLACEMENT_3D('',#2538,#2054,#2055);
#1845=AXIS2_PLACEMENT_3D('',#2541,#2058,#2059);
#1846=AXIS2_PLACEMENT_3D('',#2547,#2063,#2064);
#1847=AXIS2_PLACEMENT_3D('',#2551,#2066,#2067);
#1848=AXIS2_PLACEMENT_3D('',#2557,#2070,#2071);
#1849=AXIS2_PLACEMENT_3D('',#2565,#2075,#2076);
#1850=AXIS2_PLACEMENT_3D('',#2571,#2080,#2081);
#1851=AXIS2_PLACEMENT_3D('',#2574,#2083,#2084);
#1852=AXIS2_PLACEMENT_3D('',#2576,#2086,#2087);
#1853=AXIS2_PLACEMENT_3D('',#2577,#2088,#2089);
#1854=AXIS2_PLACEMENT_3D('',#2583,#2093,#2094);
#1855=AXIS2_PLACEMENT_3D('',#2586,#2097,#2098);
#1856=AXIS2_PLACEMENT_3D('',#2588,#2100,#2101);
#1857=AXIS2_PLACEMENT_3D('',#2590,#2103,#2104);
#1858=AXIS2_PLACEMENT_3D('',#2598,#2106,#2107);
#1859=AXIS2_PLACEMENT_3D('',#2600,#2109,#2110);
#1860=AXIS2_PLACEMENT_3D('',#2605,#2112,#2113);
#1861=AXIS2_PLACEMENT_3D('',#2632,#2116,#2117);
#1862=AXIS2_PLACEMENT_3D('',#2636,#2120,#2121);
#1863=AXIS2_PLACEMENT_3D('',#2646,#2125,#2126);
#1864=AXIS2_PLACEMENT_3D('',#2647,#2127,#2128);
#1865=AXIS2_PLACEMENT_3D('',#2648,#2129,#2130);
#1866=AXIS2_PLACEMENT_3D('',#2654,#2134,#2135);
#1867=AXIS2_PLACEMENT_3D('',#2657,#2136,#2137);
#1868=AXIS2_PLACEMENT_3D('',#2721,#2138,#2139);
#1869=AXIS2_PLACEMENT_3D('',#2735,#2140,#2141);
#1870=AXIS2_PLACEMENT_3D('',#2750,#2142,#2143);
#1871=AXIS2_PLACEMENT_3D('',#2751,#2144,#2145);
#1872=AXIS2_PLACEMENT_3D('',#2763,#2146,#2147);
#1873=AXIS2_PLACEMENT_3D('',#2764,#2148,#2149);
#1874=AXIS2_PLACEMENT_3D('',#2767,#2152,#2153);
#1875=AXIS2_PLACEMENT_3D('',#2770,#2156,#2157);
#1876=AXIS2_PLACEMENT_3D('',#2772,#2159,#2160);
#1877=AXIS2_PLACEMENT_3D('',#2773,#2161,#2162);
#1878=AXIS2_PLACEMENT_3D('',#2774,#2163,#2164);
#1879=AXIS2_PLACEMENT_3D('',#2775,#2165,#2166);
#1880=AXIS2_PLACEMENT_3D('',#2776,#2167,#2168);
#1881=AXIS2_PLACEMENT_3D('',#2780,#2171,#2172);
#1882=AXIS2_PLACEMENT_3D('',#2781,#2173,#2174);
#1883=AXIS2_PLACEMENT_3D('',#2782,#2175,#2176);
#1884=AXIS2_PLACEMENT_3D('',#2785,#2179,#2180);
#1885=AXIS2_PLACEMENT_3D('',#2788,#2183,#2184);
#1886=AXIS2_PLACEMENT_3D('',#2789,#2185,#2186);
#1887=AXIS2_PLACEMENT_3D('',#2790,#2187,#2188);
#1888=AXIS2_PLACEMENT_3D('',#2791,#2189,#2190);
#1889=AXIS2_PLACEMENT_3D('',#2795,#2193,#2194);
#1890=AXIS2_PLACEMENT_3D('',#2799,#2197,#2198);
#1891=AXIS2_PLACEMENT_3D('',#2801,#2200,#2201);
#1892=AXIS2_PLACEMENT_3D('',#2802,#2202,#2203);
#1893=AXIS2_PLACEMENT_3D('',#2804,#2204,#2205);
#1894=AXIS2_PLACEMENT_3D('',#2807,#2207,#2208);
#1895=AXIS2_PLACEMENT_3D('',#2808,#2209,#2210);
#1896=AXIS2_PLACEMENT_3D('',#2810,#2211,#2212);
#1897=AXIS2_PLACEMENT_3D('',#2813,#2214,#2215);
#1898=AXIS2_PLACEMENT_3D('',#2814,#2216,#2217);
#1899=AXIS2_PLACEMENT_3D('',#2827,#2224,#2225);
#1900=AXIS2_PLACEMENT_3D('',#2833,#2229,#2230);
#1901=AXIS2_PLACEMENT_3D('',#2841,#2235,#2236);
#1902=AXIS2_PLACEMENT_3D('',#2850,#2241,#2242);
#1903=AXIS2_PLACEMENT_3D('',#2854,#2245,#2246);
#1904=AXIS2_PLACEMENT_3D('',#2860,#2250,#2251);
#1905=AXIS2_PLACEMENT_3D('',#2874,#2254,#2255);
#1906=AXIS2_PLACEMENT_3D('',#2875,#2256,#2257);
#1907=AXIS2_PLACEMENT_3D('',#2878,#2258,#2259);
#1908=AXIS2_PLACEMENT_3D('',#2882,#2261,#2262);
#1909=AXIS2_PLACEMENT_3D('',#2884,#2264,#2265);
#1910=AXIS2_PLACEMENT_3D('',#2910,#2267,#2268);
#1911=AXIS2_PLACEMENT_3D('',#2925,#2270,#2271);
#1912=AXIS2_PLACEMENT_3D('',#2929,#2273,#2274);
#1913=AXIS2_PLACEMENT_3D('',#2931,#2275,#2276);
#1914=AXIS2_PLACEMENT_3D('',#2945,#2277,#2278);
#1915=AXIS2_PLACEMENT_3D('',#2946,#2279,#2280);
#1916=AXIS2_PLACEMENT_3D('',#2957,#2282,#2283);
#1917=AXIS2_PLACEMENT_3D('',#2958,#2284,#2285);
#1918=AXIS2_PLACEMENT_3D('',#2979,#2289,#2290);
#1919=AXIS2_PLACEMENT_3D('',#3025,#2292,#2293);
#1920=AXIS2_PLACEMENT_3D('',#3033,#2296,#2297);
#1921=AXIS2_PLACEMENT_3D('',#3037,#2300,#2301);
#1922=AXIS2_PLACEMENT_3D('',#3048,#2308,#2309);
#1923=AXIS2_PLACEMENT_3D('',#3055,#2312,#2313);
#1924=AXIS2_PLACEMENT_3D('',#3057,#2314,#2315);
#1925=AXIS2_PLACEMENT_3D('',#3061,#2316,#2317);
#1926=AXIS2_PLACEMENT_3D('',#3067,#2320,#2321);
#1927=AXIS2_PLACEMENT_3D('',#3069,#2323,#2324);
#1928=AXIS2_PLACEMENT_3D('',#3074,#2327,#2328);
#1929=AXIS2_PLACEMENT_3D('',#3075,#2329,#2330);
#1930=AXIS2_PLACEMENT_3D('',#3078,#2331,#2332);
#1931=AXIS2_PLACEMENT_3D('',#3081,#2335,#2336);
#1932=AXIS2_PLACEMENT_3D('',#3085,#2339,#2340);
#1933=AXIS2_PLACEMENT_3D('',#3089,#2343,#2344);
#1934=AXIS2_PLACEMENT_3D('',#3091,#2345,#2346);
#1935=AXIS2_PLACEMENT_3D('',#3093,#2348,#2349);
#1936=AXIS2_PLACEMENT_3D('',#3097,#2352,#2353);
#1937=AXIS2_PLACEMENT_3D('',#3101,#2356,#2357);
#1938=AXIS2_PLACEMENT_3D('',#3105,#2360,#2361);
#1939=AXIS2_PLACEMENT_3D('',#3107,#2362,#2363);
#1940=AXIS2_PLACEMENT_3D('',#3109,#2365,#2366);
#1941=AXIS2_PLACEMENT_3D('',#3113,#2369,#2370);
#1942=AXIS2_PLACEMENT_3D('',#3117,#2373,#2374);
#1943=AXIS2_PLACEMENT_3D('',#3119,#2376,#2377);
#1944=AXIS2_PLACEMENT_3D('',#3121,#2379,#2380);
#1945=AXIS2_PLACEMENT_3D('',#3128,#2385,#2386);
#1946=AXIS2_PLACEMENT_3D('',#3134,#2390,#2391);
#1947=AXIS2_PLACEMENT_3D('',#3136,#2393,#2394);
#1948=AXIS2_PLACEMENT_3D('',#3138,#2396,#2397);
#1949=AXIS2_PLACEMENT_3D('',#3140,#2399,#2400);
#1950=AXIS2_PLACEMENT_3D('',#3144,#2403,#2404);
#1951=AXIS2_PLACEMENT_3D('',#3148,#2407,#2408);
#1952=AXIS2_PLACEMENT_3D('',#3150,#2410,#2411);
#1953=AXIS2_PLACEMENT_3D('',#3151,#2412,#2413);
#1954=AXIS2_PLACEMENT_3D('',#3153,#2415,#2416);
#1955=DIRECTION('axis',(0.,0.,1.));
#1956=DIRECTION('refdir',(1.,0.,0.));
#1957=DIRECTION('center_axis',(-0.996194698091746,-9.72529348719497E-17,
0.087155742747652));
#1958=DIRECTION('ref_axis',(0.0871541315397448,0.00608052080509847,0.996176281901096));
#1959=DIRECTION('center_axis',(0.996194698091746,9.71445146547012E-17,-0.0871557427476521));
#1960=DIRECTION('ref_axis',(0.0871541315397448,0.00608052080509847,0.996176281901096));
#1961=DIRECTION('',(0.996194698091746,9.72529348719497E-17,-0.087155742747652));
#1962=DIRECTION('center_axis',(-0.996194698091746,1.21430643318376E-16,
0.0871557427476512));
#1963=DIRECTION('ref_axis',(0.0871541315397448,0.00608052080509847,0.996176281901096));
#1964=DIRECTION('center_axis',(-0.996194698091746,-9.72529348719497E-17,
0.087155742747652));
#1965=DIRECTION('ref_axis',(0.0871541315397448,0.00608052080509847,0.996176281901096));
#1966=DIRECTION('center_axis',(0.996194698091746,9.71445146547012E-17,-0.0871557427476521));
#1967=DIRECTION('ref_axis',(0.0871541315397448,0.00608052080509847,0.996176281901096));
#1968=DIRECTION('',(0.996194698091746,9.72529348719497E-17,-0.087155742747652));
#1969=DIRECTION('center_axis',(-0.996194698091746,1.21430643318376E-16,
0.0871557427476512));
#1970=DIRECTION('ref_axis',(0.0871541315397448,0.00608052080509847,0.996176281901096));
#1971=DIRECTION('center_axis',(0.0841859828293633,-0.258819045102521,0.962250186899059));
#1972=DIRECTION('ref_axis',(0.0225575661131482,0.965925826289068,0.2578341604963));
#1973=DIRECTION('',(-0.996194698091746,3.21717927727861E-16,0.0871557427476521));
#1974=DIRECTION('',(-0.991086991735595,-0.121804418523731,0.0539468112179475));
#1975=DIRECTION('',(-0.995244874020587,-0.0693206058548006,0.0684272923596204));
#1976=DIRECTION('',(-0.0225575661131482,-0.965925826289068,-0.2578341604963));
#1977=DIRECTION('',(-0.996194698091746,-1.06184186846178E-16,0.087155742747652));
#1978=DIRECTION('',(0.0225575661131482,0.965925826289068,0.2578341604963));
#1979=DIRECTION('center_axis',(-0.121405593760131,0.992546151641322,0.0106216131426443));
#1980=DIRECTION('ref_axis',(0.,-0.0107007668976048,0.999942745154843));
#1981=DIRECTION('',(-0.988769213876451,-0.121869343405148,0.0865060970576232));
#1982=DIRECTION('',(-0.0871557427476517,0.,-0.996194698091746));
#1983=DIRECTION('',(0.,0.010700766897605,-0.999942745154843));
#1984=DIRECTION('',(-0.992602145245472,-0.121412442748208,0.));
#1985=DIRECTION('',(-0.0871557427476526,-1.13603811522549E-16,-0.996194698091746));
#1986=DIRECTION('',(-0.989325027353243,-0.121866667855403,0.0799031008054547));
#1987=DIRECTION('',(0.0875731649779577,5.14497407017962E-5,0.996158088923976));
#1988=DIRECTION('center_axis',(-0.121405593760131,0.992546151641322,0.0106216131426443));
#1989=DIRECTION('ref_axis',(0.,-0.0107007668976048,0.999942745154843));
#1990=DIRECTION('',(-0.0871557427476526,-1.13603811522549E-16,-0.996194698091746));
#1991=DIRECTION('',(0.978255158017181,0.121456698418788,-0.168122325174224));
#1992=DIRECTION('',(-0.087531096465503,-4.62644627873927E-5,-0.996161786564384));
#1993=DIRECTION('',(-0.988769213876451,-0.121869343405148,0.0865060970576232));
#1994=DIRECTION('center_axis',(-0.121405593760131,0.992546151641322,0.0106216131426443));
#1995=DIRECTION('ref_axis',(0.,-0.0107007668976048,0.999942745154843));
#1996=DIRECTION('',(0.991086991735595,0.121804418523731,-0.0539468112179482));
#1997=DIRECTION('',(0.0875731649779577,5.14497407017962E-5,0.996158088923976));
#1998=DIRECTION('',(0.978255158017181,0.121456698418788,-0.168122325174224));
#1999=DIRECTION('center_axis',(-0.996194698091746,0.,0.0871557427476526));
#2000=DIRECTION('ref_axis',(-0.0871557427476526,0.,-0.996194698091746));
#2001=DIRECTION('',(-1.81429335612658E-18,-1.,-2.07374679530805E-17));
#2002=DIRECTION('',(-0.0225575661131484,-0.965925826289068,-0.2578341604963));
#2003=DIRECTION('',(0.0841859828293638,-0.258819045102521,0.962250186899059));
#2004=DIRECTION('',(0.00102465113695232,-0.999930889338849,0.0117118160874497));
#2005=DIRECTION('center_axis',(0.0690702657573764,-0.997593630640544,-0.00602050609366441));
#2006=DIRECTION('ref_axis',(0.,0.00603491870196771,-0.999981789712323));
#2007=DIRECTION('',(-0.995244874020587,-0.0693206058548006,0.0684272923596211));
#2008=DIRECTION('',(0.0875731649779577,5.14497407017962E-5,0.996158088923976));
#2009=DIRECTION('',(0.993760654868137,0.0693321387117305,-0.0873659852443076));
#2010=DIRECTION('center_axis',(-0.0225575661131481,-0.965925826289068,-0.2578341604963));
#2011=DIRECTION('ref_axis',(0.0841859828293633,-0.258819045102521,0.962250186899059));
#2012=DIRECTION('',(0.985514316150251,0.0218759715678189,-0.168175427845052));
#2013=DIRECTION('',(-0.996194698091746,-1.06184186846178E-16,0.087155742747652));
#2014=DIRECTION('center_axis',(-0.996194698091746,-1.11022302462516E-16,
0.087155742747652));
#2015=DIRECTION('ref_axis',(0.087155742747652,0.,0.996194698091746));
#2016=DIRECTION('',(1.81429335612658E-18,1.,2.07374679530805E-17));
#2017=DIRECTION('',(-0.0841859828293633,0.258819045102521,-0.962250186899059));
#2018=DIRECTION('',(-0.0225575661131482,-0.965925826289068,-0.2578341604963));
#2019=DIRECTION('',(-0.0871557427476526,-5.54901557615353E-16,-0.996194698091746));
#2020=DIRECTION('center_axis',(-0.996194698091746,-9.71445146547012E-17,
0.0871557427476521));
#2021=DIRECTION('ref_axis',(0.0841859828293633,-0.258819045102521,0.962250186899059));
#2022=DIRECTION('',(0.0871557427259272,2.23277924343527E-5,0.99619469784343));
#2023=DIRECTION('',(0.000529952307061012,-0.999981513462493,0.00605738258767572));
#2024=DIRECTION('',(-0.0225575661131481,-0.965925826289068,-0.2578341604963));
#2025=DIRECTION('',(-0.0841859828293633,0.258819045102521,-0.962250186899059));
#2026=DIRECTION('center_axis',(0.0690702657573764,-0.997593630640544,-0.00602050609366441));
#2027=DIRECTION('ref_axis',(0.,0.00603491870196771,-0.999981789712323));
#2028=DIRECTION('',(0.993760654868137,0.0693321387117305,-0.0873659852443076));
#2029=DIRECTION('center_axis',(0.993760654868137,0.0693321387117305,-0.0873659852443076));
#2030=DIRECTION('ref_axis',(-0.0871541315397459,-0.00608052080509855,-0.996176281901096));
#2031=DIRECTION('',(-0.0441103110236639,0.963763671334105,0.26308528327902));
#2032=DIRECTION('',(0.0871541315397457,0.00608052080509854,0.996176281901096));
#2033=DIRECTION('',(-0.0695982628490387,0.997575100836221,0.));
#2034=DIRECTION('center_axis',(-0.0871541315397459,-0.00608052080509855,
-0.996176281901096));
#2035=DIRECTION('ref_axis',(-0.996194698091746,0.,0.0871557427476531));
#2036=DIRECTION('',(-0.0695982628490387,0.997575100836221,0.));
#2037=DIRECTION('center_axis',(0.0871541315397459,0.00608052080509855,0.996176281901096));
#2038=DIRECTION('ref_axis',(0.996194698091746,0.,-0.0871557427476531));
#2039=DIRECTION('',(-0.0695982628490387,0.997575100836221,0.));
#2040=DIRECTION('',(0.993760654868137,0.0693321387117305,-0.0873659852443076));
#2041=DIRECTION('center_axis',(-0.993764357094667,-0.0693323970066047,0.0873236582693496));
#2042=DIRECTION('ref_axis',(0.0871119072034341,0.00607757492116982,0.996179993126974));
#2043=DIRECTION('',(0.087154439942906,0.00546770451950813,0.996179806965352));
#2044=DIRECTION('',(-0.0695982628490387,0.997575100836221,0.));
#2045=DIRECTION('',(-0.0871119072034341,-0.00607757492116982,-0.996179993126974));
#2046=DIRECTION('center_axis',(0.0798203297893279,0.00556886021786009,0.996793711230261));
#2047=DIRECTION('ref_axis',(0.994376586993438,0.0693751107204724,-0.0800143565355814));
#2048=DIRECTION('',(-0.000485371293860964,0.999984492937764,-0.00554781927509012));
#2049=DIRECTION('',(-0.994376586993438,-0.0693751107204724,0.0800143565355814));
#2050=DIRECTION('center_axis',(-0.993764357094667,-0.0693323970066047,0.0873236582693496));
#2051=DIRECTION('ref_axis',(0.0871119072034341,0.00607757492116982,0.996179993126974));
#2052=DIRECTION('',(0.0690685712669911,-0.997593613669661,-0.00604271699179369));
#2053=DIRECTION('',(-0.0695982628490387,0.997575100836221,0.));
#2054=DIRECTION('center_axis',(-0.167951388817317,-0.0117175387546965,-0.985725636412012));
#2055=DIRECTION('ref_axis',(-0.983335351140561,-0.0686047919400391,0.168359643977212));
#2056=DIRECTION('',(-0.947044960499558,0.279517053528131,0.158038158617916));
#2057=DIRECTION('',(0.983335351140561,0.0686047919400391,-0.168359643977212));
#2058=DIRECTION('center_axis',(0.0695982628490387,-0.997575100836221,0.));
#2059=DIRECTION('ref_axis',(0.,0.,-1.));
#2060=DIRECTION('',(-0.995239035353696,-0.0694352815363044,0.068395936913078));
#2061=DIRECTION('',(-0.087154131539744,-0.00608052080509842,-0.996176281901096));
#2062=DIRECTION('',(0.995239035353696,0.0694352815363044,-0.0683959369130811));
#2063=DIRECTION('center_axis',(-0.0871557427476521,2.08166817117217E-17,
-0.996194698091746));
#2064=DIRECTION('ref_axis',(-0.996194698091746,0.,0.0871557427476521));
#2065=DIRECTION('',(-0.993760603920306,-0.0698628217790968,0.0869427871016966));
#2066=DIRECTION('center_axis',(-0.0871557427476521,2.08166817117217E-17,
-0.996194698091746));
#2067=DIRECTION('ref_axis',(-0.996194698091746,1.1617897384059E-16,0.0871557427476521));
#2068=DIRECTION('',(0.99408113659731,0.0651058259841545,-0.0869708300772258));
#2069=DIRECTION('',(0.,1.,0.));
#2070=DIRECTION('center_axis',(-0.0871557427476522,3.46944695195361E-17,
-0.996194698091746));
#2071=DIRECTION('ref_axis',(-0.996194698091746,0.,0.0871557427476521));
#2072=DIRECTION('',(0.988769213876453,-0.121869343405136,-0.0865060970576144));
#2073=DIRECTION('',(0.,1.,0.));
#2074=DIRECTION('',(0.704416026402754,0.707106781186553,-0.0616284167162113));
#2075=DIRECTION('center_axis',(-0.0871557427476521,2.08166817117217E-17,
-0.996194698091746));
#2076=DIRECTION('ref_axis',(-0.996194698091746,0.,0.0871557427476521));
#2077=DIRECTION('',(0.,1.,0.));
#2078=DIRECTION('',(0.672685844962426,0.737583995692985,-0.0588523855485655));
#2079=DIRECTION('',(-1.81429335612658E-18,-1.,-2.07374679530805E-17));
#2080=DIRECTION('center_axis',(0.,0.,1.));
#2081=DIRECTION('ref_axis',(1.,0.,0.));
#2082=DIRECTION('',(0.,1.,0.));
#2083=DIRECTION('center_axis',(0.,0.,1.));
#2084=DIRECTION('ref_axis',(1.,0.,0.));
#2085=DIRECTION('',(0.997575100836221,0.0695982628490387,0.));
#2086=DIRECTION('center_axis',(-0.996194698091746,0.,0.0871557427476526));
#2087=DIRECTION('ref_axis',(-0.0871557427476526,0.,-0.996194698091746));
#2088=DIRECTION('center_axis',(-0.996194698091746,0.,0.0871557427476526));
#2089=DIRECTION('ref_axis',(-0.0871557427476526,0.,-0.996194698091746));
#2090=DIRECTION('',(0.0871541315397454,0.00608052080509852,0.996176281901096));
#2091=DIRECTION('',(1.81429335612658E-18,1.,2.07374679530805E-17));
#2092=DIRECTION('',(0.0871557427476526,3.65184218158051E-17,0.996194698091746));
#2093=DIRECTION('center_axis',(-0.996194698091746,0.,0.0871557427476526));
#2094=DIRECTION('ref_axis',(-0.0871557427476526,0.,-0.996194698091746));
#2095=DIRECTION('',(-0.0225575661131484,-0.965925826289068,-0.2578341604963));
#2096=DIRECTION('',(-0.0871557427476526,-5.54901557615353E-16,-0.996194698091746));
#2097=DIRECTION('center_axis',(-0.0871557427476521,2.08166817117217E-17,
-0.996194698091746));
#2098=DIRECTION('ref_axis',(-0.996194698091746,0.,0.0871557427476521));
#2099=DIRECTION('',(0.672685844962426,0.737583995692985,-0.0588523855485655));
#2100=DIRECTION('center_axis',(0.734777265906677,-0.675255395607892,-0.0642846809834031));
#2101=DIRECTION('ref_axis',(-0.0871557427476521,0.,-0.996194698091746));
#2102=DIRECTION('',(-0.0871557427476517,0.,-0.996194698091746));
#2103=DIRECTION('center_axis',(0.0695982628490387,-0.997575100836221,0.));
#2104=DIRECTION('ref_axis',(0.,0.,-1.));
#2105=DIRECTION('',(0.,0.,1.));
#2106=DIRECTION('center_axis',(0.0697223380288707,-0.99756643660435,-1.18442927580588E-5));
#2107=DIRECTION('ref_axis',(0.993089151015183,0.0694105333185174,-0.0946367581882508));
#2108=DIRECTION('',(0.993797309955966,0.0693346960434395,-0.0869459984636998));
#2109=DIRECTION('center_axis',(0.747124462400395,-0.664684163857483,0.));
#2110=DIRECTION('ref_axis',(0.,0.,-1.));
#2111=DIRECTION('',(0.,0.,-1.));
#2112=DIRECTION('center_axis',(0.747124462400395,-0.664684163857483,0.));
#2113=DIRECTION('ref_axis',(-0.664684163857483,-0.747124462400395,0.));
#2114=DIRECTION('',(0.,0.,-1.));
#2115=DIRECTION('',(0.,1.,0.));
#2116=DIRECTION('center_axis',(0.996194698091746,0.,-0.0871557427476517));
#2117=DIRECTION('ref_axis',(-0.0871557427476517,0.,-0.996194698091746));
#2118=DIRECTION('',(0.0871557427476515,0.,0.996194698091746));
#2119=DIRECTION('',(0.,-1.,0.));
#2120=DIRECTION('center_axis',(-1.,0.,0.));
#2121=DIRECTION('ref_axis',(0.,0.,1.));
#2122=DIRECTION('',(0.,0.,-1.));
#2123=DIRECTION('',(0.,-1.,0.));
#2124=DIRECTION('',(0.,0.,-1.));
#2125=DIRECTION('center_axis',(0.,0.,-1.));
#2126=DIRECTION('ref_axis',(0.944665990397451,0.328033788787684,0.));
#2127=DIRECTION('center_axis',(0.,0.,1.));
#2128=DIRECTION('ref_axis',(1.,0.,0.));
#2129=DIRECTION('center_axis',(-1.,0.,0.));
#2130=DIRECTION('ref_axis',(0.,0.,1.));
#2131=DIRECTION('',(0.,1.,0.));
#2132=DIRECTION('',(0.,-0.0107007668976037,-0.999942745154843));
#2133=DIRECTION('',(0.,-1.,0.));
#2134=DIRECTION('center_axis',(0.,0.,-1.));
#2135=DIRECTION('ref_axis',(0.999927742586824,0.0120212147979489,0.));
#2136=DIRECTION('center_axis',(0.,0.,1.));
#2137=DIRECTION('ref_axis',(1.,0.,0.));
#2138=DIRECTION('center_axis',(0.,0.,-1.));
#2139=DIRECTION('ref_axis',(0.999990338424573,0.00439579998492517,0.));
#2140=DIRECTION('center_axis',(0.121405593760118,0.992546151641324,-0.0106216131426432));
#2141=DIRECTION('ref_axis',(-0.00128959599757465,-0.0105430359913552,-0.999943589076028));
#2142=DIRECTION('center_axis',(-0.996194698091746,0.,0.0871557427476522));
#2143=DIRECTION('ref_axis',(-0.0871557427476522,0.,-0.996194698091746));
#2144=DIRECTION('center_axis',(-0.0648580786602986,0.997878365044017,0.0056743466208484));
#2145=DIRECTION('ref_axis',(-0.000368033144532638,0.00566239888899211,-0.999983900765621));
#2146=DIRECTION('center_axis',(0.,0.,1.));
#2147=DIRECTION('ref_axis',(1.,0.,0.));
#2148=DIRECTION('center_axis',(0.,0.,1.));
#2149=DIRECTION('ref_axis',(1.,0.,0.));
#2150=DIRECTION('',(0.,-1.,0.));
#2151=DIRECTION('',(0.,-1.,0.));
#2152=DIRECTION('center_axis',(0.996194698091746,0.,-0.0871557427476517));
#2153=DIRECTION('ref_axis',(-0.0871557427476517,0.,-0.996194698091746));
#2154=DIRECTION('',(0.0871557427476517,-5.94823692012045E-16,0.996194698091746));
#2155=DIRECTION('',(-0.0871557427476517,5.74312530218526E-16,-0.996194698091746));
#2156=DIRECTION('center_axis',(0.0871557427476515,0.,0.996194698091746));
#2157=DIRECTION('ref_axis',(0.996194698091746,0.,-0.0871557427476514));
#2158=DIRECTION('',(0.0871557427476514,0.,0.996194698091746));
#2159=DIRECTION('center_axis',(0.70441602640276,-0.707106781186546,-0.0616284167162147));
#2160=DIRECTION('ref_axis',(-0.0871557427476515,0.,-0.996194698091746));
#2161=DIRECTION('center_axis',(0.,-1.,0.));
#2162=DIRECTION('ref_axis',(0.,0.,-1.));
#2163=DIRECTION('center_axis',(0.,-1.,0.));
#2164=DIRECTION('ref_axis',(0.,0.,-1.));
#2165=DIRECTION('center_axis',(0.121405593760118,0.992546151641324,-0.0106216131426432));
#2166=DIRECTION('ref_axis',(0.988769213876453,-0.121869343405135,-0.0865060970576232));
#2167=DIRECTION('center_axis',(-0.0695969726500648,0.99755660798426,0.00608894612260403));
#2168=DIRECTION('ref_axis',(0.,-0.00610374654307545,0.999981371965567));
#2169=DIRECTION('',(-0.993760603920306,-0.0698628217790968,0.0869427871016967));
#2170=DIRECTION('',(-0.0871557427476523,0.,-0.996194698091746));
#2171=DIRECTION('center_axis',(-0.0871557427476521,2.08166817117217E-17,
-0.996194698091746));
#2172=DIRECTION('ref_axis',(-0.996194698091746,0.,0.0871557427476521));
#2173=DIRECTION('center_axis',(-0.0871557427476521,2.08166817117217E-17,
-0.996194698091746));
#2174=DIRECTION('ref_axis',(-0.996194698091746,1.1617897384059E-16,0.0871557427476521));
#2175=DIRECTION('center_axis',(-0.0871557427476522,2.08166817117217E-17,
-0.996194698091746));
#2176=DIRECTION('ref_axis',(-0.996194698091746,0.,0.0871557427476521));
#2177=DIRECTION('',(-0.0871557427476521,3.2290119375556E-17,-0.996194698091746));
#2178=DIRECTION('',(-0.0871557427476522,2.39806104467357E-17,-0.996194698091746));
#2179=DIRECTION('center_axis',(-0.0648580786602986,0.997878365044017,0.0056743466208484));
#2180=DIRECTION('ref_axis',(0.,-0.00568631917583879,0.999983832756425));
#2181=DIRECTION('',(-0.0871557427476522,1.14094496923052E-17,-0.996194698091746));
#2182=DIRECTION('',(-0.0871557427476522,3.03403404133938E-17,-0.996194698091746));
#2183=DIRECTION('center_axis',(-0.996194698091746,0.,0.0871557427476522));
#2184=DIRECTION('ref_axis',(0.0871557427476522,0.,0.996194698091746));
#2185=DIRECTION('center_axis',(0.0871557427476526,0.,0.996194698091746));
#2186=DIRECTION('ref_axis',(0.657678375111352,-0.751098110848712,-0.0575394020683896));
#2187=DIRECTION('center_axis',(0.121405593760118,0.992546151641324,-0.0106216131426432));
#2188=DIRECTION('ref_axis',(0.,0.0107007668976037,0.999942745154843));
#2189=DIRECTION('center_axis',(-0.084185982829364,0.258819045102521,-0.962250186899059));
#2190=DIRECTION('ref_axis',(-0.996194698091746,-2.54426109809931E-16,0.0871557427476527));
#2191=DIRECTION('',(-0.996194698091746,-1.06184186846178E-16,0.087155742747652));
#2192=DIRECTION('',(0.0225575661131482,0.965925826289068,0.2578341604963));
#2193=DIRECTION('center_axis',(0.996194698091746,-1.21430643318376E-16,
-0.0871557427476512));
#2194=DIRECTION('ref_axis',(-0.0841859828293625,0.258819045102521,-0.962250186899059));
#2195=DIRECTION('',(0.0841859828293625,-0.258819045102521,0.962250186899059));
#2196=DIRECTION('',(-0.0225575661131481,-0.965925826289068,-0.2578341604963));
#2197=DIRECTION('center_axis',(0.0841859828293637,-0.258819045102521,0.962250186899059));
#2198=DIRECTION('ref_axis',(0.996194698091746,1.8503717077086E-16,-0.0871557427476524));
#2199=DIRECTION('',(-0.996194698091746,-1.7557312588525E-16,0.0871557427476524));
#2200=DIRECTION('center_axis',(0.0225575661131482,0.965925826289068,0.2578341604963));
#2201=DIRECTION('ref_axis',(-8.38020341310456E-19,-0.257899784197095,0.966171672794795));
#2202=DIRECTION('center_axis',(0.996194698091746,6.59194920871186E-17,-0.0871557427476519));
#2203=DIRECTION('ref_axis',(-0.0871557427476519,-4.07121381154077E-16,-0.996194698091746));
#2204=DIRECTION('center_axis',(-0.996194698091746,-6.59194920871187E-17,
0.0871557427476519));
#2205=DIRECTION('ref_axis',(-0.0871557427476519,-4.07121381154077E-16,-0.996194698091746));
#2206=DIRECTION('',(-0.996194698091746,-6.59194920871186E-17,0.0871557427476519));
#2207=DIRECTION('center_axis',(0.996194698091746,-1.04083408558608E-17,
-0.0871557427476517));
#2208=DIRECTION('ref_axis',(-0.0871557427476519,-4.07121381154077E-16,-0.996194698091746));
#2209=DIRECTION('center_axis',(0.996194698091746,6.59194920871186E-17,-0.0871557427476519));
#2210=DIRECTION('ref_axis',(-0.0871557427476519,-4.07121381154077E-16,-0.996194698091746));
#2211=DIRECTION('center_axis',(-0.996194698091746,-6.59194920871187E-17,
0.0871557427476519));
#2212=DIRECTION('ref_axis',(-0.0871557427476519,-4.07121381154077E-16,-0.996194698091746));
#2213=DIRECTION('',(-0.996194698091746,-6.59194920871186E-17,0.0871557427476519));
#2214=DIRECTION('center_axis',(0.996194698091746,-1.04083408558608E-17,
-0.0871557427476517));
#2215=DIRECTION('ref_axis',(-0.0871557427476519,-4.07121381154077E-16,-0.996194698091746));
#2216=DIRECTION('center_axis',(0.996194698091746,-2.15105711021124E-16,
-0.0871557427476522));
#2217=DIRECTION('ref_axis',(0.0225575661131485,0.965925826289068,0.2578341604963));
#2218=DIRECTION('',(0.0871557427476517,-8.7387547325038E-18,0.996194698091746));
#2219=DIRECTION('',(-1.81429335612656E-18,-1.,-2.07374679530805E-17));
#2220=DIRECTION('',(0.0871557427476517,-5.54901557615353E-16,0.996194698091746));
#2221=DIRECTION('',(-0.0225575661131485,-0.965925826289068,-0.2578341604963));
#2222=DIRECTION('',(0.0841859828293634,-0.258819045102521,0.962250186899059));
#2223=DIRECTION('',(0.0225575661131485,0.965925826289068,0.2578341604963));
#2224=DIRECTION('center_axis',(0.0841859828293634,-0.258819045102521,0.962250186899059));
#2225=DIRECTION('ref_axis',(0.996194698091746,0.,-0.0871557427476522));
#2226=DIRECTION('',(-0.996194698091746,0.,0.0871557427476522));
#2227=DIRECTION('',(-0.996194698091746,-6.83117140159049E-15,0.0871557427476498));
#2228=DIRECTION('',(0.0225575661131482,0.965925826289068,0.2578341604963));
#2229=DIRECTION('center_axis',(0.996194698091746,6.59194920871187E-17,-0.0871557427476519));
#2230=DIRECTION('ref_axis',(0.0841859828293632,-0.258819045102521,0.962250186899059));
#2231=DIRECTION('',(-0.0841859828293632,0.258819045102521,-0.962250186899059));
#2232=DIRECTION('',(-0.0225575661131482,-0.965925826289068,-0.2578341604963));
#2233=DIRECTION('',(-6.56686485180884E-17,1.,5.74526229440078E-18));
#2234=DIRECTION('',(-0.0871557427476519,0.,-0.996194698091746));
#2235=DIRECTION('center_axis',(0.,1.,0.));
#2236=DIRECTION('ref_axis',(-0.0871557427476517,0.,-0.996194698091746));
#2237=DIRECTION('',(0.996194698091746,0.,-0.0871557427476517));
#2238=DIRECTION('',(0.0871557427476517,0.,0.996194698091746));
#2239=DIRECTION('',(-0.996194698091746,0.,0.0871557427476517));
#2240=DIRECTION('',(-0.0871557427476519,0.,-0.996194698091746));
#2241=DIRECTION('center_axis',(0.,1.,0.));
#2242=DIRECTION('ref_axis',(-0.0871557427476517,0.,-0.996194698091746));
#2243=DIRECTION('',(-0.996194698091746,0.,0.0871557427476517));
#2244=DIRECTION('',(0.0871557427476517,-8.7387547325038E-18,0.996194698091746));
#2245=DIRECTION('center_axis',(0.996194698091746,6.59194920871187E-17,-0.0871557427476519));
#2246=DIRECTION('ref_axis',(0.0841859828293632,-0.258819045102521,0.962250186899059));
#2247=DIRECTION('',(0.0871557427476519,-6.93889390390721E-17,0.996194698091746));
#2248=DIRECTION('',(-6.56686485180884E-17,1.,5.74526229440078E-18));
#2249=DIRECTION('',(-0.0225575661131482,-0.965925826289068,-0.2578341604963));
#2250=DIRECTION('center_axis',(0.735773963036988,0.664684163857483,-0.129736801386204));
#2251=DIRECTION('ref_axis',(-0.173648177666917,0.,-0.98480775301221));
#2252=DIRECTION('',(-0.173648177666917,0.,-0.98480775301221));
#2253=DIRECTION('',(-0.173648177666918,0.,-0.98480775301221));
#2254=DIRECTION('center_axis',(0.735773963036988,0.664684163857483,-0.129736801386204));
#2255=DIRECTION('ref_axis',(0.654586117871287,-0.747124462400395,-0.115421193777911));
#2256=DIRECTION('center_axis',(-0.173648177666918,0.,-0.98480775301221));
#2257=DIRECTION('ref_axis',(-0.98480775301221,0.,0.173648177666917));
#2258=DIRECTION('center_axis',(-0.173648177666918,0.,-0.98480775301221));
#2259=DIRECTION('ref_axis',(-0.98480775301221,0.,0.173648177666917));
#2260=DIRECTION('',(0.,-1.,0.));
#2261=DIRECTION('center_axis',(-0.173648177666918,0.,-0.98480775301221));
#2262=DIRECTION('ref_axis',(-0.98480775301221,0.,0.173648177666918));
#2263=DIRECTION('',(0.,-1.,0.));
#2264=DIRECTION('center_axis',(0.,1.,0.));
#2265=DIRECTION('ref_axis',(-0.173648177666918,0.,-0.98480775301221));
#2266=DIRECTION('',(0.,-1.,0.));
#2267=DIRECTION('center_axis',(0.173648177666918,0.,0.98480775301221));
#2268=DIRECTION('ref_axis',(-0.984798238217824,0.00439579998492339,0.173646499951951));
#2269=DIRECTION('',(-0.173648177666917,0.,-0.98480775301221));
#2270=DIRECTION('center_axis',(-0.173648177666918,0.,-0.98480775301221));
#2271=DIRECTION('ref_axis',(-0.98480775301221,0.,0.173648177666917));
#2272=DIRECTION('',(0.173648177666917,0.,0.98480775301221));
#2273=DIRECTION('center_axis',(-0.0648580786602986,-0.997878365044017,0.0056743466208483));
#2274=DIRECTION('ref_axis',(-0.173282940170104,0.00566239888899211,-0.984855806646245));
#2275=DIRECTION('center_axis',(-0.996194698091746,0.,0.0871557427476512));
#2276=DIRECTION('ref_axis',(-0.0871557427476512,0.,-0.996194698091746));
#2277=DIRECTION('center_axis',(0.121405593760118,-0.992546151641324,-0.0106216131426432));
#2278=DIRECTION('ref_axis',(-0.172368377876104,-0.0105430359913552,-0.984976135091833));
#2279=DIRECTION('center_axis',(0.,1.,0.));
#2280=DIRECTION('ref_axis',(-0.173648177666918,0.,-0.98480775301221));
#2281=DIRECTION('',(0.,-1.,0.));
#2282=DIRECTION('center_axis',(0.121405593760118,-0.992546151641324,-0.0106216131426432));
#2283=DIRECTION('ref_axis',(-0.988769213876453,-0.121869343405135,0.0865060970576226));
#2284=DIRECTION('center_axis',(-0.98480775301221,0.,0.173648177666918));
#2285=DIRECTION('ref_axis',(0.173648177666917,0.,0.98480775301221));
#2286=DIRECTION('',(0.,1.,0.));
#2287=DIRECTION('',(-0.173638235467393,-0.0107007668976037,-0.984751367996802));
#2288=DIRECTION('',(0.,1.,0.));
#2289=DIRECTION('center_axis',(0.173648177666918,0.,0.98480775301221));
#2290=DIRECTION('ref_axis',(-0.984736593351502,0.0120212147979489,0.173635630298797));
#2291=DIRECTION('',(-0.173648177666918,0.,-0.98480775301221));
#2292=DIRECTION('center_axis',(-0.98480775301221,0.,0.173648177666918));
#2293=DIRECTION('ref_axis',(0.173648177666917,0.,0.98480775301221));
#2294=DIRECTION('',(0.,-1.,0.));
#2295=DIRECTION('',(-0.173638235467393,0.010700766897605,-0.984751367996802));
#2296=DIRECTION('center_axis',(0.0871557427476512,-2.08166817117217E-17,
0.996194698091746));
#2297=DIRECTION('ref_axis',(0.996194698091746,0.,-0.0871557427476512));
#2298=DIRECTION('',(0.988769213876451,-0.121869343405148,-0.0865060970576223));
#2299=DIRECTION('',(-0.672685844962426,0.737583995692985,0.0588523855485649));
#2300=DIRECTION('center_axis',(-0.0841859828293629,0.258819045102521,-0.962250186899059));
#2301=DIRECTION('ref_axis',(0.996194698091746,-1.73472347597681E-17,-0.0871557427476517));
#2302=DIRECTION('',(0.991995947921491,-0.0694352815363044,-0.105464595885616));
#2303=DIRECTION('',(-0.0225575661131482,-0.965925826289068,-0.2578341604963));
#2304=DIRECTION('',(-0.996194698091746,2.21853503761056E-17,0.0871557427476517));
#2305=DIRECTION('',(0.0225575661131482,0.965925826289068,0.2578341604963));
#2306=DIRECTION('',(-0.0225575661131482,-0.965925826289068,-0.2578341604963));
#2307=DIRECTION('',(-0.0225575661131482,-0.965925826289068,-0.2578341604963));
#2308=DIRECTION('center_axis',(-0.121405593760131,-0.992546151641322,0.0106216131426443));
#2309=DIRECTION('ref_axis',(0.173638235467393,-0.0107007668976048,0.984751367996802));
#2310=DIRECTION('',(0.977522288294293,-0.121412442748208,-0.172363553670149));
#2311=DIRECTION('',(-0.0871557427476517,0.,-0.996194698091746));
#2312=DIRECTION('center_axis',(-0.173648177666918,0.,-0.98480775301221));
#2313=DIRECTION('ref_axis',(-0.930314391350368,0.328033788787683,0.164039527736431));
#2314=DIRECTION('center_axis',(-0.173648177666918,0.,-0.98480775301221));
#2315=DIRECTION('ref_axis',(-0.98480775301221,0.,0.173648177666917));
#2316=DIRECTION('center_axis',(0.068540908849915,0.997575100836221,-0.0120856115125187));
#2317=DIRECTION('ref_axis',(-0.173648177666917,0.,-0.98480775301221));
#2318=DIRECTION('',(-0.0871541315397445,-0.00608052080509845,-0.996176281901096));
#2319=DIRECTION('',(-0.993797309955966,0.0693346960434395,0.086945998463699));
#2320=DIRECTION('center_axis',(0.0686651557888231,0.99756643660435,-0.0120954925900531));
#2321=DIRECTION('ref_axis',(-0.994435395951761,0.0694105333185174,0.0792491081508416));
#2322=DIRECTION('',(-0.982419693515448,0.0695982628490387,0.173227098346101));
#2323=DIRECTION('center_axis',(0.0871557427476512,-2.08166817117217E-17,
0.996194698091746));
#2324=DIRECTION('ref_axis',(0.996194698091746,0.,-0.0871557427476512));
#2325=DIRECTION('',(-1.81429335612656E-18,-1.,-2.07374679530805E-17));
#2326=DIRECTION('',(0.993760603920306,-0.0698628217790968,-0.0869427871016957));
#2327=DIRECTION('center_axis',(0.0871557427476512,-2.08166817117217E-17,
0.996194698091746));
#2328=DIRECTION('ref_axis',(0.996194698091746,1.1617897384059E-16,-0.0871557427476512));
#2329=DIRECTION('center_axis',(-0.0871557427476508,0.,-0.996194698091746));
#2330=DIRECTION('ref_axis',(-0.657678375111352,-0.751098110848712,0.0575394020683889));
#2331=DIRECTION('center_axis',(0.0871557427476512,-2.08166817117217E-17,
0.996194698091746));
#2332=DIRECTION('ref_axis',(0.996194698091746,1.1617897384059E-16,-0.0871557427476512));
#2333=DIRECTION('',(-0.0871557427476512,3.03403404133938E-17,-0.996194698091746));
#2334=DIRECTION('',(-0.0871557427476511,0.,-0.996194698091746));
#2335=DIRECTION('center_axis',(-0.0648580786602986,-0.997878365044017,0.0056743466208483));
#2336=DIRECTION('ref_axis',(0.173645370254533,-0.00568631917583879,0.984791831385393));
#2337=DIRECTION('',(-0.0871557427476512,1.14094496923052E-17,-0.996194698091746));
#2338=DIRECTION('',(-0.99408113659731,0.0651058259841545,0.0869708300772215));
#2339=DIRECTION('center_axis',(-0.996194698091746,0.,0.0871557427476512));
#2340=DIRECTION('ref_axis',(0.0871557427476512,0.,0.996194698091746));
#2341=DIRECTION('',(0.,1.,0.));
#2342=DIRECTION('',(-0.0871557427476512,2.39806104467357E-17,-0.996194698091746));
#2343=DIRECTION('center_axis',(0.0871557427476512,-2.08166817117217E-17,
0.996194698091746));
#2344=DIRECTION('ref_axis',(0.996194698091746,0.,-0.0871557427476512));
#2345=DIRECTION('center_axis',(0.0871557427476512,-3.46944695195361E-17,
0.996194698091746));
#2346=DIRECTION('ref_axis',(0.996194698091746,0.,-0.0871557427476512));
#2347=DIRECTION('',(-0.0871557427476512,3.2290119375556E-17,-0.996194698091746));
#2348=DIRECTION('center_axis',(0.121405593760118,-0.992546151641324,-0.0106216131426432));
#2349=DIRECTION('ref_axis',(0.173638235467393,0.0107007668976037,0.984751367996802));
#2350=DIRECTION('',(-0.988769213876452,-0.121869343405136,0.0865060970576313));
#2351=DIRECTION('',(0.0871557427476517,-5.94823692012045E-16,0.996194698091746));
#2352=DIRECTION('center_axis',(0.996194698091746,0.,-0.0871557427476517));
#2353=DIRECTION('ref_axis',(-0.0871557427476517,0.,-0.996194698091746));
#2354=DIRECTION('',(0.,1.,0.));
#2355=DIRECTION('',(-0.0871557427476517,5.74312530218526E-16,-0.996194698091746));
#2356=DIRECTION('center_axis',(0.70441602640276,0.707106781186546,-0.061628416716215));
#2357=DIRECTION('ref_axis',(-0.0871557427476519,0.,-0.996194698091746));
#2358=DIRECTION('',(-0.704416026402753,0.707106781186553,0.0616284167162172));
#2359=DIRECTION('',(0.0871557427476519,0.,0.996194698091746));
#2360=DIRECTION('center_axis',(-0.0871557427476519,0.,-0.996194698091746));
#2361=DIRECTION('ref_axis',(-0.996194698091746,0.,0.0871557427476519));
#2362=DIRECTION('center_axis',(0.0871557427476512,-2.08166817117217E-17,
0.996194698091746));
#2363=DIRECTION('ref_axis',(0.996194698091746,0.,-0.0871557427476512));
#2364=DIRECTION('',(0.0871557427476519,0.,0.996194698091746));
#2365=DIRECTION('center_axis',(0.996194698091746,0.,-0.0871557427476517));
#2366=DIRECTION('ref_axis',(-0.0871557427476517,0.,-0.996194698091746));
#2367=DIRECTION('',(0.,1.,0.));
#2368=DIRECTION('',(-0.0871557427476516,0.,-0.996194698091746));
#2369=DIRECTION('center_axis',(0.734777265906677,0.675255395607892,-0.0642846809834025));
#2370=DIRECTION('ref_axis',(-0.0871557427476513,0.,-0.996194698091746));
#2371=DIRECTION('',(0.0871557427476517,-5.54901557615353E-16,0.996194698091746));
#2372=DIRECTION('',(-0.672685844962426,0.737583995692985,0.0588523855485649));
#2373=DIRECTION('center_axis',(0.996194698091746,0.,-0.0871557427476517));
#2374=DIRECTION('ref_axis',(0.0871557427476517,0.,0.996194698091746));
#2375=DIRECTION('',(1.81429335612656E-18,1.,2.07374679530805E-17));
#2376=DIRECTION('center_axis',(0.996194698091746,6.59194920871187E-17,-0.0871557427476519));
#2377=DIRECTION('ref_axis',(-0.0871557427476519,0.,-0.996194698091746));
#2378=DIRECTION('',(5.81888946168423E-17,-1.,-9.12392405974336E-17));
#2379=DIRECTION('center_axis',(0.996194698091746,6.59194920871187E-17,-0.0871557427476519));
#2380=DIRECTION('ref_axis',(0.0841859828293632,-0.258819045102521,0.962250186899059));
#2381=DIRECTION('',(5.81888946168423E-17,-1.,-9.12392405974336E-17));
#2382=DIRECTION('',(0.0871557427476519,-6.93889390390721E-17,0.996194698091746));
#2383=DIRECTION('',(-0.0225575661131482,-0.965925826289068,-0.2578341604963));
#2384=DIRECTION('',(0.0871541315397447,0.00608052080509843,0.996176281901096));
#2385=DIRECTION('center_axis',(-0.996194698091746,1.04083408558608E-17,
0.0871557427476517));
#2386=DIRECTION('ref_axis',(-0.0841859828293629,0.258819045102521,-0.962250186899059));
#2387=DIRECTION('',(-0.0871541315397444,-0.00608052080509845,-0.996176281901096));
#2388=DIRECTION('',(-0.0225575661131482,-0.965925826289068,-0.2578341604963));
#2389=DIRECTION('',(0.0841859828293629,-0.258819045102521,0.962250186899059));
#2390=DIRECTION('center_axis',(0.0225575661131482,0.965925826289068,0.2578341604963));
#2391=DIRECTION('ref_axis',(-8.38020341310456E-19,-0.257899784197095,0.966171672794795));
#2392=DIRECTION('',(0.996194698091746,-4.61309222997985E-17,-0.0871557427476516));
#2393=DIRECTION('center_axis',(-0.068540908849915,-0.997575100836221,0.0120856115125187));
#2394=DIRECTION('ref_axis',(0.,-0.0121141001609903,-0.99992662159645));
#2395=DIRECTION('',(-0.991995947921491,0.0694352815363044,0.105464595885615));
#2396=DIRECTION('center_axis',(-0.173648177666918,0.,-0.98480775301221));
#2397=DIRECTION('ref_axis',(-0.98480775301221,0.,0.173648177666917));
#2398=DIRECTION('',(0.,-1.,0.));
#2399=DIRECTION('center_axis',(-0.996194698091746,0.,0.0871557427476517));
#2400=DIRECTION('ref_axis',(0.0871557427476517,0.,0.996194698091746));
#2401=DIRECTION('',(0.,1.,0.));
#2402=DIRECTION('',(0.0871557427476517,-6.93889390390721E-17,0.996194698091746));
#2403=DIRECTION('center_axis',(-0.0695969726500648,-0.99755660798426,0.00608894612260397));
#2404=DIRECTION('ref_axis',(0.173644942942685,-0.00610374654307545,0.984789407979477));
#2405=DIRECTION('',(-0.0871557427476517,3.39099631146762E-17,-0.996194698091746));
#2406=DIRECTION('',(0.993760603920306,-0.0698628217790968,-0.0869427871016958));
#2407=DIRECTION('center_axis',(0.0871557427476512,-2.08166817117217E-17,
0.996194698091746));
#2408=DIRECTION('ref_axis',(0.996194698091746,0.,-0.0871557427476512));
#2409=DIRECTION('',(-0.996194698091746,0.,0.0871557427476517));
#2410=DIRECTION('center_axis',(0.0841859828293628,-0.258819045102521,0.962250186899059));
#2411=DIRECTION('ref_axis',(-0.996194698091746,4.1292806683461E-17,0.0871557427476516));
#2412=DIRECTION('center_axis',(0.0871557427476517,0.,0.996194698091746));
#2413=DIRECTION('ref_axis',(0.,1.,0.));
#2414=DIRECTION('',(-0.996194698091746,0.,0.0871557427476517));
#2415=DIRECTION('center_axis',(-6.04764452042185E-18,-1.,-6.9124893176935E-17));
#2416=DIRECTION('ref_axis',(0.0871557427476517,-6.93889390390721E-17,0.996194698091746));
#2417=CARTESIAN_POINT('',(0.,0.,0.));
#2418=CARTESIAN_POINT('Origin',(53.2500025230801,9.53281695360252,-1.41301314602048));
#2419=CARTESIAN_POINT('',(12.6051356496741,9.52278409427411,0.486679823278715));
#2420=CARTESIAN_POINT('Origin',(12.7489399667147,9.53281695360252,2.13037068841552));
#2421=CARTESIAN_POINT('',(15.5937197439493,9.52278409427411,0.225212595035758));
#2422=CARTESIAN_POINT('',(53.1061982060395,9.52278409427411,-3.05670401115729));
#2423=CARTESIAN_POINT('Origin',(15.7375240609899,9.53281695360252,1.86890346017257));
#2424=CARTESIAN_POINT('Origin',(53.4079054858721,16.294297737626,0.391825977453621));
#2425=CARTESIAN_POINT('',(12.7630386124661,16.2842648782976,2.29151894675282));
#2426=CARTESIAN_POINT('Origin',(12.9068429295067,16.294297737626,3.93520981188963));
#2427=CARTESIAN_POINT('',(15.7516227067414,16.2842648782976,2.03005171850986));
#2428=CARTESIAN_POINT('',(53.2641011688316,16.2842648782976,-1.25186488768319));
#2429=CARTESIAN_POINT('Origin',(15.8954270237819,16.294297737626,3.67374258364667));
#2430=CARTESIAN_POINT('Origin',(12.1567436452513,4.09111882362526,-4.63846423941459));
#2431=CARTESIAN_POINT('',(4.42199333851178,2.7366950048252,-4.32606432392549));
#2432=CARTESIAN_POINT('',(2.16316638382336,2.7366950048252,-4.12844257252348));
#2433=CARTESIAN_POINT('',(5.89154838953479,2.73669500482519,-4.45463373131725));
#2434=CARTESIAN_POINT('',(11.8894084562277,3.65443902111571,-4.73253039299982));
#2435=CARTESIAN_POINT('',(5.38036293647402,2.85447846135729,-4.37823026315122));
#2436=CARTESIAN_POINT('',(12.1469646670885,3.67237827711651,-4.75023847128251));
#2437=CARTESIAN_POINT('',(12.0614191749418,3.66641987883831,-4.74435685706478));
#2438=CARTESIAN_POINT('',(12.5631153146018,21.49214908234,0.00638519562239828));
#2439=CARTESIAN_POINT('',(12.1569113849082,4.098301516381,-4.6365469663628));
#2440=CARTESIAN_POINT('',(2.6011683336843,21.49214908234,0.87794262309892));
#2441=CARTESIAN_POINT('',(12.5631153146018,21.49214908234,0.00638519562239828));
#2442=CARTESIAN_POINT('',(2.1947966643338,4.09111882362526,-3.76690681193807));
#2443=CARTESIAN_POINT('Origin',(-1.21305797849794,2.,0.106128821318236));
#2444=CARTESIAN_POINT('',(-1.55507456416919,2.,-3.80313864131627));
#2445=CARTESIAN_POINT('',(6.55828016680149,3.,-4.51296520344058));
#2446=CARTESIAN_POINT('',(-0.55,2.,7.68491619531352));
#2447=CARTESIAN_POINT('',(-0.55,2.,7.68491619531352));
#2448=CARTESIAN_POINT('',(-0.55,1.99204048752115,8.42869996654742));
#2449=CARTESIAN_POINT('',(-0.55,1.99204048752115,8.42869996654742));
#2450=CARTESIAN_POINT('',(1.55939092886731,2.28674737075729,5.));
#2451=CARTESIAN_POINT('Ctrl Pts',(1.55939092886733,2.28674737075729,4.99999999999998));
#2452=CARTESIAN_POINT('Ctrl Pts',(0.249721069077426,2.0952278603514,7.92711715654852));
#2453=CARTESIAN_POINT('Ctrl Pts',(-0.550000000002025,1.99204048752089,8.4286999665487));
#2454=CARTESIAN_POINT('',(2.96180162456654,2.45828650062583,5.));
#2455=CARTESIAN_POINT('',(7.39055677861906,3.,5.));
#2456=CARTESIAN_POINT('',(2.96026849444153,2.45828650062583,4.9824762424842));
#2457=CARTESIAN_POINT('',(2.90820361381158,2.45828650062583,4.38737193374677));
#2458=CARTESIAN_POINT('',(12.6744911178792,3.65490026171815,4.1979044505386));
#2459=CARTESIAN_POINT('',(5.14261819050174,2.72711188985673,4.80621818478241));
#2460=CARTESIAN_POINT('',(12.4100671545098,3.65474491111098,1.19004159572382));
#2461=CARTESIAN_POINT('Origin',(-1.21305797849794,2.,0.106128821318236));
#2462=CARTESIAN_POINT('',(1.98885489832806,2.45828650062583,-6.12083196870697));
#2463=CARTESIAN_POINT('',(1.98555563739819,2.45828650062583,-6.15854269369583));
#2464=CARTESIAN_POINT('',(2.90820361381158,2.45828650062583,4.38737193374677));
#2465=CARTESIAN_POINT('',(1.76612784162692,2.43104312204788,-6.12083196870697));
#2466=CARTESIAN_POINT('',(8.85380613038253,3.31102417540785,-7.33891596675887));
#2467=CARTESIAN_POINT('',(1.76782699032211,2.43104402013102,-6.1014945324336));
#2468=CARTESIAN_POINT('',(1.99338091597776,2.43116323640525,-3.53454163659845));
#2469=CARTESIAN_POINT('',(2.99781287328682,2.58264418106932,-6.20910435348993));
#2470=CARTESIAN_POINT('Origin',(-1.21305797849794,2.,0.106128821318236));
#2471=CARTESIAN_POINT('',(2.90014313098822,2.57183844714632,-6.31572313352022));
#2472=CARTESIAN_POINT('',(11.7080811168157,3.65433249025552,-6.79515649477212));
#2473=CARTESIAN_POINT('',(6.74257014831846,3.04407205778647,-6.52487398168104));
#2474=CARTESIAN_POINT('',(11.6185087295237,3.65427986596015,-7.81405604199748));
#2475=CARTESIAN_POINT('',(12.4100671545098,3.65474491111098,1.19004159572382));
#2476=CARTESIAN_POINT('',(8.85380613038253,3.31102417540785,-7.33891596675887));
#2477=CARTESIAN_POINT('Origin',(3.31122425812854,18.,8.99391897738252));
#2478=CARTESIAN_POINT('',(1.98885489832806,3.,-6.12083196870697));
#2479=CARTESIAN_POINT('',(1.98885489832806,9.,-6.12083196870697));
#2480=CARTESIAN_POINT('',(1.97567017492049,2.43542380467989,-6.27153404685286));
#2481=CARTESIAN_POINT('',(2.38469727691572,19.950160965932,-1.59633287780023));
#2482=CARTESIAN_POINT('',(1.98561038069731,2.40486391239365,-6.1579169749237));
#2483=CARTESIAN_POINT('',(2.42914686191211,1.04126768558678,-1.08827179645542));
#2484=CARTESIAN_POINT('',(1.97898007007373,8.87521480484201,-6.23370177213476));
#2485=CARTESIAN_POINT('Origin',(12.1464999237015,3.65459006383915,-1.80807579572944));
#2486=CARTESIAN_POINT('',(12.7035056038011,3.72366560647824,-6.86359613628237));
#2487=CARTESIAN_POINT('',(13.4087864441183,3.77278969284611,-6.91208717553893));
#2488=CARTESIAN_POINT('',(12.6122693843919,3.72361200467188,-7.90142202724178));
#2489=CARTESIAN_POINT('',(13.403827809378,3.72407704982271,1.10267561047951));
#2490=CARTESIAN_POINT('',(11.6185087295237,3.65427986596015,-7.81405604199748));
#2491=CARTESIAN_POINT('Origin',(11.937617155838,2.4354238046799,-7.14309147432938));
#2492=CARTESIAN_POINT('',(3.36233603856043,2.4354238046799,-6.39285159001973));
#2493=CARTESIAN_POINT('',(11.8153231549699,2.62305913659883,-7.83533162463157));
#2494=CARTESIAN_POINT('',(11.937617155838,2.4354238046799,-7.14309147432938));
#2495=CARTESIAN_POINT('Origin',(2.27996016700997,11.6015642586515,-2.79348352206309));
#2496=CARTESIAN_POINT('',(2.16316638382337,6.0769625760786,-4.12844257252348));
#2497=CARTESIAN_POINT('',(2.16316638382337,9.,-4.12844257252348));
#2498=CARTESIAN_POINT('',(2.43279636802557,22.009787172545,-1.0465577506992));
#2499=CARTESIAN_POINT('',(3.41171154149095,19.0002375786866,10.1424938819776));
#2500=CARTESIAN_POINT('',(2.06071216194864,6.0769625760786,-5.29949968719042));
#2501=CARTESIAN_POINT('',(2.36512366968613,19.1120096936778,-1.8200602321881));
#2502=CARTESIAN_POINT('',(2.6500395782283,6.0769625760786,1.43654350433777));
#2503=CARTESIAN_POINT('Origin',(11.9887071589064,4.62312229934179,-6.55913006710912));
#2504=CARTESIAN_POINT('',(12.9278768103857,3.67257833328836,4.17562817046633));
#2505=CARTESIAN_POINT('',(12.1955603523653,3.67239072648978,-4.19478724688006));
#2506=CARTESIAN_POINT('',(12.9298257323575,-0.00489587913784645,4.1979044505386));
#2507=CARTESIAN_POINT('',(12.9280971543935,3.25680519394928,4.17814671400014));
#2508=CARTESIAN_POINT('',(13.3736585224084,19.0002375786867,9.27093645450104));
#2509=CARTESIAN_POINT('',(12.9676223323718,1.61357270548342,4.62992156556765));
#2510=CARTESIAN_POINT('',(12.6394721423094,21.2573997740804,0.879147729993467));
#2511=CARTESIAN_POINT('Origin',(12.1464999237015,3.65459006383915,-1.80807579572944));
#2512=CARTESIAN_POINT('',(12.6744911178792,3.65490026171815,4.1979044505386));
#2513=CARTESIAN_POINT('Origin',(13.9235863872257,0.0644362595738844,4.11053846529429));
#2514=CARTESIAN_POINT('',(12.8743345981302,-0.00876735361882544,-7.88246436283402));
#2515=CARTESIAN_POINT('',(12.7016405864924,3.76441426335464,-6.85247269154541));
#2516=CARTESIAN_POINT('',(12.8726760174076,-0.00888306855296194,-7.90142202724178));
#2517=CARTESIAN_POINT('',(13.6814321799491,0.047541779996449,1.34270321078913));
#2518=CARTESIAN_POINT('',(12.8726760174076,-0.00888306855296123,-7.90142202724178));
#2519=CARTESIAN_POINT('Origin',(12.8021584251184,1.82500219129015,4.1979044505386));
#2520=CARTESIAN_POINT('',(12.9298257323575,-0.00489587913784615,4.1979044505386));
#2521=CARTESIAN_POINT('Origin',(11.7487120460316,1.78803232934773,-7.81405604199748));
#2522=CARTESIAN_POINT('',(11.8789153625394,-0.0782152072646924,-7.81405604199748));
#2523=CARTESIAN_POINT('',(11.8789153625394,-0.0782152072646917,-7.81405604199748));
#2524=CARTESIAN_POINT('',(11.8789153625394,-0.0782152072646924,-7.81405604199748));
#2525=CARTESIAN_POINT('Origin',(1.98932989338662,-0.76818628650791,-6.12083196870697));
#2526=CARTESIAN_POINT('',(1.98885489832806,-0.761378024001815,-6.12083196870697));
#2527=CARTESIAN_POINT('',(2.96180162456654,-0.700339421541869,5.));
#2528=CARTESIAN_POINT('',(2.65449021746829,-0.719618852063019,1.4874145436316));
#2529=CARTESIAN_POINT('',(1.98932989338662,-0.76818628650791,-6.12083196870697));
#2530=CARTESIAN_POINT('',(1.98932989338662,-0.76818628650791,-6.12083196870697));
#2531=CARTESIAN_POINT('',(2.96180162456654,-0.700339421541869,5.));
#2532=CARTESIAN_POINT('Origin',(2.96180162456654,-0.70033942154187,5.));
#2533=CARTESIAN_POINT('',(2.95726880944848,8.63837690706362,4.94818968612181));
#2534=CARTESIAN_POINT('',(12.9298257323575,-0.00489587913784617,4.1979044505386));
#2535=CARTESIAN_POINT('Origin',(1.98932989338662,-0.76818628650791,-6.12083196870697));
#2536=CARTESIAN_POINT('',(1.95683902583588,-0.298955979526614,-6.11803094281102));
#2537=CARTESIAN_POINT('',(1.98932989338662,-0.76818628650791,-6.12083196870697));
#2538=CARTESIAN_POINT('Origin',(11.8789153625394,-0.0782152072646917,-7.81405604199748));
#2539=CARTESIAN_POINT('',(12.5717700815543,-0.282708887775865,-7.92967619579153));
#2540=CARTESIAN_POINT('',(1.98932989338663,-0.76818628650791,-6.12083196870697));
#2541=CARTESIAN_POINT('Origin',(7.45957781287208,-0.386541082822878,-1.40702802099874));
#2542=CARTESIAN_POINT('',(14.8723767056543,0.130630932952625,-8.01977606090998));
#2543=CARTESIAN_POINT('',(12.8584698876205,-0.00987419388693955,-7.88137409034609));
#2544=CARTESIAN_POINT('',(15.9232870754724,0.203950261079469,3.99218443162609));
#2545=CARTESIAN_POINT('',(15.1875030772188,0.152616493759447,-4.41786515194856));
#2546=CARTESIAN_POINT('',(15.1700403322975,0.151398162718429,4.04394990192626));
#2547=CARTESIAN_POINT('Origin',(-0.516328071166553,8.1688827145472E-17,
-5.901656858818));
#2548=CARTESIAN_POINT('',(-0.307143699938205,-0.922790078618336,-5.91995811988727));
#2549=CARTESIAN_POINT('',(11.9508018792455,-0.0610386024599427,-6.99238939618349));
#2550=CARTESIAN_POINT('',(-0.279825312974136,-0.898686391430122,-5.92234816905244));
#2551=CARTESIAN_POINT('Origin',(-1.20535165114962,-8.30366027568086E-17,
-5.84137510666743));
#2552=CARTESIAN_POINT('',(-0.992300063664911,-0.945348837209302,-5.86001470531855));
#2553=CARTESIAN_POINT('',(-0.992300063664911,-0.945348837209302,-5.86001470531855));
#2554=CARTESIAN_POINT('',(-0.992300063664911,-0.987444033308551,-5.86001470531855));
#2555=CARTESIAN_POINT('',(-0.992300063664911,-0.987444033308551,-5.86001470531855));
#2556=CARTESIAN_POINT('',(-1.66290512609632,-1.23209027962239,-5.80134436465271));
#2557=CARTESIAN_POINT('Origin',(-1.72938604966449,-1.66533453693773E-16,
-5.79552803749977));
#2558=CARTESIAN_POINT('',(-1.7293860496645,-1.2238962679253,-5.79552803749976));
#2559=CARTESIAN_POINT('',(-1.7293860496645,-1.2238962679253,-5.79552803749976));
#2560=CARTESIAN_POINT('',(-1.7293860496645,-0.802841614740035,-5.79552803749976));
#2561=CARTESIAN_POINT('',(-1.7293860496645,-1.2238962679253,-5.79552803749976));
#2562=CARTESIAN_POINT('',(-1.64469251163755,-0.717824561156858,-5.80293776195102));
#2563=CARTESIAN_POINT('',(-1.7293860496645,-0.802841614740036,-5.79552803749976));
#2564=CARTESIAN_POINT('',(-1.7293860496645,0.722841614740049,-5.79552803749976));
#2565=CARTESIAN_POINT('Origin',(-1.7293860496645,0.,-5.79552803749976));
#2566=CARTESIAN_POINT('',(-1.7293860496645,2.,-5.79552803749976));
#2567=CARTESIAN_POINT('',(-1.7293860496645,0.722841614740049,-5.79552803749976));
#2568=CARTESIAN_POINT('',(1.98885489832806,6.0769625760786,-6.12083196870697));
#2569=CARTESIAN_POINT('',(-1.7293860496645,2.,-5.79552803749976));
#2570=CARTESIAN_POINT('',(1.98885489832806,9.,-6.12083196870697));
#2571=CARTESIAN_POINT('Origin',(0.,0.,5.));
#2572=CARTESIAN_POINT('',(2.96180162456654,9.,5.));
#2573=CARTESIAN_POINT('',(2.41498553451962,-0.738489381312585,4.99999999998736));
#2574=CARTESIAN_POINT('Origin',(-0.75,-1.91794902440325E-16,5.));
#2575=CARTESIAN_POINT('',(2.41498553451962,-0.738489381312585,5.));
#2576=CARTESIAN_POINT('Origin',(3.31122425812854,18.,8.99391897738252));
#2577=CARTESIAN_POINT('Origin',(3.31122425812854,18.,8.99391897738252));
#2578=CARTESIAN_POINT('',(2.16316638382337,-0.756058159268137,-4.12844257252348));
#2579=CARTESIAN_POINT('',(2.3490105060859,-0.743092290273076,-2.00423453490176));
#2580=CARTESIAN_POINT('',(2.16316638382337,-0.761378024001814,-4.12844257252348));
#2581=CARTESIAN_POINT('',(2.16316638382337,9.,-4.12844257252348));
#2582=CARTESIAN_POINT('',(2.6500395782283,-0.761378024001814,1.43654350433777));
#2583=CARTESIAN_POINT('Origin',(3.31122425812854,18.,8.99391897738252));
#2584=CARTESIAN_POINT('',(2.38469727691572,19.950160965932,-1.59633287780023));
#2585=CARTESIAN_POINT('',(2.6500395782283,6.0769625760786,1.43654350433777));
#2586=CARTESIAN_POINT('Origin',(-0.342016585671249,8.1688827145472E-17,
-3.90926746263451));
#2587=CARTESIAN_POINT('',(-1.55507456416919,2.,-3.80313864131627));
#2588=CARTESIAN_POINT('Origin',(-2.16859281276657,1.51842025264809,-5.75710242478442));
#2589=CARTESIAN_POINT('',(-1.55507456416919,2.,-3.80313864131627));
#2590=CARTESIAN_POINT('Origin',(0.0629709364908504,-0.902583423035522,-13.));
#2591=CARTESIAN_POINT('',(0.118828389163171,-0.898686391453732,10.4949548389093));
#2592=CARTESIAN_POINT('Ctrl Pts',(2.41498553450543,-0.738489381313576,5.0000000000247));
#2593=CARTESIAN_POINT('Ctrl Pts',(0.756649818416089,-0.854187221970972,
9.36482601298691));
#2594=CARTESIAN_POINT('Ctrl Pts',(0.118828389152652,-0.898686391454468,
10.494954838928));
#2595=CARTESIAN_POINT('',(0.118828389104424,-0.8986863914689,-1.36571549976529));
#2596=CARTESIAN_POINT('',(0.118828389163171,-0.898686391453732,-1.365715498781));
#2597=CARTESIAN_POINT('',(-0.124600954686825,-0.915669833670686,-3.92828886562566));
#2598=CARTESIAN_POINT('Origin',(-7981.42980769666,-558.757512028682,759.238594264209));
#2599=CARTESIAN_POINT('',(-0.124600953850265,-0.915669833989553,-3.92828886569217));
#2600=CARTESIAN_POINT('Origin',(-0.75,-1.04104542167992,5.));
#2601=CARTESIAN_POINT('',(-0.55,-0.816239565597997,7.68491619531352));
#2602=CARTESIAN_POINT('',(-0.55,-0.816239565597998,19.5));
#2603=CARTESIAN_POINT('',(-0.55,-0.816239565597998,19.5));
#2604=CARTESIAN_POINT('',(-0.42529431790098,-0.676066727485247,19.8303848891085));
#2605=CARTESIAN_POINT('Origin',(-0.05,-0.254224925393189,19.5));
#2606=CARTESIAN_POINT('',(-0.487631032880411,-0.699449708870973,7.64413435487953));
#2607=CARTESIAN_POINT('',(-0.42529431790098,-0.676066727485247,19.8303848891085));
#2608=CARTESIAN_POINT('Ctrl Pts',(-0.550000000000012,-0.816239565598012,
7.68491619531341));
#2609=CARTESIAN_POINT('Ctrl Pts',(-0.532029455948653,-0.796040147899393,
7.67714008433369));
#2610=CARTESIAN_POINT('Ctrl Pts',(-0.514164020830696,-0.775958875719553,
7.66883712743037));
#2611=CARTESIAN_POINT('Ctrl Pts',(-0.496404114450039,-0.75599622093036,
7.6600333529566));
#2612=CARTESIAN_POINT('Ctrl Pts',(-0.485816725986404,-0.744095686294163,
7.65478507189574));
#2613=CARTESIAN_POINT('Ctrl Pts',(-0.475269282684421,-0.732240051189274,
7.64936001993093));
#2614=CARTESIAN_POINT('Ctrl Pts',(-0.464761828204512,-0.720429364691284,
7.64376395884432));
#2615=CARTESIAN_POINT('Ctrl Pts',(-0.550000000000043,-0.816958069679179,
7.68491619531342));
#2616=CARTESIAN_POINT('Ctrl Pts',(-0.550000000000043,-0.671532843648399,
7.68491619531342));
#2617=CARTESIAN_POINT('Ctrl Pts',(-0.513485984667778,-0.816958069679179,
7.66911605956198));
#2618=CARTESIAN_POINT('Ctrl Pts',(-0.513485984667778,-0.671532843648399,
7.66911605956198));
#2619=CARTESIAN_POINT('Ctrl Pts',(-0.477754198671937,-0.816958069679179,
7.65129151813056));
#2620=CARTESIAN_POINT('Ctrl Pts',(-0.477754198671937,-0.671532843648399,
7.65129151813056));
#2621=CARTESIAN_POINT('Ctrl Pts',(-0.442838197613908,-0.816958069679179,
7.63180926415029));
#2622=CARTESIAN_POINT('Ctrl Pts',(-0.442838197613908,-0.671532843648399,
7.63180926415029));
#2623=CARTESIAN_POINT('',(-0.55,-0.802841614740042,7.68491619531352));
#2624=CARTESIAN_POINT('Ctrl Pts',(-0.467769707391402,-0.717476739535998,
7.64536064135767));
#2625=CARTESIAN_POINT('Ctrl Pts',(-0.481365440218643,-0.731647675139705,
7.65255395558773));
#2626=CARTESIAN_POINT('Ctrl Pts',(-0.495045273200153,-0.745878189516088,
7.65946959040902));
#2627=CARTESIAN_POINT('Ctrl Pts',(-0.508808570316394,-0.76016632479657,
7.66609235153553));
#2628=CARTESIAN_POINT('Ctrl Pts',(-0.522459149031108,-0.774337443365431,
7.67266087369288));
#2629=CARTESIAN_POINT('Ctrl Pts',(-0.536189861518752,-0.788563198874826,
7.67894035122273));
#2630=CARTESIAN_POINT('Ctrl Pts',(-0.550000000000031,-0.802841614740056,
7.68491619531342));
#2631=CARTESIAN_POINT('',(-0.55,-0.816239565597995,7.68491619531352));
#2632=CARTESIAN_POINT('Origin',(-1.21305797849794,-17.8665392058429,0.106128821318236));
#2633=CARTESIAN_POINT('',(-0.550000000000001,0.722841614740048,7.68491619531351));
#2634=CARTESIAN_POINT('',(-1.7293860496645,0.722841614740048,-5.79552803749976));
#2635=CARTESIAN_POINT('',(-0.55,2.,7.68491619531352));
#2636=CARTESIAN_POINT('Origin',(-0.55,0.,0.));
#2637=CARTESIAN_POINT('',(-0.55,0.722841614740048,19.5));
#2638=CARTESIAN_POINT('',(-0.55,0.722841614740048,19.5));
#2639=CARTESIAN_POINT('',(-0.55,1.23389626792531,19.5));
#2640=CARTESIAN_POINT('',(-0.55,1.23389626792531,19.5));
#2641=CARTESIAN_POINT('',(-0.55,1.23389626792531,10.4949548389093));
#2642=CARTESIAN_POINT('',(-0.55,1.23389626792531,19.5));
#2643=CARTESIAN_POINT('Ctrl Pts',(-0.55,1.23389626792529,10.4949548389094));
#2644=CARTESIAN_POINT('Ctrl Pts',(-0.55,1.52530591377371,9.70462806908496));
#2645=CARTESIAN_POINT('Ctrl Pts',(-0.55,1.99204048752115,8.42869996654742));
#2646=CARTESIAN_POINT('Origin',(-0.75,-1.91794902440325E-16,10.4949548389093));
#2647=CARTESIAN_POINT('Origin',(-0.75,-1.91794902440325E-16,10.4949548389093));
#2648=CARTESIAN_POINT('Origin',(-0.55,0.,0.));
#2649=CARTESIAN_POINT('',(-0.55,-1.22389626792531,7.68491619531352));
#2650=CARTESIAN_POINT('',(-0.55,-1.22389626792531,7.68491619531352));
#2651=CARTESIAN_POINT('',(-0.55,-1.09745857108495,19.5));
#2652=CARTESIAN_POINT('',(-0.55,-1.09745857108495,19.5));
#2653=CARTESIAN_POINT('',(-0.55,-0.816239565597998,19.5));
#2654=CARTESIAN_POINT('Origin',(-0.75,-1.91794902440325E-16,5.));
#2655=CARTESIAN_POINT('',(-0.05,0.269258240356726,20.));
#2656=CARTESIAN_POINT('',(-0.05,-0.269258240356726,20.));
#2657=CARTESIAN_POINT('Origin',(-0.75,-1.91794902440325E-16,20.));
#2658=CARTESIAN_POINT('Ctrl Pts',(-0.0500000000000001,0.269258240356726,
20.));
#2659=CARTESIAN_POINT('Ctrl Pts',(-0.0806553285223206,0.348953962713058,
20.));
#2660=CARTESIAN_POINT('Ctrl Pts',(-0.125455735613767,0.422730405824515,
19.9970724346536));
#2661=CARTESIAN_POINT('Ctrl Pts',(-0.225149089928824,0.541065597484281,
19.9710197842951));
#2662=CARTESIAN_POINT('Ctrl Pts',(-0.292100278261867,0.597550473366908,
19.9427711646605));
#2663=CARTESIAN_POINT('Ctrl Pts',(-0.37500689627517,0.650370859234543,19.8815518756734));
#2664=CARTESIAN_POINT('Ctrl Pts',(-0.402655053288708,0.665290107550339,
19.8565167770628));
#2665=CARTESIAN_POINT('Ctrl Pts',(-0.452814057363343,0.689176623892358,
19.7986674983673));
#2666=CARTESIAN_POINT('Ctrl Pts',(-0.475327625315781,0.698167086135408,
19.7658652575533));
#2667=CARTESIAN_POINT('Ctrl Pts',(-0.530440908085234,0.718207594375163,
19.6597772695648));
#2668=CARTESIAN_POINT('Ctrl Pts',(-0.55,0.722841614740048,19.5782177389679));
#2669=CARTESIAN_POINT('Ctrl Pts',(-0.55,0.722841614740048,19.5));
#2670=CARTESIAN_POINT('',(-0.532680190962807,-0.717824561156858,6.90742122467733));
#2671=CARTESIAN_POINT('Ctrl Pts',(-0.550000000000001,0.722841614740048,
7.68491619531354));
#2672=CARTESIAN_POINT('Ctrl Pts',(-0.550000000000001,0.722841614740048,
7.35118232592656));
#2673=CARTESIAN_POINT('Ctrl Pts',(-0.546291987131673,0.722568991637996,
6.99348866502303));
#2674=CARTESIAN_POINT('Ctrl Pts',(-0.498985461249136,0.706942441611123,
6.5032719368339));
#2675=CARTESIAN_POINT('Ctrl Pts',(-0.476346131904666,0.699740167937668,
6.34929933395275));
#2676=CARTESIAN_POINT('Ctrl Pts',(-0.415226135868751,0.671510210617856,
6.13909710145945));
#2677=CARTESIAN_POINT('Ctrl Pts',(-0.390228625883704,0.659167495204292,
6.07277137642022));
#2678=CARTESIAN_POINT('Ctrl Pts',(-0.32559514619142,0.619530140502292,5.94934800107787));
#2679=CARTESIAN_POINT('Ctrl Pts',(-0.285608753166939,0.592699384024622,
5.8922855693617));
#2680=CARTESIAN_POINT('Ctrl Pts',(-0.206392985750881,0.518406627289715,
5.81074864842483));
#2681=CARTESIAN_POINT('Ctrl Pts',(-0.172768812032768,0.481683953730234,
5.78275311206732));
#2682=CARTESIAN_POINT('Ctrl Pts',(-0.111703920933631,0.39723211911059,5.73876216601263));
#2683=CARTESIAN_POINT('Ctrl Pts',(-0.084463725582143,0.349526448295621,
5.72244413450246));
#2684=CARTESIAN_POINT('Ctrl Pts',(-0.0365465408324699,0.240949183685911,
5.69539472974035));
#2685=CARTESIAN_POINT('Ctrl Pts',(-0.0143233685427811,0.161470533952146,
5.6846485544928));
#2686=CARTESIAN_POINT('Ctrl Pts',(-0.00350835901875489,0.074709711301637,
5.67943750690458));
#2687=CARTESIAN_POINT('Ctrl Pts',(-0.00164769231038538,0.0529258949799539,
5.67855100936749));
#2688=CARTESIAN_POINT('Ctrl Pts',(-0.000301577664442439,0.0238754448346506,
5.67791062716741));
#2689=CARTESIAN_POINT('Ctrl Pts',(1.3343981883882E-16,0.0108544193537268,
5.67776755226786));
#2690=CARTESIAN_POINT('Ctrl Pts',(1.44115937317469E-16,-0.0108544193537264,
5.67776755226786));
#2691=CARTESIAN_POINT('Ctrl Pts',(-0.000301577664442311,-0.0238754448346502,
5.67791062716741));
#2692=CARTESIAN_POINT('Ctrl Pts',(-0.00164769231038523,-0.0529258949799538,
5.67855100936749));
#2693=CARTESIAN_POINT('Ctrl Pts',(-0.00350835901875487,-0.0747097113016371,
5.67943750690458));
#2694=CARTESIAN_POINT('Ctrl Pts',(-0.014323368542781,-0.161470533952146,
5.6846485544928));
#2695=CARTESIAN_POINT('Ctrl Pts',(-0.0365465408324696,-0.240949183685911,
5.69539472974035));
#2696=CARTESIAN_POINT('Ctrl Pts',(-0.0844637255821424,-0.34952644829562,
5.72244413450246));
#2697=CARTESIAN_POINT('Ctrl Pts',(-0.111703920933631,-0.39723211911059,
5.73876216601263));
#2698=CARTESIAN_POINT('Ctrl Pts',(-0.172768812032768,-0.481683953730234,
5.78275311206732));
#2699=CARTESIAN_POINT('Ctrl Pts',(-0.20639298575088,-0.518406627289715,
5.81074864842484));
#2700=CARTESIAN_POINT('Ctrl Pts',(-0.285608753166938,-0.592699384024621,
5.89228556936171));
#2701=CARTESIAN_POINT('Ctrl Pts',(-0.325595146191421,-0.619530140502293,
5.94934800107788));
#2702=CARTESIAN_POINT('Ctrl Pts',(-0.390228625883705,-0.659167495204293,
6.07277137642023));
#2703=CARTESIAN_POINT('Ctrl Pts',(-0.415226135868751,-0.671510210617856,
6.13909710145946));
#2704=CARTESIAN_POINT('Ctrl Pts',(-0.476346131904665,-0.699740167937668,
6.34929933395276));
#2705=CARTESIAN_POINT('Ctrl Pts',(-0.498985461249134,-0.706942441611122,
6.50327193683391));
#2706=CARTESIAN_POINT('Ctrl Pts',(-0.522349336599757,-0.714660124534926,
6.74538150456331));
#2707=CARTESIAN_POINT('Ctrl Pts',(-0.528125163599406,-0.716445536628668,
6.82589102776786));
#2708=CARTESIAN_POINT('Ctrl Pts',(-0.532680190962797,-0.717824561156857,
6.90742122467733));
#2709=CARTESIAN_POINT('Ctrl Pts',(-0.532680190962807,-0.717824561156858,
6.90742122467733));
#2710=CARTESIAN_POINT('Ctrl Pts',(-0.517025351288955,-0.71851182674224,
7.15293641062181));
#2711=CARTESIAN_POINT('Ctrl Pts',(-0.501378813910287,-0.719128725499256,
7.398452322923));
#2712=CARTESIAN_POINT('Ctrl Pts',(-0.48573887660686,-0.719675076032956,
7.64396881265596));
#2713=CARTESIAN_POINT('Ctrl Pts',(-0.425294317900981,-0.676066727485247,
19.8303848891085));
#2714=CARTESIAN_POINT('Ctrl Pts',(-0.400865707258534,-0.664333997032896,
19.8581340963833));
#2715=CARTESIAN_POINT('Ctrl Pts',(-0.374101894666348,-0.649794276383447,
19.8822201402384));
#2716=CARTESIAN_POINT('Ctrl Pts',(-0.292100278261866,-0.597550473366908,
19.9427711646605));
#2717=CARTESIAN_POINT('Ctrl Pts',(-0.225149089928824,-0.541065597484281,
19.9710197842951));
#2718=CARTESIAN_POINT('Ctrl Pts',(-0.125455735613767,-0.422730405824515,
19.9970724346536));
#2719=CARTESIAN_POINT('Ctrl Pts',(-0.0806553285223205,-0.348953962713059,
20.));
#2720=CARTESIAN_POINT('Ctrl Pts',(-0.05,-0.269258240356726,20.));
#2721=CARTESIAN_POINT('Origin',(-0.75,-1.91794902440325E-16,20.));
#2722=CARTESIAN_POINT('',(-0.05,-1.0356157588604,20.));
#2723=CARTESIAN_POINT('',(-0.221217915332828,-1.13264712374819,19.9697706094139));
#2724=CARTESIAN_POINT('Ctrl Pts',(-0.0500000000000001,-1.0356157588604,
20.));
#2725=CARTESIAN_POINT('Ctrl Pts',(-0.0718738547071996,-1.05040087405784,
20.));
#2726=CARTESIAN_POINT('Ctrl Pts',(-0.0940570640953117,-1.06438642970051,
19.9985672057514));
#2727=CARTESIAN_POINT('Ctrl Pts',(-0.11644616302744,-1.07755067175471,19.9955652403256));
#2728=CARTESIAN_POINT('Ctrl Pts',(-0.137482998209468,-1.08991981582924,
19.9927445885398));
#2729=CARTESIAN_POINT('Ctrl Pts',(-0.158702166395632,-1.10156386210587,
19.9885379473946));
#2730=CARTESIAN_POINT('Ctrl Pts',(-0.179978420658151,-1.11246476499135,
19.9828101181243));
#2731=CARTESIAN_POINT('Ctrl Pts',(-0.193716919833958,-1.11950369409324,
19.9791115452112));
#2732=CARTESIAN_POINT('Ctrl Pts',(-0.207478411898136,-1.1262327665171,19.9747782644026));
#2733=CARTESIAN_POINT('Ctrl Pts',(-0.221217915332819,-1.13264712374819,
19.9697706094139));
#2734=CARTESIAN_POINT('',(-0.539159911639174,-1.2320902796224,7.04312221157127));
#2735=CARTESIAN_POINT('Origin',(-0.75,-1.91794902440325E-16,119.766988475453));
#2736=CARTESIAN_POINT('',(0.0164556615247506,-0.987444033308551,5.67011599431003));
#2737=CARTESIAN_POINT('Ctrl Pts',(-0.539159911639094,-1.23209027962238,
7.04312221157127));
#2738=CARTESIAN_POINT('Ctrl Pts',(-0.533203708815944,-1.2310710309924,6.89529138254904));
#2739=CARTESIAN_POINT('Ctrl Pts',(-0.524211221088019,-1.22953808461108,
6.74929102166192));
#2740=CARTESIAN_POINT('Ctrl Pts',(-0.490067396006604,-1.22282550411909,
6.43826340671442));
#2741=CARTESIAN_POINT('Ctrl Pts',(-0.462884436622723,-1.21776045251861,
6.27771891539502));
#2742=CARTESIAN_POINT('Ctrl Pts',(-0.385496954965241,-1.19597411644301,
6.06207749804649));
#2743=CARTESIAN_POINT('Ctrl Pts',(-0.353297984587975,-1.18623934974832,
5.99455057193864));
#2744=CARTESIAN_POINT('Ctrl Pts',(-0.268795165436434,-1.15454674957087,
5.87123533344565));
#2745=CARTESIAN_POINT('Ctrl Pts',(-0.216205069977047,-1.1327080748483,5.81561280029309));
#2746=CARTESIAN_POINT('Ctrl Pts',(-0.0996095453569605,-1.06909362766653,
5.72898256492284));
#2747=CARTESIAN_POINT('Ctrl Pts',(-0.0403384228812837,-1.03152769381563,
5.69598217544752));
#2748=CARTESIAN_POINT('Ctrl Pts',(0.0164556615247475,-0.987444033308553,
5.67011599431002));
#2749=CARTESIAN_POINT('',(0.0678114550353415,-0.945348837209302,6.25711540018594));
#2750=CARTESIAN_POINT('Origin',(-0.75,-1.91794902440325E-16,-3.09051230466602));
#2751=CARTESIAN_POINT('Origin',(-0.75,-1.91794902440325E-16,-169.337521009544));
#2752=CARTESIAN_POINT('',(-0.05,1.0356157588604,20.));
#2753=CARTESIAN_POINT('Ctrl Pts',(-0.55,1.23389626792531,19.5));
#2754=CARTESIAN_POINT('Ctrl Pts',(-0.55,1.23389626792531,19.562379682821));
#2755=CARTESIAN_POINT('Ctrl Pts',(-0.537587373014794,1.23208459295895,19.6288864212879));
#2756=CARTESIAN_POINT('Ctrl Pts',(-0.487464964763771,1.22238576093629,19.7509532453749));
#2757=CARTESIAN_POINT('Ctrl Pts',(-0.44975575800601,1.2142232011354,19.8064915284304));
#2758=CARTESIAN_POINT('Ctrl Pts',(-0.359156199541521,1.18836364144826,19.8988404988604));
#2759=CARTESIAN_POINT('Ctrl Pts',(-0.29902997835464,1.16785806482842,19.9388414269304));
#2760=CARTESIAN_POINT('Ctrl Pts',(-0.173160074861825,1.1110905333837,19.9893151139003));
#2761=CARTESIAN_POINT('Ctrl Pts',(-0.107621309000734,1.07456352105446,20.));
#2762=CARTESIAN_POINT('Ctrl Pts',(-0.0500000000000002,1.0356157588604,20.));
#2763=CARTESIAN_POINT('Origin',(-0.75,-1.91794902440325E-16,20.));
#2764=CARTESIAN_POINT('Origin',(0.,0.,20.));
#2765=CARTESIAN_POINT('',(-0.05,1.0356157588604,20.));
#2766=CARTESIAN_POINT('',(-0.05,-0.269258240356726,20.));
#2767=CARTESIAN_POINT('Origin',(-1.21305797849794,-17.8665392058429,0.106128821318236));
#2768=CARTESIAN_POINT('',(-1.7293860496645,-1.2238962679253,-5.79552803749976));
#2769=CARTESIAN_POINT('',(-0.55,-0.802841614740044,7.68491619531352));
#2770=CARTESIAN_POINT('Origin',(-2.42663199164571,0.,-13.7650856222337));
#2771=CARTESIAN_POINT('',(-1.64469251163755,-0.717824561156858,-5.80293776195102));
#2772=CARTESIAN_POINT('Origin',(-2.34193845361876,-0.717824561156857,-13.772495346685));
#2773=CARTESIAN_POINT('Origin',(-0.05,0.,19.5));
#2774=CARTESIAN_POINT('Origin',(-0.05,0.,19.5));
#2775=CARTESIAN_POINT('Origin',(-0.05,-1.15861723537444,19.5));
#2776=CARTESIAN_POINT('Origin',(-0.45124060825604,-0.932920301717354,-5.90735127396033));
#2777=CARTESIAN_POINT('',(-0.132832214442901,-0.922790078618336,-3.92756872370378));
#2778=CARTESIAN_POINT('',(12.1251133647408,-0.0610386024599426,-5.));
#2779=CARTESIAN_POINT('',(-0.132832214088181,-0.922790078593398,-3.92756872373481));
#2780=CARTESIAN_POINT('Origin',(-0.342016585671249,8.1688827145472E-17,
-3.90926746263451));
#2781=CARTESIAN_POINT('Origin',(-1.03104016565432,-1.24669966180252E-16,
-3.84898571048394));
#2782=CARTESIAN_POINT('Origin',(-0.216060968336146,-5.27983032932499E-16,
11.501856793165));
#2783=CARTESIAN_POINT('',(-0.539159911639173,-1.23209027962239,7.04312221157127));
#2784=CARTESIAN_POINT('',(0.0164556615247511,-0.987444033308551,5.67011599431004));
#2785=CARTESIAN_POINT('Origin',(1.38196104344347,-0.945348837209303,21.2779139293441));
#2786=CARTESIAN_POINT('',(0.0678114550353415,-0.945348837209302,6.25711540018594));
#2787=CARTESIAN_POINT('',(0.118828389163199,-0.898686391453732,-1.36571549878099));
#2788=CARTESIAN_POINT('Origin',(1.38196104344347,-0.987444033308551,21.2779139293441));
#2789=CARTESIAN_POINT('Origin',(-0.7502377054818,0.0689193245677036,-1.26213300554552));
#2790=CARTESIAN_POINT('Origin',(-0.149580044767979,-1.23209027962239,11.496040466012));
#2791=CARTESIAN_POINT('Origin',(14.9772912531816,4.62312229934179,-6.82059729535208));
#2792=CARTESIAN_POINT('',(15.3833274432183,22.009787172545,-2.17958240641868));
#2793=CARTESIAN_POINT('',(12.394743348943,22.009787172545,-1.91811517817572));
#2794=CARTESIAN_POINT('',(14.9772912531816,4.62312229934179,-6.82059729535208));
#2795=CARTESIAN_POINT('Origin',(15.956206426647,1.61357270548342,4.36845433732469));
#2796=CARTESIAN_POINT('',(16.3622426166837,19.0002375786867,9.00946922625808));
#2797=CARTESIAN_POINT('',(16.1175138233173,19.7526249771512,6.21220631808889));
#2798=CARTESIAN_POINT('',(15.956206426647,1.61357270548342,4.36845433732469));
#2799=CARTESIAN_POINT('Origin',(12.9676223323718,1.61357270548342,4.62992156556765));
#2800=CARTESIAN_POINT('',(14.1208045459772,19.0002375786867,9.2055696474403));
#2801=CARTESIAN_POINT('Origin',(14.3784929828133,20.5050123756158,3.54567702404118));
#2802=CARTESIAN_POINT('Origin',(-54.501600140449,9.53281695360251,8.0140305637874));
#2803=CARTESIAN_POINT('',(-14.4676289155717,9.53281695360252,6.16781465763436));
#2804=CARTESIAN_POINT('Origin',(-14.6114358911054,9.53281695360252,4.52409340578298));
#2805=CARTESIAN_POINT('',(-17.456213009847,9.53281695360252,6.42928188587732));
#2806=CARTESIAN_POINT('',(-54.3577931649154,9.53281695360251,9.65775181563879));
#2807=CARTESIAN_POINT('Origin',(-17.6000199853806,9.53281695360252,4.78556063402594));
#2808=CARTESIAN_POINT('Origin',(-54.343697177657,16.294297737626,9.81886968726151));
#2809=CARTESIAN_POINT('',(-14.3097259527797,16.294297737626,7.97265378110847));
#2810=CARTESIAN_POINT('Origin',(-14.4535329283133,16.294297737626,6.32893252925709));
#2811=CARTESIAN_POINT('',(-17.2983100470549,16.294297737626,8.23412100935142));
#2812=CARTESIAN_POINT('',(-54.1998902021234,16.294297737626,11.4625909391129));
#2813=CARTESIAN_POINT('Origin',(-17.4421170225886,16.294297737626,6.59039975750004));
#2814=CARTESIAN_POINT('Origin',(-5.72065404785884,2.49087782053129,-5.44219945677453));
#2815=CARTESIAN_POINT('',(-5.54670182983231,2.49198234244906,-3.45391650654979));
#2816=CARTESIAN_POINT('',(-5.54016772470993,2.49198234244906,-3.37923134324925));
#2817=CARTESIAN_POINT('',(-5.46284927974434,2.49198234244906,-2.49547747332429));
#2818=CARTESIAN_POINT('',(-5.54670182983231,6.37672415730603,-3.45391650654979));
#2819=CARTESIAN_POINT('',(-5.54670182983231,9.,-3.45391650654979));
#2820=CARTESIAN_POINT('',(-5.62990667030493,6.37672415730603,-4.40495218499479));
#2821=CARTESIAN_POINT('',(-5.72101331532761,6.37672415730603,-5.44630590273329));
#2822=CARTESIAN_POINT('',(-5.26564341409312,21.9746519203569,-0.241404114519457));
#2823=CARTESIAN_POINT('',(-5.33331611243257,19.0768744414897,-1.01490659600836));
#2824=CARTESIAN_POINT('',(-5.09727144843439,21.4570138301518,1.68309625927866));
#2825=CARTESIAN_POINT('',(-5.26564341409312,21.9746519203569,-0.241404114519457));
#2826=CARTESIAN_POINT('',(-5.16494414677384,18.5592363512846,0.909593777789763));
#2827=CARTESIAN_POINT('Origin',(-10.2028806403941,10.26623832182,-0.880234085404465));
#2828=CARTESIAN_POINT('',(-15.2287283879568,2.49198234244906,-2.531592119332));
#2829=CARTESIAN_POINT('',(-7.96230149094479,2.49198234244906,-3.16732209716037));
#2830=CARTESIAN_POINT('',(-14.7858321116813,21.4570138301518,2.53073548319591));
#2831=CARTESIAN_POINT('',(-14.7858321116813,21.4570138301518,2.53073548319591));
#2832=CARTESIAN_POINT('',(-14.950339290596,14.4127373365523,0.650409824021013));
#2833=CARTESIAN_POINT('Origin',(-15.0218767756795,19.0768744414897,-0.167267372091107));
#2834=CARTESIAN_POINT('',(-13.9752894690002,18.9651040639048,11.79528028266));
#2835=CARTESIAN_POINT('',(-13.9752894690002,18.9651040639048,11.79528028266));
#2836=CARTESIAN_POINT('',(-14.4345346806727,-0.699996697808349,6.54608349345021));
#2837=CARTESIAN_POINT('',(-14.0429621673396,16.0673265850375,11.0217778011711));
#2838=CARTESIAN_POINT('',(-14.4345346806727,2.49198234244906,6.54608349345021));
#2839=CARTESIAN_POINT('',(-14.4345346806727,9.16735793744161,6.54608349345021));
#2840=CARTESIAN_POINT('',(-14.7282057281761,2.49198234244906,3.18940806067955));
#2841=CARTESIAN_POINT('Origin',(-4.7459740174258,2.49198234244906,5.69844426953296));
#2842=CARTESIAN_POINT('',(-15.409188916862,2.49198234244906,-4.5942654033024));
#2843=CARTESIAN_POINT('',(-5.72062825361512,2.49198234244906,-5.44190462721965));
#2844=CARTESIAN_POINT('',(-8.14276201984997,2.49198234244906,-5.22999538113076));
#2845=CARTESIAN_POINT('',(-5.72101331532761,2.49198234244906,-5.44630590273329));
#2846=CARTESIAN_POINT('',(-5.23349366637671,2.49198234244906,0.126069183399834));
#2847=CARTESIAN_POINT('',(-15.4095739785745,2.49198234244906,-4.59866667881604));
#2848=CARTESIAN_POINT('',(-5.72101331532761,2.49198234244906,-5.44630590273329));
#2849=CARTESIAN_POINT('',(-14.6782945051482,2.49198234244906,3.75989595038365));
#2850=CARTESIAN_POINT('Origin',(-4.7459740174258,2.49198234244906,5.69844426953296));
#2851=CARTESIAN_POINT('',(-4.7459740174258,2.49198234244906,5.69844426953296));
#2852=CARTESIAN_POINT('',(-4.7459740174258,2.49198234244906,5.69844426953296));
#2853=CARTESIAN_POINT('',(-5.46284927974434,2.49198234244906,-2.49547747332429));
#2854=CARTESIAN_POINT('Origin',(-15.0218767756795,19.0768744414897,-0.167267372091107));
#2855=CARTESIAN_POINT('',(-14.4355192999022,-0.742158566606427,6.53482924415834));
#2856=CARTESIAN_POINT('',(-14.4345346806727,-0.742158566606426,6.54608349345021));
#2857=CARTESIAN_POINT('',(-15.1658141540991,-0.742158566606426,-1.81247913574948));
#2858=CARTESIAN_POINT('',(-14.4345346806727,9.16735793744161,6.54608349345021));
#2859=CARTESIAN_POINT('',(-14.0429621673396,16.0673265850375,11.0217778011711));
#2860=CARTESIAN_POINT('Origin',(-0.819269253902144,-1.04104542167992,5.00606027444734));
#2861=CARTESIAN_POINT('',(-0.55,-0.816239565597997,7.68491619531352));
#2862=CARTESIAN_POINT('',(1.50166777166572,-0.816239565597998,19.3205023286578));
#2863=CARTESIAN_POINT('',(1.50166777166572,-0.816239565597998,19.3205023286578));
#2864=CARTESIAN_POINT('',(-0.618503134640001,-0.699449708870973,7.6555841801553));
#2865=CARTESIAN_POINT('Ctrl Pts',(-0.550000000000007,-0.816239565598012,
7.68491619531341));
#2866=CARTESIAN_POINT('Ctrl Pts',(-0.569047838608597,-0.796040147899393,
7.6803787731585));
#2867=CARTESIAN_POINT('Ctrl Pts',(-0.588083650959205,-0.775958875719553,
7.67530425707865));
#2868=CARTESIAN_POINT('Ctrl Pts',(-0.60710250384961,-0.75599622093036,7.66971820709964));
#2869=CARTESIAN_POINT('Ctrl Pts',(-0.61844040053485,-0.744095686294163,
7.66638813993389));
#2870=CARTESIAN_POINT('Ctrl Pts',(-0.629769654860538,-0.732240051189274,
7.66287705100688));
#2871=CARTESIAN_POINT('Ctrl Pts',(-0.641089223306577,-0.720429364691284,
7.65919060698481));
#2872=CARTESIAN_POINT('',(1.4362273830123,-0.676066727485247,19.6675228433711));
#2873=CARTESIAN_POINT('',(1.4362273830123,-0.676066727485247,19.6675228433711));
#2874=CARTESIAN_POINT('Origin',(1.00926389515961,-0.254224925393189,19.4073264174912));
#2875=CARTESIAN_POINT('Origin',(1.04684759634246,0.,19.9084127028807));
#2876=CARTESIAN_POINT('',(1.09608798399307,-1.0356157588604,19.8997302939973));
#2877=CARTESIAN_POINT('',(1.09608798399307,1.0356157588604,19.8997302939973));
#2878=CARTESIAN_POINT('Origin',(1.78545341110162,-1.91794902440325E-16,
19.7781765696305));
#2879=CARTESIAN_POINT('',(1.09608798399307,-0.269258240356726,19.8997302939973));
#2880=CARTESIAN_POINT('',(1.09608798399307,-0.269258240356726,19.8997302939973));
#2881=CARTESIAN_POINT('',(1.09608798399307,0.269258240356726,19.8997302939973));
#2882=CARTESIAN_POINT('Origin',(1.78545341110162,-1.91794902440325E-16,
19.7781765696305));
#2883=CARTESIAN_POINT('',(1.09608798399307,1.0356157588604,19.8997302939973));
#2884=CARTESIAN_POINT('Origin',(1.00926389515961,0.,19.4073264174912));
#2885=CARTESIAN_POINT('',(1.50166777166572,1.23389626792531,19.3205023286578));
#2886=CARTESIAN_POINT('Ctrl Pts',(1.50166777166572,1.23389626792531,19.3205023286578));
#2887=CARTESIAN_POINT('Ctrl Pts',(1.51249988991103,1.23389626792531,19.3819343239304));
#2888=CARTESIAN_POINT('Ctrl Pts',(1.51182461255809,1.23208459295895,19.4495861056561));
#2889=CARTESIAN_POINT('Ctrl Pts',(1.48366035786913,1.22238576093629,19.5785021252556));
#2890=CARTESIAN_POINT('Ctrl Pts',(1.4561681603375,1.2142232011354,19.6397447920325));
#2891=CARTESIAN_POINT('Ctrl Pts',(1.38298124316676,1.18836364144826,19.7464232223194));
#2892=CARTESIAN_POINT('Ctrl Pts',(1.33071456264694,1.16785806482842,19.7962572551495));
#2893=CARTESIAN_POINT('Ctrl Pts',(1.21552156957877,1.1110905333837,19.8678212127652));
#2894=CARTESIAN_POINT('Ctrl Pts',(1.15283389583571,1.07456352105446,19.8897244586946));
#2895=CARTESIAN_POINT('Ctrl Pts',(1.09608798399307,1.0356157588604,19.8997302939973));
#2896=CARTESIAN_POINT('',(1.50166777166572,0.722841614740048,19.3205023286578));
#2897=CARTESIAN_POINT('Ctrl Pts',(1.09608798399307,0.269258240356726,19.8997302939973));
#2898=CARTESIAN_POINT('Ctrl Pts',(1.12627758919299,0.348953962713058,19.8944070520637));
#2899=CARTESIAN_POINT('Ctrl Pts',(1.16988901104734,0.422730405824515,19.8837444539629));
#2900=CARTESIAN_POINT('Ctrl Pts',(1.26354380404246,0.541065597484281,19.840776032601));
#2901=CARTESIAN_POINT('Ctrl Pts',(1.32457253206506,0.597550473366908,19.8013306211263));
#2902=CARTESIAN_POINT('Ctrl Pts',(1.39558899428991,0.650370859234543,19.7266448075633));
#2903=CARTESIAN_POINT('Ctrl Pts',(1.41846981442191,0.665290107550339,19.697188996273));
#2904=CARTESIAN_POINT('Ctrl Pts',(1.45782136869315,0.689176623892358,19.6315085584563));
#2905=CARTESIAN_POINT('Ctrl Pts',(1.47429685561994,0.698167086135408,19.5952952173388));
#2906=CARTESIAN_POINT('Ctrl Pts',(1.5101508579987,0.718207594375163,19.4812486231481));
#2907=CARTESIAN_POINT('Ctrl Pts',(1.51525013949873,0.722841614740048,19.3975317644165));
#2908=CARTESIAN_POINT('Ctrl Pts',(1.50166777166572,0.722841614740048,19.3205023286578));
#2909=CARTESIAN_POINT('',(1.50166777166572,1.23389626792531,19.3205023286578));
#2910=CARTESIAN_POINT('Origin',(1.78545341110162,-1.91794902440325E-16,
19.7781765696305));
#2911=CARTESIAN_POINT('',(1.25945543588017,-1.13264712374819,19.8402284767978));
#2912=CARTESIAN_POINT('Ctrl Pts',(1.09608798399307,-1.0356157588604,19.8997302939973));
#2913=CARTESIAN_POINT('Ctrl Pts',(1.11762952569698,-1.05040087405784,19.8959319389889));
#2914=CARTESIAN_POINT('Ctrl Pts',(1.13922692017884,-1.06438642970051,19.8906688382193));
#2915=CARTESIAN_POINT('Ctrl Pts',(1.16075459256455,-1.07755067175471,19.8838246531645));
#2916=CARTESIAN_POINT('Ctrl Pts',(1.18098202990822,-1.08991981582924,19.8773938453241));
#2917=CARTESIAN_POINT('Ctrl Pts',(1.20114835568146,-1.10156386210587,19.869566442623));
#2918=CARTESIAN_POINT('Ctrl Pts',(1.22110674871948,-1.11246476499135,19.8602310491695));
#2919=CARTESIAN_POINT('Ctrl Pts',(1.23399427877623,-1.11950369409324,19.8542030005438));
#2920=CARTESIAN_POINT('Ctrl Pts',(1.24679423653832,-1.1262327665171,19.8475458939886));
#2921=CARTESIAN_POINT('Ctrl Pts',(1.25945543588016,-1.13264712374819,19.8402284767978));
#2922=CARTESIAN_POINT('',(-0.0620419103659681,1.23389626792531,10.4522640377906));
#2923=CARTESIAN_POINT('',(1.50166777166572,1.23389626792531,19.3205023286578));
#2924=CARTESIAN_POINT('',(-0.720709293448527,-0.898686391453732,10.5684048687407));
#2925=CARTESIAN_POINT('Origin',(0.134919640236474,-1.91794902440325E-16,
10.4175344022572));
#2926=CARTESIAN_POINT('',(-2.78029308360958,-0.8986863914689,-1.11207523671825));
#2927=CARTESIAN_POINT('',(-2.78029308349652,-0.898686391453732,-1.11207523573871));
#2928=CARTESIAN_POINT('',(-1.40636051696384,-0.945348837209302,6.38608873582351));
#2929=CARTESIAN_POINT('Origin',(-31.0926620761775,-1.91794902440325E-16,
-166.682882056681));
#2930=CARTESIAN_POINT('',(-1.45771631047443,-0.987444033308551,5.79908932994761));
#2931=CARTESIAN_POINT('Origin',(-2.22417197199917,-1.91794902440325E-16,
-2.96153896902845));
#2932=CARTESIAN_POINT('',(-0.672121758775512,-1.2320902796224,7.05475486587717));
#2933=CARTESIAN_POINT('Ctrl Pts',(-0.672121758775589,-1.23209027962238,
7.05475486587718));
#2934=CARTESIAN_POINT('Ctrl Pts',(-0.703658027557041,-1.2310710309924,6.91020420308792));
#2935=CARTESIAN_POINT('Ctrl Pts',(-0.737866595797131,-1.22953808461108,
6.76798344485035));
#2936=CARTESIAN_POINT('Ctrl Pts',(-0.825501077994522,-1.22282550411909,
6.46761005125312));
#2937=CARTESIAN_POINT('Ctrl Pts',(-0.880149325497659,-1.21776045251861,
6.31422486285898));
#2938=CARTESIAN_POINT('Ctrl Pts',(-0.993806856572122,-1.19597411644301,
6.11529771834766));
#2939=CARTESIAN_POINT('Ctrl Pts',(-1.03724257990074,-1.18623934974832,6.05438797050832));
#2940=CARTESIAN_POINT('Ctrl Pts',(-1.14187507779544,-1.15454674957087,5.94761992812926));
#2941=CARTESIAN_POINT('Ctrl Pts',(-1.20332496305465,-1.1327080748483,5.9019746004783));
#2942=CARTESIAN_POINT('Ctrl Pts',(-1.33319232216994,-1.06909362766653,5.8369070734148));
#2943=CARTESIAN_POINT('Ctrl Pts',(-1.39729344060841,-1.03152769381563,5.81470035641325));
#2944=CARTESIAN_POINT('Ctrl Pts',(-1.45771631047443,-0.987444033308553,
5.79908932994759));
#2945=CARTESIAN_POINT('Origin',(19.1098091511803,-1.91794902440325E-16,
118.029480314936));
#2946=CARTESIAN_POINT('Origin',(1.00926389515961,0.,19.4073264174912));
#2947=CARTESIAN_POINT('',(1.50166777166572,-1.09745857108495,19.3205023286578));
#2948=CARTESIAN_POINT('',(1.50166777166572,-0.816239565597998,19.3205023286578));
#2949=CARTESIAN_POINT('Ctrl Pts',(1.43622738301231,-0.676066727485248,19.6675228433711));
#2950=CARTESIAN_POINT('Ctrl Pts',(1.41698849713128,-0.664333997032898,19.6990924615562));
#2951=CARTESIAN_POINT('Ctrl Pts',(1.39481378461297,-0.649794276383447,19.7274600715682));
#2952=CARTESIAN_POINT('Ctrl Pts',(1.32457253206506,-0.597550473366908,19.8013306211263));
#2953=CARTESIAN_POINT('Ctrl Pts',(1.26354380404246,-0.541065597484281,19.840776032601));
#2954=CARTESIAN_POINT('Ctrl Pts',(1.16988901104734,-0.422730405824515,19.8837444539629));
#2955=CARTESIAN_POINT('Ctrl Pts',(1.12627758919299,-0.348953962713059,19.8944070520637));
#2956=CARTESIAN_POINT('Ctrl Pts',(1.09608798399307,-0.269258240356726,19.8997302939973));
#2957=CARTESIAN_POINT('Origin',(1.00926389515961,-1.15861723537444,19.4073264174912));
#2958=CARTESIAN_POINT('Origin',(-1.88447169283917,0.,0.116751144919668));
#2959=CARTESIAN_POINT('',(-0.55,-1.22389626792531,7.68491619531352));
#2960=CARTESIAN_POINT('',(-0.55,-1.22389626792531,7.68491619531352));
#2961=CARTESIAN_POINT('',(1.50166777166572,-1.09745857108495,19.3205023286578));
#2962=CARTESIAN_POINT('Ctrl Pts',(-0.549999999999975,-0.816958069679179,
7.68491619531342));
#2963=CARTESIAN_POINT('Ctrl Pts',(-0.549999999999975,-0.671532843648399,
7.68491619531342));
#2964=CARTESIAN_POINT('Ctrl Pts',(-0.588702950172924,-0.816958069679179,
7.6756966913485));
#2965=CARTESIAN_POINT('Ctrl Pts',(-0.588702950172924,-0.671532843648399,
7.6756966913485));
#2966=CARTESIAN_POINT('Ctrl Pts',(-0.626987089187915,-0.816958069679179,
7.66434770427592));
#2967=CARTESIAN_POINT('Ctrl Pts',(-0.626987089187915,-0.671532843648399,
7.66434770427592));
#2968=CARTESIAN_POINT('Ctrl Pts',(-0.664755695634562,-0.816958069679179,
7.65122452946513));
#2969=CARTESIAN_POINT('Ctrl Pts',(-0.664755695634562,-0.671532843648399,
7.65122452946513));
#2970=CARTESIAN_POINT('',(-0.55,-0.802841614740042,7.68491619531352));
#2971=CARTESIAN_POINT('',(-0.55,-0.816239565597995,7.68491619531352));
#2972=CARTESIAN_POINT('Ctrl Pts',(-0.637849779554449,-0.717476739535998,
7.66024071956361));
#2973=CARTESIAN_POINT('Ctrl Pts',(-0.623211490550864,-0.731647675139705,
7.66496387695773));
#2974=CARTESIAN_POINT('Ctrl Pts',(-0.608538597586633,-0.745878189516088,
7.66939896967871));
#2975=CARTESIAN_POINT('Ctrl Pts',(-0.593834365478807,-0.76016632479657,
7.67353114471952));
#2976=CARTESIAN_POINT('Ctrl Pts',(-0.579250557824864,-0.774337443365431,
7.677629478148));
#2977=CARTESIAN_POINT('Ctrl Pts',(-0.564638025882891,-0.788563198874826,
7.68142924310272));
#2978=CARTESIAN_POINT('Ctrl Pts',(-0.549999999999987,-0.802841614740056,
7.68491619531341));
#2979=CARTESIAN_POINT('Origin',(-0.819269253902144,-1.91794902440325E-16,
5.00606027444734));
#2980=CARTESIAN_POINT('',(-0.702067267016686,-0.717824561156858,6.92224067357985));
#2981=CARTESIAN_POINT('Ctrl Pts',(-0.702067267016687,-0.717824561156858,
6.92224067357984));
#2982=CARTESIAN_POINT('Ctrl Pts',(-0.674851009870845,-0.71851182674224,
7.16674436656124));
#2983=CARTESIAN_POINT('Ctrl Pts',(-0.64762645042982,-0.719128725499256,
7.41124733318592));
#2984=CARTESIAN_POINT('Ctrl Pts',(-0.620395290913554,-0.719675076032956,
7.65574972237884));
#2985=CARTESIAN_POINT('',(-0.550000000000001,0.722841614740048,7.68491619531351));
#2986=CARTESIAN_POINT('Ctrl Pts',(-0.549999999999996,0.722841614740048,
7.68491619531354));
#2987=CARTESIAN_POINT('Ctrl Pts',(-0.607952278244773,0.722841614740048,
7.35625249329848));
#2988=CARTESIAN_POINT('Ctrl Pts',(-0.673716810444679,0.722568991637996,
7.00463689251471));
#2989=CARTESIAN_POINT('Ctrl Pts',(-0.805429885413754,0.706942441611123,
6.53008234994903));
#2990=CARTESIAN_POINT('Ctrl Pts',(-0.854462334376129,0.699740167937668,
6.38238021516448));
#2991=CARTESIAN_POINT('Ctrl Pts',(-0.951155014950352,0.671510210617856,
6.18598480283524));
#2992=CARTESIAN_POINT('Ctrl Pts',(-0.987290097875127,0.659167495204292,
6.12500748664757));
#2993=CARTESIAN_POINT('Ctrl Pts',(-1.07237389398994,0.619530140502292,6.01468267567232));
#2994=CARTESIAN_POINT('Ctrl Pts',(-1.1216615911362,0.592699384024622,5.96543071479268));
#2995=CARTESIAN_POINT('Ctrl Pts',(-1.21383263078161,0.518406627289715,5.8988881965516));
#2996=CARTESIAN_POINT('Ctrl Pts',(-1.25180735161912,0.481683953730234,5.87715675178869));
#2997=CARTESIAN_POINT('Ctrl Pts',(-1.31958347742664,0.39723211911059,5.84443793411048));
#2998=CARTESIAN_POINT('Ctrl Pts',(-1.34924342943721,0.349526448295621,5.83309802044744));
#2999=CARTESIAN_POINT('Ctrl Pts',(-1.40112972432512,0.240949183685911,5.81478028873406));
#3000=CARTESIAN_POINT('Ctrl Pts',(-1.42488133044116,0.161470533952146,5.80805638540513));
#3001=CARTESIAN_POINT('Ctrl Pts',(-1.43643692458675,0.074709711301637,5.80480251203424));
#3002=CARTESIAN_POINT('Ctrl Pts',(-1.43842326226874,0.0529258949799539,
5.80425258376984));
#3003=CARTESIAN_POINT('Ctrl Pts',(-1.43986012761056,0.0238754448346506,
5.80385568076951));
#3004=CARTESIAN_POINT('Ctrl Pts',(-1.44018196832822,0.0108544193537268,
5.80376714791102));
#3005=CARTESIAN_POINT('Ctrl Pts',(-1.44018196832822,-0.0108544193537264,
5.80376714791102));
#3006=CARTESIAN_POINT('Ctrl Pts',(-1.43986012761056,-0.0238754448346502,
5.80385568076951));
#3007=CARTESIAN_POINT('Ctrl Pts',(-1.43842326226874,-0.0529258949799538,
5.80425258376984));
#3008=CARTESIAN_POINT('Ctrl Pts',(-1.43643692458675,-0.0747097113016371,
5.80480251203424));
#3009=CARTESIAN_POINT('Ctrl Pts',(-1.42488133044116,-0.161470533952146,
5.80805638540513));
#3010=CARTESIAN_POINT('Ctrl Pts',(-1.40112972432512,-0.240949183685911,
5.81478028873406));
#3011=CARTESIAN_POINT('Ctrl Pts',(-1.34924342943721,-0.34952644829562,5.83309802044744));
#3012=CARTESIAN_POINT('Ctrl Pts',(-1.31958347742664,-0.39723211911059,5.84443793411048));
#3013=CARTESIAN_POINT('Ctrl Pts',(-1.25180735161912,-0.481683953730234,
5.87715675178869));
#3014=CARTESIAN_POINT('Ctrl Pts',(-1.21383263078161,-0.518406627289715,
5.8988881965516));
#3015=CARTESIAN_POINT('Ctrl Pts',(-1.1216615911362,-0.592699384024621,5.96543071479269));
#3016=CARTESIAN_POINT('Ctrl Pts',(-1.07237389398994,-0.619530140502293,
6.01468267567233));
#3017=CARTESIAN_POINT('Ctrl Pts',(-0.987290097875125,-0.659167495204293,
6.12500748664757));
#3018=CARTESIAN_POINT('Ctrl Pts',(-0.951155014950351,-0.671510210617856,
6.18598480283525));
#3019=CARTESIAN_POINT('Ctrl Pts',(-0.854462334376128,-0.699740167937668,
6.38238021516449));
#3020=CARTESIAN_POINT('Ctrl Pts',(-0.805429885413754,-0.706942441611122,
6.53008234994904));
#3021=CARTESIAN_POINT('Ctrl Pts',(-0.740379074596115,-0.714660124534926,
6.76445663494952));
#3022=CARTESIAN_POINT('Ctrl Pts',(-0.720710663397501,-0.716445536628668,
6.84274007575966));
#3023=CARTESIAN_POINT('Ctrl Pts',(-0.702067267016697,-0.717824561156857,
6.92224067357985));
#3024=CARTESIAN_POINT('',(1.50166777166572,0.722841614740048,19.3205023286578));
#3025=CARTESIAN_POINT('Origin',(-1.88447169283917,0.,0.116751144919668));
#3026=CARTESIAN_POINT('',(-0.55,2.,7.68491619531352));
#3027=CARTESIAN_POINT('',(-0.55,2.,7.68491619531352));
#3028=CARTESIAN_POINT('',(-0.420843303547006,1.99204048752115,8.41740021978933));
#3029=CARTESIAN_POINT('',(-0.420843303547006,1.99204048752115,8.41740021978933));
#3030=CARTESIAN_POINT('Ctrl Pts',(-0.0620419103659603,1.23389626792529,
10.4522640377906));
#3031=CARTESIAN_POINT('Ctrl Pts',(-0.199280713707354,1.52530591377371,9.67394410745445));
#3032=CARTESIAN_POINT('Ctrl Pts',(-0.420843303547006,1.99204048752115,8.41740021978932));
#3033=CARTESIAN_POINT('Origin',(-2.76813254266713,8.1688827145472E-17,-3.69700981999803));
#3034=CARTESIAN_POINT('',(-1.55507456416919,2.,-3.80313864131627));
#3035=CARTESIAN_POINT('',(-9.66842929513987,3.,-3.09331207919197));
#3036=CARTESIAN_POINT('',(-1.55507456416919,2.,-3.80313864131627));
#3037=CARTESIAN_POINT('Origin',(-18.0104608699547,19.0768744414897,0.0941998561518464));
#3038=CARTESIAN_POINT('',(-15.4867777611742,-0.830409274498623,-5.48110995190161));
#3039=CARTESIAN_POINT('',(-18.4704846066098,-0.621563134281307,-5.16389551432821));
#3040=CARTESIAN_POINT('',(-18.5363698920742,-0.616951458845634,-5.15689088389512));
#3041=CARTESIAN_POINT('',(-17.9427881716153,21.9746519203569,0.867702337640744));
#3042=CARTESIAN_POINT('',(-18.0104608699547,19.0768744414897,0.0941998561518465));
#3043=CARTESIAN_POINT('',(-14.95420407734,21.9746519203569,0.60623510939779));
#3044=CARTESIAN_POINT('',(-5.45486796103502,13.8719658441101,-2.40425058303176));
#3045=CARTESIAN_POINT('',(-15.4095739785745,2.47549381478827,-4.59866667881604));
#3046=CARTESIAN_POINT('',(-15.0218767756795,19.0768744414897,-0.167267372091109));
#3047=CARTESIAN_POINT('',(-15.0218767756795,19.0768744414897,-0.167267372091109));
#3048=CARTESIAN_POINT('Origin',(-1.21305797849794,2.,0.106128821318236));
#3049=CARTESIAN_POINT('',(-3.09357534538674,2.28674737075729,5.40708180076566));
#3050=CARTESIAN_POINT('',(-8.8361526833223,3.,6.41965312424861));
#3051=CARTESIAN_POINT('Ctrl Pts',(-3.09357534538676,2.28674737075729,5.40708180076563));
#3052=CARTESIAN_POINT('Ctrl Pts',(-1.29551375352703,2.0952278603514,8.06230768601189));
#3053=CARTESIAN_POINT('Ctrl Pts',(-0.420843303544789,1.99204048752089,8.41740021979023));
#3054=CARTESIAN_POINT('',(-0.55,2.,7.68491619531352));
#3055=CARTESIAN_POINT('Origin',(0.134919640236474,-1.91794902440325E-16,
10.4175344022572));
#3056=CARTESIAN_POINT('',(-3.93617154647076,-0.738489381312585,5.55565424484638));
#3057=CARTESIAN_POINT('Origin',(-0.819269253902144,-1.91794902440325E-16,
5.00606027444734));
#3058=CARTESIAN_POINT('Ctrl Pts',(-3.9361715464503,-0.738489381313576,5.55565424488069));
#3059=CARTESIAN_POINT('Ctrl Pts',(-1.54508559316441,-0.854187221970972,
9.56620176793636));
#3060=CARTESIAN_POINT('Ctrl Pts',(-0.720709293434932,-0.898686391454468,
10.5684048687572));
#3061=CARTESIAN_POINT('Origin',(-4.74555653313645,-0.902583423035522,-12.5793083581547));
#3062=CARTESIAN_POINT('',(-4.7459740174258,-0.681119964146481,5.69844426953296));
#3063=CARTESIAN_POINT('',(-5.54670182983231,-0.73698469524461,-3.45391650654979));
#3064=CARTESIAN_POINT('',(-6.0220280495046,-0.770146989640351,-8.88692005827832));
#3065=CARTESIAN_POINT('',(-2.98554817365272,-0.915669833670686,-3.67798841702015));
#3066=CARTESIAN_POINT('',(-2.98554817448812,-0.915669833989553,-3.67798841694038));
#3067=CARTESIAN_POINT('Origin',(7989.5882370938,-558.757512028682,-638.04442962282));
#3068=CARTESIAN_POINT('',(-3.93617154646856,-0.738489381312585,5.55565424485882));
#3069=CARTESIAN_POINT('Origin',(-2.76813254266713,8.1688827145472E-17,-3.69700981999803));
#3070=CARTESIAN_POINT('',(-5.54670182983231,-0.742158566606426,-3.45391650654979));
#3071=CARTESIAN_POINT('',(-5.54670182983231,9.,-3.45391650654979));
#3072=CARTESIAN_POINT('',(-2.97731691389548,-0.922790078618336,-3.67870855892875));
#3073=CARTESIAN_POINT('',(-15.2352624930792,-0.0610386024599426,-2.60627728263255));
#3074=CARTESIAN_POINT('Origin',(-2.07910896268406,-1.24669966180252E-16,
-3.75729157214859));
#3075=CARTESIAN_POINT('Origin',(-1.90644314442157,0.0689193245677036,-1.16097813693129));
#3076=CARTESIAN_POINT('',(-3.17894678635485,-0.898686391430122,-5.66870790594708));
#3077=CARTESIAN_POINT('',(-3.15162839939078,-0.922790078618336,-5.67109795511224));
#3078=CARTESIAN_POINT('Origin',(-2.25342044817937,-8.30366027568086E-17,
-5.74968096833208));
#3079=CARTESIAN_POINT('',(-2.78029308349654,-0.898686391453732,-1.1120752357387));
#3080=CARTESIAN_POINT('',(-2.9773169142502,-0.922790078593398,-3.67870855889772));
#3081=CARTESIAN_POINT('Origin',(-0.0922109285557282,-0.945348837209303,
21.4068872649817));
#3082=CARTESIAN_POINT('',(-2.46647203566408,-0.945348837209302,-5.73104136968097));
#3083=CARTESIAN_POINT('',(-1.40636051696384,-0.945348837209302,6.38608873582351));
#3084=CARTESIAN_POINT('',(-2.46647203566408,-0.945348837209302,-5.73104136968097));
#3085=CARTESIAN_POINT('Origin',(-0.0922109285557282,-0.987444033308551,
21.4068872649817));
#3086=CARTESIAN_POINT('',(-2.46647203566408,-0.987444033308551,-5.73104136968098));
#3087=CARTESIAN_POINT('',(-2.46647203566408,-0.987444033308551,-5.73104136968097));
#3088=CARTESIAN_POINT('',(-1.45771631047443,-0.987444033308551,5.79908932994761));
#3089=CARTESIAN_POINT('Origin',(-0.216060968336172,-5.27983032932499E-16,
11.501856793165));
#3090=CARTESIAN_POINT('',(-1.79586697323267,-1.23209027962239,-5.78971171034682));
#3091=CARTESIAN_POINT('Origin',(-1.7293860496645,-1.66533453693773E-16,
-5.79552803749977));
#3092=CARTESIAN_POINT('',(-0.672121758775513,-1.23209027962239,7.05475486587717));
#3093=CARTESIAN_POINT('Origin',(-0.282541891904339,-1.23209027962239,11.5076731203179));
#3094=CARTESIAN_POINT('',(-1.72938604966449,-1.2238962679253,-5.79552803749976));
#3095=CARTESIAN_POINT('',(-1.72938604966449,-1.2238962679253,-5.79552803749976));
#3096=CARTESIAN_POINT('',(-1.7293860496645,-1.2238962679253,-5.79552803749976));
#3097=CARTESIAN_POINT('Origin',(-1.21305797849794,-17.8665392058429,0.106128821318236));
#3098=CARTESIAN_POINT('',(-1.72938604966449,-0.802841614740035,-5.79552803749976));
#3099=CARTESIAN_POINT('',(-1.72938604966449,-1.2238962679253,-5.79552803749976));
#3100=CARTESIAN_POINT('',(-0.55,-0.802841614740044,7.68491619531352));
#3101=CARTESIAN_POINT('Origin',(-2.51132552967266,-0.717824561156857,-13.7576758977825));
#3102=CARTESIAN_POINT('',(-1.81407958769144,-0.717824561156858,-5.7881183130485));
#3103=CARTESIAN_POINT('',(-1.72938604966449,-0.802841614740036,-5.79552803749976));
#3104=CARTESIAN_POINT('',(-1.81407958769144,-0.717824561156858,-5.78811831304851));
#3105=CARTESIAN_POINT('Origin',(-2.42663199164571,0.,-13.7650856222337));
#3106=CARTESIAN_POINT('',(-1.72938604966449,0.722841614740049,-5.79552803749976));
#3107=CARTESIAN_POINT('Origin',(-1.72938604966449,0.,-5.79552803749976));
#3108=CARTESIAN_POINT('',(-1.72938604966449,0.722841614740048,-5.79552803749976));
#3109=CARTESIAN_POINT('Origin',(-1.21305797849794,-17.8665392058429,0.106128821318236));
#3110=CARTESIAN_POINT('',(-1.72938604966449,2.,-5.79552803749976));
#3111=CARTESIAN_POINT('',(-1.72938604966449,0.722841614740049,-5.79552803749976));
#3112=CARTESIAN_POINT('',(-1.55507456416919,2.,-3.80313864131627));
#3113=CARTESIAN_POINT('Origin',(-1.29017928656242,1.51842025264809,-5.83395365021511));
#3114=CARTESIAN_POINT('',(-5.72101331532761,6.37672415730603,-5.44630590273329));
#3115=CARTESIAN_POINT('',(-5.72101331532761,6.37672415730603,-5.44630590273329));
#3116=CARTESIAN_POINT('',(-1.72938604966449,2.,-5.79552803749976));
#3117=CARTESIAN_POINT('Origin',(-5.72101331532761,18.,-5.44630590273329));
#3118=CARTESIAN_POINT('',(-5.72101331532761,9.,-5.44630590273328));
#3119=CARTESIAN_POINT('Origin',(-14.9220543296236,0.874911887921317,0.973708407317082));
#3120=CARTESIAN_POINT('',(-15.4095739785745,1.68344711518519,-4.59866667881604));
#3121=CARTESIAN_POINT('Origin',(-15.0218767756795,19.0768744414897,-0.167267372091107));
#3122=CARTESIAN_POINT('',(-15.4095739785745,-0.742158566606426,-4.59866667881604));
#3123=CARTESIAN_POINT('',(-15.4095739785745,10.7844283919694,-4.59866667881604));
#3124=CARTESIAN_POINT('',(-15.1658141540991,-0.742158566606426,-1.81247913574948));
#3125=CARTESIAN_POINT('',(-14.4358679980443,-0.757089988698864,6.5308436061565));
#3126=CARTESIAN_POINT('',(-14.0429621673396,16.0673265850375,11.0217778011711));
#3127=CARTESIAN_POINT('',(-14.9760943104238,-0.794780196539294,0.356028600330429));
#3128=CARTESIAN_POINT('Origin',(-17.0315462616149,16.0673265850375,11.2832450294141));
#3129=CARTESIAN_POINT('',(-17.4195748434799,-0.548243848481548,6.8480580437299));
#3130=CARTESIAN_POINT('',(-17.4761471368987,-0.552190752673552,6.20143377106664));
#3131=CARTESIAN_POINT('',(-16.9638735632754,18.9651040639048,12.056747510903));
#3132=CARTESIAN_POINT('',(-17.0315462616149,16.0673265850375,11.2832450294141));
#3133=CARTESIAN_POINT('',(-17.9427881716153,21.9746519203569,0.867702337640744));
#3134=CARTESIAN_POINT('Origin',(-15.9590388203077,20.4698779921308,6.3314913101504));
#3135=CARTESIAN_POINT('',(-16.9638735632754,18.9651040639048,12.056747510903));
#3136=CARTESIAN_POINT('Origin',(-16.4869957722638,-0.684457846920032,0.893549574094566));
#3137=CARTESIAN_POINT('',(-15.773723534813,-0.663446082143525,6.67307845483131));
#3138=CARTESIAN_POINT('Origin',(-1.5578750686613,0.,5.13629640769753));
#3139=CARTESIAN_POINT('',(-4.7459740174258,9.,5.69844426953296));
#3140=CARTESIAN_POINT('Origin',(-5.23349366637671,0.874911887921317,0.126069183399834));
#3141=CARTESIAN_POINT('',(-4.7459740174258,-0.742158566606426,5.69844426953296));
#3142=CARTESIAN_POINT('',(-4.7459740174258,-0.742158566606426,5.69844426953296));
#3143=CARTESIAN_POINT('',(-5.72101331532761,-0.742158566606426,-5.44630590273329));
#3144=CARTESIAN_POINT('Origin',(-3.00753149107295,-0.932920301717354,-5.68370480103919));
#3145=CARTESIAN_POINT('',(-5.72101331532761,-0.742158566606426,-5.44630590273329));
#3146=CARTESIAN_POINT('',(-5.72101331532761,-0.742158566606426,-5.44630590273329));
#3147=CARTESIAN_POINT('',(-15.4095739785745,-0.0610386024599427,-4.59866667881604));
#3148=CARTESIAN_POINT('Origin',(-2.94244402816244,8.1688827145472E-17,-5.68939921618153));
#3149=CARTESIAN_POINT('',(-5.72101331532761,-0.742158566606426,-5.44630590273329));
#3150=CARTESIAN_POINT('Origin',(-14.0429621673396,16.0673265850375,11.0217778011711));
#3151=CARTESIAN_POINT('Origin',(-4.7459740174258,-0.742158566606426,5.69844426953296));
#3152=CARTESIAN_POINT('',(-4.7459740174258,-0.742158566606426,5.69844426953296));
#3153=CARTESIAN_POINT('Origin',(-5.72101331532761,-0.742158566606426,-5.44630590273329));
#3154=UNCERTAINTY_MEASURE_WITH_UNIT(LENGTH_MEASURE(0.01),#3158,
'DISTANCE_ACCURACY_VALUE',
'Maximum model space distance between geometric entities at asserted c
onnectivities');
#3155=UNCERTAINTY_MEASURE_WITH_UNIT(LENGTH_MEASURE(0.01),#3158,
'DISTANCE_ACCURACY_VALUE',
'Maximum model space distance between geometric entities at asserted c
onnectivities');
#3156=(
GEOMETRIC_REPRESENTATION_CONTEXT(3)
GLOBAL_UNCERTAINTY_ASSIGNED_CONTEXT((#3154))
GLOBAL_UNIT_ASSIGNED_CONTEXT((#3158,#3160,#3161))
REPRESENTATION_CONTEXT('','3D')
);
#3157=(
GEOMETRIC_REPRESENTATION_CONTEXT(3)
GLOBAL_UNCERTAINTY_ASSIGNED_CONTEXT((#3155))
GLOBAL_UNIT_ASSIGNED_CONTEXT((#3158,#3160,#3161))
REPRESENTATION_CONTEXT('','3D')
);
#3158=(
LENGTH_UNIT()
NAMED_UNIT(*)
SI_UNIT(.MILLI.,.METRE.)
);
#3159=(
LENGTH_UNIT()
NAMED_UNIT(*)
SI_UNIT(.CENTI.,.METRE.)
);
#3160=(
NAMED_UNIT(*)
PLANE_ANGLE_UNIT()
SI_UNIT($,.RADIAN.)
);
#3161=(
NAMED_UNIT(*)
SI_UNIT($,.STERADIAN.)
SOLID_ANGLE_UNIT()
);
#3162=SHAPE_DEFINITION_REPRESENTATION(#3163,#3164);
#3163=PRODUCT_DEFINITION_SHAPE('',$,#3166);
#3164=SHAPE_REPRESENTATION('',(#1821),#3156);
#3165=PRODUCT_DEFINITION_CONTEXT('part definition',#3170,'design');
#3166=PRODUCT_DEFINITION('\X2\722A5B504E0A\X0\15\X2\5EA6\X0\_V3',
'\X2\722A5B504E0A\X0\15\X2\5EA6\X0\_V3',#3167,#3165);
#3167=PRODUCT_DEFINITION_FORMATION('',$,#3172);
#3168=PRODUCT_RELATED_PRODUCT_CATEGORY('\X2\722A5B504E0A\X0\15\X2\5EA6\X0\_
V3','\X2\722A5B504E0A\X0\15\X2\5EA6\X0\_V3',(#3172));
#3169=APPLICATION_PROTOCOL_DEFINITION('international standard',
'automotive_design',2009,#3170);
#3170=APPLICATION_CONTEXT(
'Core Data for Automotive Mechanical Design Process');
#3171=PRODUCT_CONTEXT('part definition',#3170,'mechanical');
#3172=PRODUCT('\X2\722A5B504E0A\X0\15\X2\5EA6\X0\_V3',
'\X2\722A5B504E0A\X0\15\X2\5EA6\X0\_V3',$,(#3171));
#3173=PRESENTATION_STYLE_ASSIGNMENT((#3174));
#3174=SURFACE_STYLE_USAGE(.BOTH.,#3177);
#3175=SURFACE_STYLE_RENDERING_WITH_PROPERTIES($,#3181,(#3176));
#3176=SURFACE_STYLE_TRANSPARENT(0.);
#3177=SURFACE_SIDE_STYLE('',(#3178,#3175));
#3178=SURFACE_STYLE_FILL_AREA(#3179);
#3179=FILL_AREA_STYLE('',(#3180));
#3180=FILL_AREA_STYLE_COLOUR('',#3181);
#3181=COLOUR_RGB('',0.792156862745098,0.819607843137255,0.933333333333333);
ENDSEC;
END-ISO-10303-21;
