ISO-10303-21;
HEADER;
/* Generated by software containing ST-Developer
 * from STEP Tools, Inc. (www.steptools.com) 
 */

FILE_DESCRIPTION(
/* description */ (''),
/* implementation_level */ '2;1');

FILE_NAME(
/* name */ '',
/* time_stamp */ '2026-02-26T17:08:16+08:00',
/* author */ ('user'),
/* organization */ (''),
/* preprocessor_version */ 'ST-DEVELOPER v20',
/* originating_system */ 'Autodesk Inventor 2025',
/* authorisation */ '');

FILE_SCHEMA (('AUTOMOTIVE_DESIGN { 1 0 10303 214 3 1 1 }'));
ENDSEC;

DATA;
#10=MECHANICAL_DESIGN_GEOMETRIC_PRESENTATION_REPRESENTATION('',(#33,#34,
#35,#36,#37,#38,#39,#40,#41),#3335);
#11=GEOMETRICALLY_BOUNDED_WIREFRAME_SHAPE_REPRESENTATION('',(#12,#13),#3334);
#12=GEOMETRIC_CURVE_SET('\X2\83495716\X0\4',(#17,#18,#19,#20,#3322));
#13=GEOMETRIC_CURVE_SET('\X2\83495716\X0\5',(#21,#22,#23,#24,#3331));
#14=SHAPE_REPRESENTATION_RELATIONSHIP('SRR','None',#3342,#16);
#15=SHAPE_REPRESENTATION_RELATIONSHIP('SRR','None',#3342,#11);
#16=ADVANCED_BREP_SHAPE_REPRESENTATION('',(#42,#43,#44,#45,#46,#47,#48,
#49,#50),#3334);
#17=POLYLINE('',(#3314,#3315));
#18=POLYLINE('',(#3316,#3317));
#19=POLYLINE('',(#3318,#3319));
#20=POLYLINE('',(#3320,#3321));
#21=POLYLINE('',(#3323,#3324));
#22=POLYLINE('',(#3325,#3326));
#23=POLYLINE('',(#3327,#3328));
#24=POLYLINE('',(#3329,#3330));
#25=FACE_BOUND('',#302,.T.);
#26=FACE_BOUND('',#303,.T.);
#27=FACE_BOUND('',#306,.T.);
#28=FACE_BOUND('',#307,.T.);
#29=FACE_BOUND('',#313,.T.);
#30=FACE_BOUND('',#314,.T.);
#31=FACE_BOUND('',#317,.T.);
#32=FACE_BOUND('',#318,.T.);
#33=STYLED_ITEM('',(#3351),#42);
#34=STYLED_ITEM('',(#3351),#43);
#35=STYLED_ITEM('',(#3351),#44);
#36=STYLED_ITEM('',(#3351),#45);
#37=STYLED_ITEM('',(#3351),#46);
#38=STYLED_ITEM('',(#3351),#47);
#39=STYLED_ITEM('',(#3351),#48);
#40=STYLED_ITEM('',(#3351),#49);
#41=STYLED_ITEM('',(#3351),#50);
#42=MANIFOLD_SOLID_BREP('\X2\5BE69AD4\X0\1',#1895);
#43=MANIFOLD_SOLID_BREP('\X2\5BE69AD4\X0\3',#1896);
#44=MANIFOLD_SOLID_BREP('\X2\5BE69AD4\X0\4',#1897);
#45=MANIFOLD_SOLID_BREP('\X2\5BE69AD4\X0\4',#1898);
#46=MANIFOLD_SOLID_BREP('\X2\5BE69AD4\X0\5',#1899);
#47=MANIFOLD_SOLID_BREP('\X2\5BE69AD4\X0\6',#1900);
#48=MANIFOLD_SOLID_BREP('\X2\5BE69AD4\X0\7',#1901);
#49=MANIFOLD_SOLID_BREP('\X2\5BE69AD4\X0\8',#1902);
#50=MANIFOLD_SOLID_BREP('\X2\5BE69AD4\X0\12',#1903);
#51=CYLINDRICAL_SURFACE('',#1941,0.75);
#52=CYLINDRICAL_SURFACE('',#1943,1.25);
#53=CYLINDRICAL_SURFACE('',#1950,0.722841614740048);
#54=CYLINDRICAL_SURFACE('',#1953,0.5);
#55=CYLINDRICAL_SURFACE('',#1954,0.5);
#56=CYLINDRICAL_SURFACE('',#1962,1.23389626792531);
#57=CYLINDRICAL_SURFACE('',#1965,1.30442055967633);
#58=CYLINDRICAL_SURFACE('',#1987,0.75);
#59=CYLINDRICAL_SURFACE('',#1989,1.25);
#60=CYLINDRICAL_SURFACE('',#1996,0.722841614740048);
#61=CYLINDRICAL_SURFACE('',#1998,0.5);
#62=CYLINDRICAL_SURFACE('',#1999,0.5);
#63=CYLINDRICAL_SURFACE('',#2003,1.23389626792531);
#64=CYLINDRICAL_SURFACE('',#2006,1.30442055967633);
#65=CYLINDRICAL_SURFACE('',#2008,1.6);
#66=CYLINDRICAL_SURFACE('',#2011,1.6);
#67=CYLINDRICAL_SURFACE('',#2030,1.6);
#68=CYLINDRICAL_SURFACE('',#2031,1.6);
#69=CONICAL_SURFACE('',#1938,1.25,0.34906585039886);
#70=CONICAL_SURFACE('',#1984,1.25,0.34906585039886);
#71=B_SPLINE_SURFACE_WITH_KNOTS('',3,1,((#2618,#2619),(#2620,#2621),(#2622,
#2623),(#2624,#2625)),.UNSPECIFIED.,.F.,.F.,.F.,(4,4),(2,2),(0.,0.0351083960004023),
(0.,0.0145425226030779),.UNSPECIFIED.);
#72=B_SPLINE_SURFACE_WITH_KNOTS('',3,1,((#2898,#2899),(#2900,#2901),(#2902,
#2903),(#2904,#2905)),.UNSPECIFIED.,.F.,.F.,.F.,(4,4),(2,2),(0.,0.0351083960004023),
(0.,0.0145425226030779),.UNSPECIFIED.);
#73=B_SPLINE_CURVE_WITH_KNOTS('',3,(#2611,#2612,#2613,#2614,#2615,#2616,
#2617),.UNSPECIFIED.,.F.,.F.,(4,3,4),(0.,0.00843968214893545,0.0134709132548437),
 .UNSPECIFIED.);
#74=B_SPLINE_CURVE_WITH_KNOTS('',3,(#2627,#2628,#2629,#2630,#2631,#2632,
#2633),.UNSPECIFIED.,.F.,.F.,(4,3,4),(-0.012497646076559,-0.00622312957747029,
0.),.UNSPECIFIED.);
#75=B_SPLINE_CURVE_WITH_KNOTS('',3,(#2663,#2664,#2665,#2666,#2667,#2668,
#2669,#2670,#2671,#2672,#2673,#2674),.UNSPECIFIED.,.F.,.F.,(4,2,2,2,2,4),
(-0.0940036194534467,-0.0699401350824827,-0.0469306433807616,-0.0351979825355712,
-0.0234653216903808,0.),.UNSPECIFIED.);
#76=B_SPLINE_CURVE_WITH_KNOTS('',3,(#2676,#2677,#2678,#2679,#2680,#2681,
#2682,#2683,#2684,#2685,#2686,#2687,#2688,#2689,#2690,#2691,#2692,#2693,
#2694,#2695,#2696,#2697,#2698,#2699,#2700,#2701,#2702,#2703,#2704,#2705,
#2706,#2707,#2708,#2709,#2710,#2711,#2712,#2713),.UNSPECIFIED.,.F.,.F.,
(4,2,2,2,2,2,2,2,2,2,2,2,2,2,2,2,2,2,4),(-0.522390816395786,-0.422270655579695,
-0.372210575171649,-0.347180534967626,-0.322150494763603,-0.306439230511575,
-0.290727966259546,-0.269922009431376,-0.264451734004011,-0.261195408197893,
-0.257939082391775,-0.25246880696441,-0.23166285013624,-0.215951585884212,
-0.200240321632183,-0.17521028142816,-0.150180241224137,-0.100120160816091,
-0.0760088162330155),.UNSPECIFIED.);
#77=B_SPLINE_CURVE_WITH_KNOTS('',3,(#2714,#2715,#2716,#2717),
 .UNSPECIFIED.,.F.,.F.,(4,4),(0.,1.02103172871233),.UNSPECIFIED.);
#78=B_SPLINE_CURVE_WITH_KNOTS('',3,(#2718,#2719,#2720,#2721,#2722,#2723,
#2724,#2725),.UNSPECIFIED.,.F.,.F.,(4,2,2,4),(-0.205080702793681,-0.19372728433833,
-0.170717792636609,-0.146654308265645),.UNSPECIFIED.);
#79=B_SPLINE_CURVE_WITH_KNOTS('',3,(#2729,#2730,#2731,#2732,#2733,#2734,
#2735,#2736,#2737,#2738),.UNSPECIFIED.,.F.,.F.,(4,3,3,4),(0.,7.82159412598025E-5,
0.000151707771809918,0.000199162903760465),.UNSPECIFIED.);
#80=B_SPLINE_CURVE_WITH_KNOTS('',3,(#2742,#2743,#2744,#2745,#2746,#2747,
#2748,#2749,#2750,#2751,#2752,#2753),.UNSPECIFIED.,.F.,.F.,(4,2,2,2,2,4),
(2.26474405500302,2.30795740565339,2.36091165260655,2.38738877608312,2.4138658995597,
2.43496135299334),.UNSPECIFIED.);
#81=B_SPLINE_CURVE_WITH_KNOTS('',3,(#2758,#2759,#2760,#2761,#2762,#2763,
#2764,#2765,#2766,#2767),.UNSPECIFIED.,.F.,.F.,(4,2,2,2,4),(0.,0.0187139048463075,
0.037427809692615,0.0582926822965746,0.0791575549005341),.UNSPECIFIED.);
#82=B_SPLINE_CURVE_WITH_KNOTS('',3,(#2888,#2889,#2890,#2891,#2892,#2893,
#2894),.UNSPECIFIED.,.F.,.F.,(4,3,4),(0.,0.00843968214893545,0.0134709132548437),
 .UNSPECIFIED.);
#83=B_SPLINE_CURVE_WITH_KNOTS('',3,(#2908,#2909,#2910,#2911,#2912,#2913,
#2914),.UNSPECIFIED.,.F.,.F.,(4,3,4),(-0.012497646076559,-0.00622312957747029,
0.),.UNSPECIFIED.);
#84=B_SPLINE_CURVE_WITH_KNOTS('',3,(#2944,#2945,#2946,#2947,#2948,#2949,
#2950,#2951),.UNSPECIFIED.,.F.,.F.,(4,2,2,4),(-0.205080702793681,-0.19372728433833,
-0.170717792636609,-0.146654308265645),.UNSPECIFIED.);
#85=B_SPLINE_CURVE_WITH_KNOTS('',3,(#2953,#2954,#2955,#2956),
 .UNSPECIFIED.,.F.,.F.,(4,4),(0.,1.02103172871233),.UNSPECIFIED.);
#86=B_SPLINE_CURVE_WITH_KNOTS('',3,(#2957,#2958,#2959,#2960,#2961,#2962,
#2963,#2964,#2965,#2966,#2967,#2968,#2969,#2970,#2971,#2972,#2973,#2974,
#2975,#2976,#2977,#2978,#2979,#2980,#2981,#2982,#2983,#2984,#2985,#2986,
#2987,#2988,#2989,#2990,#2991,#2992,#2993,#2994),.UNSPECIFIED.,.F.,.F.,
(4,2,2,2,2,2,2,2,2,2,2,2,2,2,2,2,2,2,4),(-0.522390816395786,-0.422270655579695,
-0.372210575171649,-0.347180534967626,-0.322150494763603,-0.306439230511575,
-0.290727966259546,-0.269922009431376,-0.264451734004011,-0.261195408197893,
-0.257939082391775,-0.25246880696441,-0.23166285013624,-0.215951585884212,
-0.200240321632183,-0.17521028142816,-0.150180241224137,-0.100120160816091,
-0.0760088162330155),.UNSPECIFIED.);
#87=B_SPLINE_CURVE_WITH_KNOTS('',3,(#2995,#2996,#2997,#2998,#2999,#3000,
#3001,#3002,#3003,#3004,#3005,#3006),.UNSPECIFIED.,.F.,.F.,(4,2,2,2,2,4),
(-0.0940036194534467,-0.0699401350824827,-0.0469306433807616,-0.0351979825355712,
-0.0234653216903808,0.),.UNSPECIFIED.);
#88=B_SPLINE_CURVE_WITH_KNOTS('',3,(#3010,#3011,#3012,#3013,#3014,#3015,
#3016,#3017,#3018,#3019),.UNSPECIFIED.,.F.,.F.,(4,3,3,4),(0.,7.82159412598011E-5,
0.000151707771809923,0.000199162903760465),.UNSPECIFIED.);
#89=B_SPLINE_CURVE_WITH_KNOTS('',3,(#3022,#3023,#3024,#3025,#3026,#3027,
#3028,#3029,#3030,#3031),.UNSPECIFIED.,.F.,.F.,(4,2,2,2,4),(0.,0.0187139048463075,
0.037427809692615,0.0582926822965746,0.0791575549005341),.UNSPECIFIED.);
#90=B_SPLINE_CURVE_WITH_KNOTS('',3,(#3037,#3038,#3039,#3040,#3041,#3042,
#3043,#3044,#3045,#3046,#3047,#3048),.UNSPECIFIED.,.F.,.F.,(4,2,2,2,2,4),
(2.26474405500302,2.30795740565339,2.36091165260655,2.38738877608312,2.4138658995597,
2.43496135299334),.UNSPECIFIED.);
#91=ELLIPSE('',#1935,0.752236967852911,0.5);
#92=ELLIPSE('',#1944,117.684572316191,1.25);
#93=ELLIPSE('',#1945,14.3421415570883,1.25);
#94=ELLIPSE('',#1946,220.289679768119,1.25);
#95=ELLIPSE('',#1955,0.503754912729424,0.5);
#96=ELLIPSE('',#1958,1.33665881210785,1.25);
#97=ELLIPSE('',#1961,1.33665881210785,1.25);
#98=ELLIPSE('',#1971,1.33665881210785,1.25);
#99=ELLIPSE('',#1976,1.33665881210785,1.25);
#100=ELLIPSE('',#1979,0.752236967852911,0.5);
#101=ELLIPSE('',#1991,220.289679768119,1.25);
#102=ELLIPSE('',#1992,14.3421415570883,1.25);
#103=ELLIPSE('',#1993,117.684572316191,1.25);
#104=ELLIPSE('',#2000,0.503754912729424,0.5);
#105=(
BOUNDED_CURVE()
B_SPLINE_CURVE(2,(#2584,#2585,#2586),.UNSPECIFIED.,.F.,.F.)
B_SPLINE_CURVE_WITH_KNOTS((3,3),(-2.60234797974036,-1.79805746801368),
 .UNSPECIFIED.)
CURVE()
GEOMETRIC_REPRESENTATION_ITEM()
RATIONAL_B_SPLINE_CURVE((1.75162158366374,2.21520520583342,2.32044033574995))
REPRESENTATION_ITEM('')
);
#106=(
BOUNDED_CURVE()
B_SPLINE_CURVE(2,(#2595,#2596,#2597),.UNSPECIFIED.,.F.,.F.)
B_SPLINE_CURVE_WITH_KNOTS((3,3),(0.29986282390999,1.10827418395967),
 .UNSPECIFIED.)
CURVE()
GEOMETRIC_REPRESENTATION_ITEM()
RATIONAL_B_SPLINE_CURVE((1.9700670965774,3.16541097887772,3.75537603936889))
REPRESENTATION_ITEM('')
);
#107=(
BOUNDED_CURVE()
B_SPLINE_CURVE(2,(#2648,#2649,#2650),.UNSPECIFIED.,.F.,.F.)
B_SPLINE_CURVE_WITH_KNOTS((3,3),(1.90892241026881,1.96592742114845),
 .UNSPECIFIED.)
CURVE()
GEOMETRIC_REPRESENTATION_ITEM()
RATIONAL_B_SPLINE_CURVE((2.63032429949713,2.1948944487722,1.73200477132537))
REPRESENTATION_ITEM('')
);
#108=(
BOUNDED_CURVE()
B_SPLINE_CURVE(2,(#2839,#2840,#2841),.UNSPECIFIED.,.F.,.F.)
B_SPLINE_CURVE_WITH_KNOTS((3,3),(0.29986282390999,1.10827418395967),
 .UNSPECIFIED.)
CURVE()
GEOMETRIC_REPRESENTATION_ITEM()
RATIONAL_B_SPLINE_CURVE((1.9700670965774,3.16541097887772,3.75537603936889))
REPRESENTATION_ITEM('')
);
#109=(
BOUNDED_CURVE()
B_SPLINE_CURVE(2,(#2875,#2876,#2877),.UNSPECIFIED.,.F.,.F.)
B_SPLINE_CURVE_WITH_KNOTS((3,3),(-2.60234797974036,-1.79805746801368),
 .UNSPECIFIED.)
CURVE()
GEOMETRIC_REPRESENTATION_ITEM()
RATIONAL_B_SPLINE_CURVE((1.75162158366374,2.21520520583342,2.32044033574995))
REPRESENTATION_ITEM('')
);
#110=(
BOUNDED_CURVE()
B_SPLINE_CURVE(2,(#2926,#2927,#2928),.UNSPECIFIED.,.F.,.F.)
B_SPLINE_CURVE_WITH_KNOTS((3,3),(1.90892241026881,1.96592742114845),
 .UNSPECIFIED.)
CURVE()
GEOMETRIC_REPRESENTATION_ITEM()
RATIONAL_B_SPLINE_CURVE((2.63032429949713,2.1948944487722,1.73200477132537))
REPRESENTATION_ITEM('')
);
#111=CIRCLE('',#1928,3.25);
#112=CIRCLE('',#1933,8037.09176354077);
#113=CIRCLE('',#1939,1.25);
#114=CIRCLE('',#1942,0.75);
#115=CIRCLE('',#1947,1.25);
#116=CIRCLE('',#1951,0.722841614740048);
#117=CIRCLE('',#1959,1.23389626792531);
#118=CIRCLE('',#1969,8037.09176354077);
#119=CIRCLE('',#1974,0.722841614740049);
#120=CIRCLE('',#1975,1.23389626792531);
#121=CIRCLE('',#1982,3.25);
#122=CIRCLE('',#1985,1.25);
#123=CIRCLE('',#1988,0.75);
#124=CIRCLE('',#1990,1.25);
#125=CIRCLE('',#2009,1.6);
#126=CIRCLE('',#2010,1.6);
#127=CIRCLE('',#2012,1.6);
#128=CIRCLE('',#2013,1.6);
#129=CIRCLE('',#2024,1.6);
#130=CIRCLE('',#2025,1.6);
#131=CIRCLE('',#2028,1.6);
#132=CIRCLE('',#2029,1.6);
#133=FACE_OUTER_BOUND('',#241,.T.);
#134=FACE_OUTER_BOUND('',#242,.T.);
#135=FACE_OUTER_BOUND('',#243,.T.);
#136=FACE_OUTER_BOUND('',#244,.T.);
#137=FACE_OUTER_BOUND('',#245,.T.);
#138=FACE_OUTER_BOUND('',#246,.T.);
#139=FACE_OUTER_BOUND('',#247,.T.);
#140=FACE_OUTER_BOUND('',#248,.T.);
#141=FACE_OUTER_BOUND('',#249,.T.);
#142=FACE_OUTER_BOUND('',#250,.T.);
#143=FACE_OUTER_BOUND('',#251,.T.);
#144=FACE_OUTER_BOUND('',#252,.T.);
#145=FACE_OUTER_BOUND('',#253,.T.);
#146=FACE_OUTER_BOUND('',#254,.T.);
#147=FACE_OUTER_BOUND('',#255,.T.);
#148=FACE_OUTER_BOUND('',#256,.T.);
#149=FACE_OUTER_BOUND('',#257,.T.);
#150=FACE_OUTER_BOUND('',#258,.T.);
#151=FACE_OUTER_BOUND('',#259,.T.);
#152=FACE_OUTER_BOUND('',#260,.T.);
#153=FACE_OUTER_BOUND('',#261,.T.);
#154=FACE_OUTER_BOUND('',#262,.T.);
#155=FACE_OUTER_BOUND('',#263,.T.);
#156=FACE_OUTER_BOUND('',#264,.T.);
#157=FACE_OUTER_BOUND('',#265,.T.);
#158=FACE_OUTER_BOUND('',#266,.T.);
#159=FACE_OUTER_BOUND('',#267,.T.);
#160=FACE_OUTER_BOUND('',#268,.T.);
#161=FACE_OUTER_BOUND('',#269,.T.);
#162=FACE_OUTER_BOUND('',#270,.T.);
#163=FACE_OUTER_BOUND('',#271,.T.);
#164=FACE_OUTER_BOUND('',#272,.T.);
#165=FACE_OUTER_BOUND('',#273,.T.);
#166=FACE_OUTER_BOUND('',#274,.T.);
#167=FACE_OUTER_BOUND('',#275,.T.);
#168=FACE_OUTER_BOUND('',#276,.T.);
#169=FACE_OUTER_BOUND('',#277,.T.);
#170=FACE_OUTER_BOUND('',#278,.T.);
#171=FACE_OUTER_BOUND('',#279,.T.);
#172=FACE_OUTER_BOUND('',#280,.T.);
#173=FACE_OUTER_BOUND('',#281,.T.);
#174=FACE_OUTER_BOUND('',#282,.T.);
#175=FACE_OUTER_BOUND('',#283,.T.);
#176=FACE_OUTER_BOUND('',#284,.T.);
#177=FACE_OUTER_BOUND('',#285,.T.);
#178=FACE_OUTER_BOUND('',#286,.T.);
#179=FACE_OUTER_BOUND('',#287,.T.);
#180=FACE_OUTER_BOUND('',#288,.T.);
#181=FACE_OUTER_BOUND('',#289,.T.);
#182=FACE_OUTER_BOUND('',#290,.T.);
#183=FACE_OUTER_BOUND('',#291,.T.);
#184=FACE_OUTER_BOUND('',#292,.T.);
#185=FACE_OUTER_BOUND('',#293,.T.);
#186=FACE_OUTER_BOUND('',#294,.T.);
#187=FACE_OUTER_BOUND('',#295,.T.);
#188=FACE_OUTER_BOUND('',#296,.T.);
#189=FACE_OUTER_BOUND('',#297,.T.);
#190=FACE_OUTER_BOUND('',#298,.T.);
#191=FACE_OUTER_BOUND('',#299,.T.);
#192=FACE_OUTER_BOUND('',#300,.T.);
#193=FACE_OUTER_BOUND('',#301,.T.);
#194=FACE_OUTER_BOUND('',#304,.T.);
#195=FACE_OUTER_BOUND('',#305,.T.);
#196=FACE_OUTER_BOUND('',#308,.T.);
#197=FACE_OUTER_BOUND('',#309,.T.);
#198=FACE_OUTER_BOUND('',#310,.T.);
#199=FACE_OUTER_BOUND('',#311,.T.);
#200=FACE_OUTER_BOUND('',#312,.T.);
#201=FACE_OUTER_BOUND('',#315,.T.);
#202=FACE_OUTER_BOUND('',#316,.T.);
#203=FACE_OUTER_BOUND('',#319,.T.);
#204=FACE_OUTER_BOUND('',#320,.T.);
#205=FACE_OUTER_BOUND('',#321,.T.);
#206=FACE_OUTER_BOUND('',#322,.T.);
#207=FACE_OUTER_BOUND('',#323,.T.);
#208=FACE_OUTER_BOUND('',#324,.T.);
#209=FACE_OUTER_BOUND('',#325,.T.);
#210=FACE_OUTER_BOUND('',#326,.T.);
#211=FACE_OUTER_BOUND('',#327,.T.);
#212=FACE_OUTER_BOUND('',#328,.T.);
#213=FACE_OUTER_BOUND('',#329,.T.);
#214=FACE_OUTER_BOUND('',#330,.T.);
#215=FACE_OUTER_BOUND('',#331,.T.);
#216=FACE_OUTER_BOUND('',#332,.T.);
#217=FACE_OUTER_BOUND('',#333,.T.);
#218=FACE_OUTER_BOUND('',#334,.T.);
#219=FACE_OUTER_BOUND('',#335,.T.);
#220=FACE_OUTER_BOUND('',#336,.T.);
#221=FACE_OUTER_BOUND('',#337,.T.);
#222=FACE_OUTER_BOUND('',#338,.T.);
#223=FACE_OUTER_BOUND('',#339,.T.);
#224=FACE_OUTER_BOUND('',#340,.T.);
#225=FACE_OUTER_BOUND('',#341,.T.);
#226=FACE_OUTER_BOUND('',#342,.T.);
#227=FACE_OUTER_BOUND('',#343,.T.);
#228=FACE_OUTER_BOUND('',#344,.T.);
#229=FACE_OUTER_BOUND('',#345,.T.);
#230=FACE_OUTER_BOUND('',#346,.T.);
#231=FACE_OUTER_BOUND('',#347,.T.);
#232=FACE_OUTER_BOUND('',#348,.T.);
#233=FACE_OUTER_BOUND('',#349,.T.);
#234=FACE_OUTER_BOUND('',#350,.T.);
#235=FACE_OUTER_BOUND('',#351,.T.);
#236=FACE_OUTER_BOUND('',#352,.T.);
#237=FACE_OUTER_BOUND('',#353,.T.);
#238=FACE_OUTER_BOUND('',#354,.T.);
#239=FACE_OUTER_BOUND('',#355,.T.);
#240=FACE_OUTER_BOUND('',#356,.T.);
#241=EDGE_LOOP('',(#1183,#1184,#1185,#1186,#1187,#1188,#1189,#1190));
#242=EDGE_LOOP('',(#1191,#1192,#1193,#1194));
#243=EDGE_LOOP('',(#1195,#1196,#1197,#1198,#1199,#1200));
#244=EDGE_LOOP('',(#1201,#1202,#1203));
#245=EDGE_LOOP('',(#1204,#1205,#1206,#1207));
#246=EDGE_LOOP('',(#1208,#1209,#1210,#1211,#1212,#1213));
#247=EDGE_LOOP('',(#1214,#1215,#1216,#1217));
#248=EDGE_LOOP('',(#1218,#1219,#1220));
#249=EDGE_LOOP('',(#1221,#1222,#1223,#1224,#1225));
#250=EDGE_LOOP('',(#1226,#1227,#1228,#1229,#1230,#1231));
#251=EDGE_LOOP('',(#1232,#1233,#1234,#1235,#1236));
#252=EDGE_LOOP('',(#1237,#1238,#1239,#1240));
#253=EDGE_LOOP('',(#1241,#1242,#1243,#1244,#1245,#1246,#1247));
#254=EDGE_LOOP('',(#1248,#1249,#1250,#1251,#1252,#1253,#1254,#1255,#1256,
#1257));
#255=EDGE_LOOP('',(#1258,#1259,#1260,#1261));
#256=EDGE_LOOP('',(#1262,#1263,#1264,#1265,#1266));
#257=EDGE_LOOP('',(#1267,#1268,#1269,#1270));
#258=EDGE_LOOP('',(#1271,#1272,#1273,#1274,#1275));
#259=EDGE_LOOP('',(#1276,#1277,#1278,#1279));
#260=EDGE_LOOP('',(#1280,#1281,#1282,#1283,#1284,#1285));
#261=EDGE_LOOP('',(#1286,#1287,#1288,#1289));
#262=EDGE_LOOP('',(#1290,#1291,#1292,#1293,#1294,#1295,#1296,#1297,#1298,
#1299,#1300,#1301));
#263=EDGE_LOOP('',(#1302,#1303,#1304,#1305));
#264=EDGE_LOOP('',(#1306,#1307,#1308,#1309));
#265=EDGE_LOOP('',(#1310,#1311,#1312,#1313));
#266=EDGE_LOOP('',(#1314,#1315,#1316,#1317));
#267=EDGE_LOOP('',(#1318,#1319,#1320,#1321,#1322));
#268=EDGE_LOOP('',(#1323,#1324,#1325,#1326,#1327,#1328));
#269=EDGE_LOOP('',(#1329,#1330,#1331,#1332,#1333,#1334,#1335,#1336));
#270=EDGE_LOOP('',(#1337,#1338,#1339,#1340,#1341,#1342));
#271=EDGE_LOOP('',(#1343,#1344,#1345,#1346));
#272=EDGE_LOOP('',(#1347,#1348,#1349,#1350));
#273=EDGE_LOOP('',(#1351,#1352,#1353,#1354,#1355,#1356,#1357,#1358,#1359,
#1360,#1361,#1362));
#274=EDGE_LOOP('',(#1363,#1364,#1365,#1366,#1367,#1368));
#275=EDGE_LOOP('',(#1369,#1370,#1371,#1372));
#276=EDGE_LOOP('',(#1373,#1374,#1375));
#277=EDGE_LOOP('',(#1376,#1377,#1378,#1379,#1380));
#278=EDGE_LOOP('',(#1381,#1382,#1383,#1384));
#279=EDGE_LOOP('',(#1385,#1386,#1387,#1388,#1389,#1390));
#280=EDGE_LOOP('',(#1391,#1392,#1393,#1394,#1395));
#281=EDGE_LOOP('',(#1396,#1397,#1398,#1399));
#282=EDGE_LOOP('',(#1400,#1401,#1402,#1403,#1404,#1405,#1406));
#283=EDGE_LOOP('',(#1407,#1408,#1409,#1410,#1411,#1412,#1413,#1414,#1415,
#1416));
#284=EDGE_LOOP('',(#1417,#1418,#1419,#1420));
#285=EDGE_LOOP('',(#1421,#1422,#1423,#1424,#1425));
#286=EDGE_LOOP('',(#1426,#1427,#1428,#1429));
#287=EDGE_LOOP('',(#1430,#1431,#1432,#1433,#1434));
#288=EDGE_LOOP('',(#1435,#1436,#1437,#1438));
#289=EDGE_LOOP('',(#1439,#1440,#1441,#1442,#1443,#1444));
#290=EDGE_LOOP('',(#1445,#1446,#1447));
#291=EDGE_LOOP('',(#1448,#1449,#1450,#1451));
#292=EDGE_LOOP('',(#1452,#1453,#1454,#1455));
#293=EDGE_LOOP('',(#1456,#1457,#1458,#1459));
#294=EDGE_LOOP('',(#1460,#1461,#1462,#1463));
#295=EDGE_LOOP('',(#1464,#1465,#1466,#1467,#1468));
#296=EDGE_LOOP('',(#1469,#1470,#1471,#1472,#1473,#1474));
#297=EDGE_LOOP('',(#1475,#1476,#1477,#1478));
#298=EDGE_LOOP('',(#1479,#1480,#1481,#1482));
#299=EDGE_LOOP('',(#1483,#1484,#1485,#1486));
#300=EDGE_LOOP('',(#1487,#1488,#1489,#1490));
#301=EDGE_LOOP('',(#1491,#1492,#1493,#1494));
#302=EDGE_LOOP('',(#1495));
#303=EDGE_LOOP('',(#1496));
#304=EDGE_LOOP('',(#1497,#1498,#1499,#1500));
#305=EDGE_LOOP('',(#1501,#1502,#1503,#1504));
#306=EDGE_LOOP('',(#1505));
#307=EDGE_LOOP('',(#1506));
#308=EDGE_LOOP('',(#1507,#1508,#1509,#1510));
#309=EDGE_LOOP('',(#1511,#1512,#1513,#1514));
#310=EDGE_LOOP('',(#1515,#1516,#1517,#1518));
#311=EDGE_LOOP('',(#1519,#1520,#1521,#1522));
#312=EDGE_LOOP('',(#1523,#1524,#1525,#1526));
#313=EDGE_LOOP('',(#1527));
#314=EDGE_LOOP('',(#1528));
#315=EDGE_LOOP('',(#1529,#1530,#1531,#1532));
#316=EDGE_LOOP('',(#1533,#1534,#1535,#1536));
#317=EDGE_LOOP('',(#1537));
#318=EDGE_LOOP('',(#1538));
#319=EDGE_LOOP('',(#1539,#1540,#1541,#1542));
#320=EDGE_LOOP('',(#1543,#1544,#1545,#1546));
#321=EDGE_LOOP('',(#1547,#1548,#1549,#1550));
#322=EDGE_LOOP('',(#1551,#1552,#1553,#1554));
#323=EDGE_LOOP('',(#1555,#1556,#1557,#1558));
#324=EDGE_LOOP('',(#1559,#1560,#1561,#1562));
#325=EDGE_LOOP('',(#1563,#1564,#1565,#1566));
#326=EDGE_LOOP('',(#1567,#1568,#1569,#1570));
#327=EDGE_LOOP('',(#1571,#1572,#1573,#1574));
#328=EDGE_LOOP('',(#1575,#1576,#1577,#1578));
#329=EDGE_LOOP('',(#1579,#1580,#1581,#1582));
#330=EDGE_LOOP('',(#1583,#1584,#1585,#1586));
#331=EDGE_LOOP('',(#1587,#1588,#1589,#1590));
#332=EDGE_LOOP('',(#1591,#1592,#1593,#1594));
#333=EDGE_LOOP('',(#1595,#1596,#1597,#1598,#1599,#1600));
#334=EDGE_LOOP('',(#1601,#1602,#1603,#1604,#1605,#1606));
#335=EDGE_LOOP('',(#1607,#1608,#1609,#1610));
#336=EDGE_LOOP('',(#1611,#1612,#1613,#1614));
#337=EDGE_LOOP('',(#1615,#1616,#1617,#1618));
#338=EDGE_LOOP('',(#1619,#1620,#1621,#1622));
#339=EDGE_LOOP('',(#1623,#1624,#1625,#1626));
#340=EDGE_LOOP('',(#1627,#1628,#1629,#1630));
#341=EDGE_LOOP('',(#1631,#1632,#1633,#1634,#1635));
#342=EDGE_LOOP('',(#1636,#1637,#1638,#1639));
#343=EDGE_LOOP('',(#1640,#1641,#1642,#1643));
#344=EDGE_LOOP('',(#1644,#1645,#1646,#1647));
#345=EDGE_LOOP('',(#1648,#1649,#1650,#1651));
#346=EDGE_LOOP('',(#1652,#1653,#1654,#1655));
#347=EDGE_LOOP('',(#1656,#1657,#1658,#1659,#1660));
#348=EDGE_LOOP('',(#1661,#1662,#1663,#1664,#1665,#1666));
#349=EDGE_LOOP('',(#1667,#1668,#1669,#1670));
#350=EDGE_LOOP('',(#1671,#1672,#1673,#1674,#1675,#1676));
#351=EDGE_LOOP('',(#1677,#1678,#1679,#1680,#1681,#1682));
#352=EDGE_LOOP('',(#1683,#1684,#1685));
#353=EDGE_LOOP('',(#1686,#1687,#1688,#1689));
#354=EDGE_LOOP('',(#1690,#1691,#1692,#1693));
#355=EDGE_LOOP('',(#1694,#1695,#1696,#1697));
#356=EDGE_LOOP('',(#1698,#1699,#1700));
#357=LINE('',#2557,#556);
#358=LINE('',#2559,#557);
#359=LINE('',#2561,#558);
#360=LINE('',#2563,#559);
#361=LINE('',#2565,#560);
#362=LINE('',#2567,#561);
#363=LINE('',#2569,#562);
#364=LINE('',#2570,#563);
#365=LINE('',#2573,#564);
#366=LINE('',#2576,#565);
#367=LINE('',#2579,#566);
#368=LINE('',#2581,#567);
#369=LINE('',#2583,#568);
#370=LINE('',#2588,#569);
#371=LINE('',#2591,#570);
#372=LINE('',#2592,#571);
#373=LINE('',#2599,#572);
#374=LINE('',#2602,#573);
#375=LINE('',#2606,#574);
#376=LINE('',#2610,#575);
#377=LINE('',#2634,#576);
#378=LINE('',#2637,#577);
#379=LINE('',#2639,#578);
#380=LINE('',#2640,#579);
#381=LINE('',#2643,#580);
#382=LINE('',#2645,#581);
#383=LINE('',#2647,#582);
#384=LINE('',#2655,#583);
#385=LINE('',#2657,#584);
#386=LINE('',#2658,#585);
#387=LINE('',#2770,#586);
#388=LINE('',#2771,#587);
#389=LINE('',#2775,#588);
#390=LINE('',#2776,#589);
#391=LINE('',#2777,#590);
#392=LINE('',#2780,#591);
#393=LINE('',#2783,#592);
#394=LINE('',#2789,#593);
#395=LINE('',#2791,#594);
#396=LINE('',#2792,#595);
#397=LINE('',#2797,#596);
#398=LINE('',#2799,#597);
#399=LINE('',#2802,#598);
#400=LINE('',#2806,#599);
#401=LINE('',#2807,#600);
#402=LINE('',#2809,#601);
#403=LINE('',#2810,#602);
#404=LINE('',#2817,#603);
#405=LINE('',#2819,#604);
#406=LINE('',#2821,#605);
#407=LINE('',#2823,#606);
#408=LINE('',#2825,#607);
#409=LINE('',#2827,#608);
#410=LINE('',#2829,#609);
#411=LINE('',#2830,#610);
#412=LINE('',#2833,#611);
#413=LINE('',#2837,#612);
#414=LINE('',#2842,#613);
#415=LINE('',#2845,#614);
#416=LINE('',#2849,#615);
#417=LINE('',#2850,#616);
#418=LINE('',#2853,#617);
#419=LINE('',#2855,#618);
#420=LINE('',#2859,#619);
#421=LINE('',#2861,#620);
#422=LINE('',#2863,#621);
#423=LINE('',#2867,#622);
#424=LINE('',#2869,#623);
#425=LINE('',#2873,#624);
#426=LINE('',#2879,#625);
#427=LINE('',#2881,#626);
#428=LINE('',#2882,#627);
#429=LINE('',#2886,#628);
#430=LINE('',#2896,#629);
#431=LINE('',#2907,#630);
#432=LINE('',#2916,#631);
#433=LINE('',#2918,#632);
#434=LINE('',#2919,#633);
#435=LINE('',#2924,#634);
#436=LINE('',#2930,#635);
#437=LINE('',#2931,#636);
#438=LINE('',#2936,#637);
#439=LINE('',#2938,#638);
#440=LINE('',#2939,#639);
#441=LINE('',#3051,#640);
#442=LINE('',#3052,#641);
#443=LINE('',#3054,#642);
#444=LINE('',#3055,#643);
#445=LINE('',#3057,#644);
#446=LINE('',#3063,#645);
#447=LINE('',#3066,#646);
#448=LINE('',#3067,#647);
#449=LINE('',#3069,#648);
#450=LINE('',#3070,#649);
#451=LINE('',#3078,#650);
#452=LINE('',#3084,#651);
#453=LINE('',#3089,#652);
#454=LINE('',#3091,#653);
#455=LINE('',#3093,#654);
#456=LINE('',#3094,#655);
#457=LINE('',#3098,#656);
#458=LINE('',#3100,#657);
#459=LINE('',#3102,#658);
#460=LINE('',#3103,#659);
#461=LINE('',#3105,#660);
#462=LINE('',#3106,#661);
#463=LINE('',#3108,#662);
#464=LINE('',#3110,#663);
#465=LINE('',#3115,#664);
#466=LINE('',#3117,#665);
#467=LINE('',#3119,#666);
#468=LINE('',#3120,#667);
#469=LINE('',#3124,#668);
#470=LINE('',#3126,#669);
#471=LINE('',#3128,#670);
#472=LINE('',#3129,#671);
#473=LINE('',#3131,#672);
#474=LINE('',#3132,#673);
#475=LINE('',#3134,#674);
#476=LINE('',#3140,#675);
#477=LINE('',#3147,#676);
#478=LINE('',#3149,#677);
#479=LINE('',#3153,#678);
#480=LINE('',#3155,#679);
#481=LINE('',#3157,#680);
#482=LINE('',#3158,#681);
#483=LINE('',#3161,#682);
#484=LINE('',#3163,#683);
#485=LINE('',#3164,#684);
#486=LINE('',#3167,#685);
#487=LINE('',#3169,#686);
#488=LINE('',#3170,#687);
#489=LINE('',#3172,#688);
#490=LINE('',#3173,#689);
#491=LINE('',#3179,#690);
#492=LINE('',#3181,#691);
#493=LINE('',#3183,#692);
#494=LINE('',#3184,#693);
#495=LINE('',#3187,#694);
#496=LINE('',#3189,#695);
#497=LINE('',#3190,#696);
#498=LINE('',#3193,#697);
#499=LINE('',#3195,#698);
#500=LINE('',#3196,#699);
#501=LINE('',#3199,#700);
#502=LINE('',#3201,#701);
#503=LINE('',#3202,#702);
#504=LINE('',#3205,#703);
#505=LINE('',#3207,#704);
#506=LINE('',#3208,#705);
#507=LINE('',#3210,#706);
#508=LINE('',#3211,#707);
#509=LINE('',#3217,#708);
#510=LINE('',#3219,#709);
#511=LINE('',#3221,#710);
#512=LINE('',#3222,#711);
#513=LINE('',#3225,#712);
#514=LINE('',#3227,#713);
#515=LINE('',#3228,#714);
#516=LINE('',#3231,#715);
#517=LINE('',#3232,#716);
#518=LINE('',#3235,#717);
#519=LINE('',#3236,#718);
#520=LINE('',#3238,#719);
#521=LINE('',#3243,#720);
#522=LINE('',#3245,#721);
#523=LINE('',#3247,#722);
#524=LINE('',#3249,#723);
#525=LINE('',#3250,#724);
#526=LINE('',#3254,#725);
#527=LINE('',#3255,#726);
#528=LINE('',#3256,#727);
#529=LINE('',#3259,#728);
#530=LINE('',#3261,#729);
#531=LINE('',#3262,#730);
#532=LINE('',#3265,#731);
#533=LINE('',#3267,#732);
#534=LINE('',#3268,#733);
#535=LINE('',#3271,#734);
#536=LINE('',#3273,#735);
#537=LINE('',#3274,#736);
#538=LINE('',#3277,#737);
#539=LINE('',#3278,#738);
#540=LINE('',#3281,#739);
#541=LINE('',#3282,#740);
#542=LINE('',#3285,#741);
#543=LINE('',#3287,#742);
#544=LINE('',#3288,#743);
#545=LINE('',#3290,#744);
#546=LINE('',#3291,#745);
#547=LINE('',#3297,#746);
#548=LINE('',#3299,#747);
#549=LINE('',#3300,#748);
#550=LINE('',#3303,#749);
#551=LINE('',#3305,#750);
#552=LINE('',#3306,#751);
#553=LINE('',#3309,#752);
#554=LINE('',#3310,#753);
#555=LINE('',#3312,#754);
#556=VECTOR('',#2072,10.);
#557=VECTOR('',#2073,10.);
#558=VECTOR('',#2074,10.);
#559=VECTOR('',#2075,10.);
#560=VECTOR('',#2076,10.);
#561=VECTOR('',#2077,10.);
#562=VECTOR('',#2078,10.);
#563=VECTOR('',#2079,10.);
#564=VECTOR('',#2082,5.87462547575866);
#565=VECTOR('',#2085,10.6107444508263);
#566=VECTOR('',#2088,8.20550904812502);
#567=VECTOR('',#2089,11.5319373397948);
#568=VECTOR('',#2090,0.743826358896904);
#569=VECTOR('',#2093,20.3366668577278);
#570=VECTOR('',#2096,20.3366668577278);
#571=VECTOR('',#2097,2.);
#572=VECTOR('',#2100,11.8606703376903);
#573=VECTOR('',#2103,12.3261697288493);
#574=VECTOR('',#2106,11.8150838046865);
#575=VECTOR('',#2109,7.78509723719721);
#576=VECTOR('',#2110,0.0133979508579532);
#577=VECTOR('',#2113,1.27715838525995);
#578=VECTOR('',#2114,13.5319373397948);
#579=VECTOR('',#2115,1.27715838525995);
#580=VECTOR('',#2118,11.8150838046865);
#581=VECTOR('',#2119,0.511054653185259);
#582=VECTOR('',#2120,9.00504516109065);
#583=VECTOR('',#2127,0.40765670232731);
#584=VECTOR('',#2128,11.8157603142137);
#585=VECTOR('',#2129,0.281219005486947);
#586=VECTOR('',#2146,0.766357518503674);
#587=VECTOR('',#2147,0.766357518503674);
#588=VECTOR('',#2150,0.42105465318526);
#589=VECTOR('',#2151,13.5319373397948);
#590=VECTOR('',#2152,13.5319373397948);
#591=VECTOR('',#2155,13.4998458886617);
#592=VECTOR('',#2160,0.12023227021033);
#593=VECTOR('',#2169,12.3349079551679);
#594=VECTOR('',#2170,2.);
#595=VECTOR('',#2171,12.3349079551679);
#596=VECTOR('',#2176,0.716716899758354);
#597=VECTOR('',#2177,0.0420951960992484);
#598=VECTOR('',#2180,0.0672360371208737);
#599=VECTOR('',#2187,12.8935303518761);
#600=VECTOR('',#2188,11.5741739257547);
#601=VECTOR('',#2191,12.1634155739991);
#602=VECTOR('',#2192,4.57403826678494);
#603=VECTOR('',#2201,10.);
#604=VECTOR('',#2202,10.);
#605=VECTOR('',#2203,10.);
#606=VECTOR('',#2204,10.);
#607=VECTOR('',#2205,10.);
#608=VECTOR('',#2206,10.);
#609=VECTOR('',#2207,10.);
#610=VECTOR('',#2208,10.);
#611=VECTOR('',#2211,12.3261697288493);
#612=VECTOR('',#2214,11.8606703376903);
#613=VECTOR('',#2215,10.6107444508263);
#614=VECTOR('',#2218,12.3349079551679);
#615=VECTOR('',#2223,12.3349079551679);
#616=VECTOR('',#2224,2.);
#617=VECTOR('',#2227,20.3366668577278);
#618=VECTOR('',#2228,1.27715838525995);
#619=VECTOR('',#2231,0.12023227021033);
#620=VECTOR('',#2232,0.42105465318526);
#621=VECTOR('',#2233,0.0672360371208737);
#622=VECTOR('',#2236,0.0420951960992484);
#623=VECTOR('',#2237,0.716716899758354);
#624=VECTOR('',#2242,5.87462547575866);
#625=VECTOR('',#2243,0.743826358896904);
#626=VECTOR('',#2244,11.5319373397948);
#627=VECTOR('',#2245,8.20550904812502);
#628=VECTOR('',#2248,11.8150838046865);
#629=VECTOR('',#2249,7.78509723719721);
#630=VECTOR('',#2252,0.0133979508579532);
#631=VECTOR('',#2255,2.);
#632=VECTOR('',#2256,1.27715838525995);
#633=VECTOR('',#2257,13.5319373397948);
#634=VECTOR('',#2264,11.8150838046865);
#635=VECTOR('',#2265,9.00504516109065);
#636=VECTOR('',#2266,0.511054653185259);
#637=VECTOR('',#2273,0.40765670232731);
#638=VECTOR('',#2274,0.281219005486947);
#639=VECTOR('',#2275,11.8157603142137);
#640=VECTOR('',#2292,0.766357518503674);
#641=VECTOR('',#2293,0.766357518503674);
#642=VECTOR('',#2296,13.5319373397948);
#643=VECTOR('',#2297,13.5319373397948);
#644=VECTOR('',#2300,13.4998458886617);
#645=VECTOR('',#2311,20.3366668577278);
#646=VECTOR('',#2316,11.5741739257547);
#647=VECTOR('',#2317,12.8935303518761);
#648=VECTOR('',#2320,12.1634155739991);
#649=VECTOR('',#2321,4.57403826678494);
#650=VECTOR('',#2332,1.6);
#651=VECTOR('',#2339,1.6);
#652=VECTOR('',#2344,10.);
#653=VECTOR('',#2345,10.);
#654=VECTOR('',#2346,10.);
#655=VECTOR('',#2347,10.);
#656=VECTOR('',#2350,10.);
#657=VECTOR('',#2351,10.);
#658=VECTOR('',#2352,10.);
#659=VECTOR('',#2353,10.);
#660=VECTOR('',#2356,10.);
#661=VECTOR('',#2357,10.);
#662=VECTOR('',#2360,10.);
#663=VECTOR('',#2363,10.);
#664=VECTOR('',#2368,10.);
#665=VECTOR('',#2369,10.);
#666=VECTOR('',#2370,10.);
#667=VECTOR('',#2371,10.);
#668=VECTOR('',#2374,10.);
#669=VECTOR('',#2375,10.);
#670=VECTOR('',#2376,10.);
#671=VECTOR('',#2377,10.);
#672=VECTOR('',#2380,10.);
#673=VECTOR('',#2381,10.);
#674=VECTOR('',#2384,10.);
#675=VECTOR('',#2391,10.);
#676=VECTOR('',#2400,1.6);
#677=VECTOR('',#2403,1.6);
#678=VECTOR('',#2406,10.);
#679=VECTOR('',#2407,10.);
#680=VECTOR('',#2408,10.);
#681=VECTOR('',#2409,10.);
#682=VECTOR('',#2412,10.);
#683=VECTOR('',#2413,10.);
#684=VECTOR('',#2414,10.);
#685=VECTOR('',#2417,10.);
#686=VECTOR('',#2418,10.);
#687=VECTOR('',#2419,10.);
#688=VECTOR('',#2422,10.);
#689=VECTOR('',#2423,10.);
#690=VECTOR('',#2430,10.);
#691=VECTOR('',#2431,10.);
#692=VECTOR('',#2432,10.);
#693=VECTOR('',#2433,10.);
#694=VECTOR('',#2436,10.);
#695=VECTOR('',#2437,10.);
#696=VECTOR('',#2438,10.);
#697=VECTOR('',#2441,10.);
#698=VECTOR('',#2442,10.);
#699=VECTOR('',#2443,10.);
#700=VECTOR('',#2446,10.);
#701=VECTOR('',#2447,10.);
#702=VECTOR('',#2448,10.);
#703=VECTOR('',#2451,10.);
#704=VECTOR('',#2452,10.);
#705=VECTOR('',#2453,10.);
#706=VECTOR('',#2456,10.);
#707=VECTOR('',#2457,10.);
#708=VECTOR('',#2464,10.);
#709=VECTOR('',#2465,10.);
#710=VECTOR('',#2466,10.);
#711=VECTOR('',#2467,10.);
#712=VECTOR('',#2470,10.);
#713=VECTOR('',#2471,10.);
#714=VECTOR('',#2472,10.);
#715=VECTOR('',#2475,10.);
#716=VECTOR('',#2476,10.);
#717=VECTOR('',#2479,10.);
#718=VECTOR('',#2480,10.);
#719=VECTOR('',#2483,10.);
#720=VECTOR('',#2488,10.);
#721=VECTOR('',#2489,10.);
#722=VECTOR('',#2490,10.);
#723=VECTOR('',#2491,10.);
#724=VECTOR('',#2492,10.);
#725=VECTOR('',#2495,10.);
#726=VECTOR('',#2496,10.);
#727=VECTOR('',#2497,10.);
#728=VECTOR('',#2500,10.);
#729=VECTOR('',#2501,10.);
#730=VECTOR('',#2502,10.);
#731=VECTOR('',#2505,10.);
#732=VECTOR('',#2506,10.);
#733=VECTOR('',#2507,10.);
#734=VECTOR('',#2510,10.);
#735=VECTOR('',#2511,10.);
#736=VECTOR('',#2512,10.);
#737=VECTOR('',#2515,10.);
#738=VECTOR('',#2516,10.);
#739=VECTOR('',#2519,10.);
#740=VECTOR('',#2520,10.);
#741=VECTOR('',#2523,10.);
#742=VECTOR('',#2524,10.);
#743=VECTOR('',#2525,10.);
#744=VECTOR('',#2528,10.);
#745=VECTOR('',#2529,10.);
#746=VECTOR('',#2536,10.);
#747=VECTOR('',#2537,10.);
#748=VECTOR('',#2538,10.);
#749=VECTOR('',#2541,10.);
#750=VECTOR('',#2542,10.);
#751=VECTOR('',#2543,10.);
#752=VECTOR('',#2546,10.);
#753=VECTOR('',#2547,10.);
#754=VECTOR('',#2550,10.);
#755=VERTEX_POINT('',#2555);
#756=VERTEX_POINT('',#2556);
#757=VERTEX_POINT('',#2558);
#758=VERTEX_POINT('',#2560);
#759=VERTEX_POINT('',#2562);
#760=VERTEX_POINT('',#2564);
#761=VERTEX_POINT('',#2566);
#762=VERTEX_POINT('',#2568);
#763=VERTEX_POINT('',#2572);
#764=VERTEX_POINT('',#2574);
#765=VERTEX_POINT('',#2578);
#766=VERTEX_POINT('',#2580);
#767=VERTEX_POINT('',#2582);
#768=VERTEX_POINT('',#2590);
#769=VERTEX_POINT('',#2594);
#770=VERTEX_POINT('',#2598);
#771=VERTEX_POINT('',#2600);
#772=VERTEX_POINT('',#2604);
#773=VERTEX_POINT('',#2605);
#774=VERTEX_POINT('',#2607);
#775=VERTEX_POINT('',#2609);
#776=VERTEX_POINT('',#2626);
#777=VERTEX_POINT('',#2636);
#778=VERTEX_POINT('',#2638);
#779=VERTEX_POINT('',#2642);
#780=VERTEX_POINT('',#2644);
#781=VERTEX_POINT('',#2646);
#782=VERTEX_POINT('',#2654);
#783=VERTEX_POINT('',#2656);
#784=VERTEX_POINT('',#2660);
#785=VERTEX_POINT('',#2661);
#786=VERTEX_POINT('',#2675);
#787=VERTEX_POINT('',#2727);
#788=VERTEX_POINT('',#2728);
#789=VERTEX_POINT('',#2739);
#790=VERTEX_POINT('',#2741);
#791=VERTEX_POINT('',#2754);
#792=VERTEX_POINT('',#2757);
#793=VERTEX_POINT('',#2773);
#794=VERTEX_POINT('',#2774);
#795=VERTEX_POINT('',#2779);
#796=VERTEX_POINT('',#2788);
#797=VERTEX_POINT('',#2790);
#798=VERTEX_POINT('',#2794);
#799=VERTEX_POINT('',#2796);
#800=VERTEX_POINT('',#2798);
#801=VERTEX_POINT('',#2800);
#802=VERTEX_POINT('',#2815);
#803=VERTEX_POINT('',#2816);
#804=VERTEX_POINT('',#2818);
#805=VERTEX_POINT('',#2820);
#806=VERTEX_POINT('',#2822);
#807=VERTEX_POINT('',#2824);
#808=VERTEX_POINT('',#2826);
#809=VERTEX_POINT('',#2828);
#810=VERTEX_POINT('',#2832);
#811=VERTEX_POINT('',#2834);
#812=VERTEX_POINT('',#2836);
#813=VERTEX_POINT('',#2838);
#814=VERTEX_POINT('',#2844);
#815=VERTEX_POINT('',#2848);
#816=VERTEX_POINT('',#2852);
#817=VERTEX_POINT('',#2854);
#818=VERTEX_POINT('',#2856);
#819=VERTEX_POINT('',#2858);
#820=VERTEX_POINT('',#2860);
#821=VERTEX_POINT('',#2862);
#822=VERTEX_POINT('',#2864);
#823=VERTEX_POINT('',#2866);
#824=VERTEX_POINT('',#2868);
#825=VERTEX_POINT('',#2872);
#826=VERTEX_POINT('',#2874);
#827=VERTEX_POINT('',#2878);
#828=VERTEX_POINT('',#2880);
#829=VERTEX_POINT('',#2884);
#830=VERTEX_POINT('',#2885);
#831=VERTEX_POINT('',#2887);
#832=VERTEX_POINT('',#2895);
#833=VERTEX_POINT('',#2906);
#834=VERTEX_POINT('',#2917);
#835=VERTEX_POINT('',#2923);
#836=VERTEX_POINT('',#2925);
#837=VERTEX_POINT('',#2929);
#838=VERTEX_POINT('',#2935);
#839=VERTEX_POINT('',#2937);
#840=VERTEX_POINT('',#2941);
#841=VERTEX_POINT('',#2942);
#842=VERTEX_POINT('',#2952);
#843=VERTEX_POINT('',#3008);
#844=VERTEX_POINT('',#3009);
#845=VERTEX_POINT('',#3020);
#846=VERTEX_POINT('',#3032);
#847=VERTEX_POINT('',#3034);
#848=VERTEX_POINT('',#3036);
#849=VERTEX_POINT('',#3075);
#850=VERTEX_POINT('',#3077);
#851=VERTEX_POINT('',#3081);
#852=VERTEX_POINT('',#3083);
#853=VERTEX_POINT('',#3087);
#854=VERTEX_POINT('',#3088);
#855=VERTEX_POINT('',#3090);
#856=VERTEX_POINT('',#3092);
#857=VERTEX_POINT('',#3096);
#858=VERTEX_POINT('',#3097);
#859=VERTEX_POINT('',#3099);
#860=VERTEX_POINT('',#3101);
#861=VERTEX_POINT('',#3113);
#862=VERTEX_POINT('',#3114);
#863=VERTEX_POINT('',#3116);
#864=VERTEX_POINT('',#3118);
#865=VERTEX_POINT('',#3122);
#866=VERTEX_POINT('',#3123);
#867=VERTEX_POINT('',#3125);
#868=VERTEX_POINT('',#3127);
#869=VERTEX_POINT('',#3135);
#870=VERTEX_POINT('',#3137);
#871=VERTEX_POINT('',#3142);
#872=VERTEX_POINT('',#3144);
#873=VERTEX_POINT('',#3151);
#874=VERTEX_POINT('',#3152);
#875=VERTEX_POINT('',#3154);
#876=VERTEX_POINT('',#3156);
#877=VERTEX_POINT('',#3160);
#878=VERTEX_POINT('',#3162);
#879=VERTEX_POINT('',#3166);
#880=VERTEX_POINT('',#3168);
#881=VERTEX_POINT('',#3177);
#882=VERTEX_POINT('',#3178);
#883=VERTEX_POINT('',#3180);
#884=VERTEX_POINT('',#3182);
#885=VERTEX_POINT('',#3186);
#886=VERTEX_POINT('',#3188);
#887=VERTEX_POINT('',#3192);
#888=VERTEX_POINT('',#3194);
#889=VERTEX_POINT('',#3198);
#890=VERTEX_POINT('',#3200);
#891=VERTEX_POINT('',#3204);
#892=VERTEX_POINT('',#3206);
#893=VERTEX_POINT('',#3215);
#894=VERTEX_POINT('',#3216);
#895=VERTEX_POINT('',#3218);
#896=VERTEX_POINT('',#3220);
#897=VERTEX_POINT('',#3224);
#898=VERTEX_POINT('',#3226);
#899=VERTEX_POINT('',#3230);
#900=VERTEX_POINT('',#3234);
#901=VERTEX_POINT('',#3241);
#902=VERTEX_POINT('',#3242);
#903=VERTEX_POINT('',#3244);
#904=VERTEX_POINT('',#3246);
#905=VERTEX_POINT('',#3248);
#906=VERTEX_POINT('',#3252);
#907=VERTEX_POINT('',#3253);
#908=VERTEX_POINT('',#3258);
#909=VERTEX_POINT('',#3260);
#910=VERTEX_POINT('',#3264);
#911=VERTEX_POINT('',#3266);
#912=VERTEX_POINT('',#3270);
#913=VERTEX_POINT('',#3272);
#914=VERTEX_POINT('',#3276);
#915=VERTEX_POINT('',#3280);
#916=VERTEX_POINT('',#3284);
#917=VERTEX_POINT('',#3286);
#918=VERTEX_POINT('',#3295);
#919=VERTEX_POINT('',#3296);
#920=VERTEX_POINT('',#3298);
#921=VERTEX_POINT('',#3302);
#922=VERTEX_POINT('',#3304);
#923=VERTEX_POINT('',#3308);
#924=EDGE_CURVE('',#755,#756,#357,.T.);
#925=EDGE_CURVE('',#757,#755,#358,.T.);
#926=EDGE_CURVE('',#758,#757,#359,.T.);
#927=EDGE_CURVE('',#759,#758,#360,.T.);
#928=EDGE_CURVE('',#760,#759,#361,.T.);
#929=EDGE_CURVE('',#761,#760,#362,.T.);
#930=EDGE_CURVE('',#762,#761,#363,.T.);
#931=EDGE_CURVE('',#756,#762,#364,.T.);
#932=EDGE_CURVE('',#760,#763,#365,.T.);
#933=EDGE_CURVE('',#763,#764,#111,.F.);
#934=EDGE_CURVE('',#764,#761,#366,.T.);
#935=EDGE_CURVE('',#759,#765,#367,.T.);
#936=EDGE_CURVE('',#766,#765,#368,.T.);
#937=EDGE_CURVE('',#767,#766,#369,.T.);
#938=EDGE_CURVE('',#763,#767,#105,.T.);
#939=EDGE_CURVE('',#765,#758,#370,.T.);
#940=EDGE_CURVE('',#768,#757,#371,.T.);
#941=EDGE_CURVE('',#765,#768,#372,.T.);
#942=EDGE_CURVE('',#764,#769,#106,.T.);
#943=EDGE_CURVE('',#770,#769,#373,.T.);
#944=EDGE_CURVE('',#771,#770,#112,.T.);
#945=EDGE_CURVE('',#771,#762,#374,.T.);
#946=EDGE_CURVE('',#772,#773,#375,.F.);
#947=EDGE_CURVE('',#773,#774,#91,.F.);
#948=EDGE_CURVE('',#775,#774,#376,.F.);
#949=EDGE_CURVE('',#772,#775,#73,.T.);
#950=EDGE_CURVE('',#775,#776,#74,.T.);
#951=EDGE_CURVE('',#772,#776,#377,.T.);
#952=EDGE_CURVE('',#777,#768,#378,.T.);
#953=EDGE_CURVE('',#778,#777,#379,.F.);
#954=EDGE_CURVE('',#766,#778,#380,.T.);
#955=EDGE_CURVE('',#779,#778,#381,.T.);
#956=EDGE_CURVE('',#779,#780,#382,.F.);
#957=EDGE_CURVE('',#780,#781,#383,.T.);
#958=EDGE_CURVE('',#781,#767,#107,.T.);
#959=EDGE_CURVE('',#769,#781,#113,.T.);
#960=EDGE_CURVE('',#782,#772,#384,.T.);
#961=EDGE_CURVE('',#782,#783,#385,.F.);
#962=EDGE_CURVE('',#783,#773,#386,.F.);
#963=EDGE_CURVE('',#784,#785,#114,.F.);
#964=EDGE_CURVE('',#784,#779,#75,.T.);
#965=EDGE_CURVE('',#786,#778,#76,.F.);
#966=EDGE_CURVE('',#786,#775,#77,.T.);
#967=EDGE_CURVE('',#774,#785,#78,.T.);
#968=EDGE_CURVE('',#787,#788,#79,.T.);
#969=EDGE_CURVE('',#788,#789,#92,.T.);
#970=EDGE_CURVE('',#789,#790,#80,.T.);
#971=EDGE_CURVE('',#790,#791,#93,.T.);
#972=EDGE_CURVE('',#791,#770,#94,.T.);
#973=EDGE_CURVE('',#780,#792,#81,.T.);
#974=EDGE_CURVE('',#787,#792,#115,.T.);
#975=EDGE_CURVE('',#792,#784,#387,.T.);
#976=EDGE_CURVE('',#785,#787,#388,.T.);
#977=EDGE_CURVE('',#793,#794,#389,.T.);
#978=EDGE_CURVE('',#793,#782,#390,.T.);
#979=EDGE_CURVE('',#776,#794,#391,.T.);
#980=EDGE_CURVE('',#795,#786,#392,.T.);
#981=EDGE_CURVE('',#777,#795,#116,.T.);
#982=EDGE_CURVE('',#794,#795,#393,.T.);
#983=EDGE_CURVE('',#783,#788,#95,.T.);
#984=EDGE_CURVE('',#756,#796,#394,.T.);
#985=EDGE_CURVE('',#796,#797,#395,.T.);
#986=EDGE_CURVE('',#755,#797,#396,.T.);
#987=EDGE_CURVE('',#798,#797,#96,.T.);
#988=EDGE_CURVE('',#799,#798,#397,.T.);
#989=EDGE_CURVE('',#800,#799,#398,.T.);
#990=EDGE_CURVE('',#800,#801,#117,.T.);
#991=EDGE_CURVE('',#801,#793,#399,.F.);
#992=EDGE_CURVE('',#771,#796,#97,.T.);
#993=EDGE_CURVE('',#789,#801,#400,.T.);
#994=EDGE_CURVE('',#790,#800,#401,.T.);
#995=EDGE_CURVE('',#791,#799,#402,.T.);
#996=EDGE_CURVE('',#770,#798,#403,.T.);
#997=EDGE_CURVE('',#802,#803,#404,.T.);
#998=EDGE_CURVE('',#804,#802,#405,.T.);
#999=EDGE_CURVE('',#805,#804,#406,.T.);
#1000=EDGE_CURVE('',#806,#805,#407,.T.);
#1001=EDGE_CURVE('',#807,#806,#408,.T.);
#1002=EDGE_CURVE('',#808,#807,#409,.T.);
#1003=EDGE_CURVE('',#809,#808,#410,.T.);
#1004=EDGE_CURVE('',#803,#809,#411,.T.);
#1005=EDGE_CURVE('',#810,#804,#412,.T.);
#1006=EDGE_CURVE('',#810,#811,#118,.T.);
#1007=EDGE_CURVE('',#811,#812,#413,.T.);
#1008=EDGE_CURVE('',#813,#812,#108,.T.);
#1009=EDGE_CURVE('',#813,#805,#414,.T.);
#1010=EDGE_CURVE('',#802,#814,#415,.T.);
#1011=EDGE_CURVE('',#810,#814,#98,.T.);
#1012=EDGE_CURVE('',#803,#815,#416,.T.);
#1013=EDGE_CURVE('',#814,#815,#417,.T.);
#1014=EDGE_CURVE('',#816,#809,#418,.T.);
#1015=EDGE_CURVE('',#817,#816,#419,.T.);
#1016=EDGE_CURVE('',#817,#818,#119,.T.);
#1017=EDGE_CURVE('',#819,#818,#420,.T.);
#1018=EDGE_CURVE('',#820,#819,#421,.T.);
#1019=EDGE_CURVE('',#821,#820,#422,.F.);
#1020=EDGE_CURVE('',#822,#821,#120,.T.);
#1021=EDGE_CURVE('',#822,#823,#423,.T.);
#1022=EDGE_CURVE('',#823,#824,#424,.T.);
#1023=EDGE_CURVE('',#824,#815,#99,.T.);
#1024=EDGE_CURVE('',#806,#825,#425,.T.);
#1025=EDGE_CURVE('',#825,#826,#109,.T.);
#1026=EDGE_CURVE('',#826,#827,#426,.T.);
#1027=EDGE_CURVE('',#827,#828,#427,.T.);
#1028=EDGE_CURVE('',#807,#828,#428,.T.);
#1029=EDGE_CURVE('',#829,#830,#429,.F.);
#1030=EDGE_CURVE('',#829,#831,#82,.T.);
#1031=EDGE_CURVE('',#831,#832,#430,.F.);
#1032=EDGE_CURVE('',#830,#832,#100,.F.);
#1033=EDGE_CURVE('',#829,#833,#431,.T.);
#1034=EDGE_CURVE('',#831,#833,#83,.T.);
#1035=EDGE_CURVE('',#828,#816,#432,.T.);
#1036=EDGE_CURVE('',#827,#834,#433,.T.);
#1037=EDGE_CURVE('',#834,#817,#434,.F.);
#1038=EDGE_CURVE('',#825,#813,#121,.F.);
#1039=EDGE_CURVE('',#835,#834,#435,.T.);
#1040=EDGE_CURVE('',#836,#826,#110,.T.);
#1041=EDGE_CURVE('',#837,#836,#436,.T.);
#1042=EDGE_CURVE('',#835,#837,#437,.F.);
#1043=EDGE_CURVE('',#812,#836,#122,.T.);
#1044=EDGE_CURVE('',#838,#829,#438,.T.);
#1045=EDGE_CURVE('',#839,#830,#439,.F.);
#1046=EDGE_CURVE('',#838,#839,#440,.F.);
#1047=EDGE_CURVE('',#840,#841,#123,.F.);
#1048=EDGE_CURVE('',#832,#841,#84,.T.);
#1049=EDGE_CURVE('',#842,#831,#85,.T.);
#1050=EDGE_CURVE('',#842,#834,#86,.F.);
#1051=EDGE_CURVE('',#840,#835,#87,.T.);
#1052=EDGE_CURVE('',#843,#844,#88,.T.);
#1053=EDGE_CURVE('',#843,#845,#124,.T.);
#1054=EDGE_CURVE('',#837,#845,#89,.T.);
#1055=EDGE_CURVE('',#846,#811,#101,.T.);
#1056=EDGE_CURVE('',#847,#846,#102,.T.);
#1057=EDGE_CURVE('',#848,#847,#90,.T.);
#1058=EDGE_CURVE('',#844,#848,#103,.T.);
#1059=EDGE_CURVE('',#841,#843,#441,.T.);
#1060=EDGE_CURVE('',#845,#840,#442,.T.);
#1061=EDGE_CURVE('',#833,#819,#443,.T.);
#1062=EDGE_CURVE('',#820,#838,#444,.T.);
#1063=EDGE_CURVE('',#818,#842,#445,.T.);
#1064=EDGE_CURVE('',#839,#844,#104,.T.);
#1065=EDGE_CURVE('',#828,#808,#446,.T.);
#1066=EDGE_CURVE('',#847,#822,#447,.T.);
#1067=EDGE_CURVE('',#848,#821,#448,.T.);
#1068=EDGE_CURVE('',#846,#823,#449,.T.);
#1069=EDGE_CURVE('',#811,#824,#450,.T.);
#1070=EDGE_CURVE('',#849,#849,#125,.T.);
#1071=EDGE_CURVE('',#849,#850,#451,.T.);
#1072=EDGE_CURVE('',#850,#850,#126,.T.);
#1073=EDGE_CURVE('',#851,#851,#127,.T.);
#1074=EDGE_CURVE('',#851,#852,#452,.T.);
#1075=EDGE_CURVE('',#852,#852,#128,.T.);
#1076=EDGE_CURVE('',#853,#854,#453,.T.);
#1077=EDGE_CURVE('',#855,#853,#454,.T.);
#1078=EDGE_CURVE('',#856,#855,#455,.T.);
#1079=EDGE_CURVE('',#854,#856,#456,.T.);
#1080=EDGE_CURVE('',#857,#858,#457,.T.);
#1081=EDGE_CURVE('',#859,#857,#458,.T.);
#1082=EDGE_CURVE('',#860,#859,#459,.T.);
#1083=EDGE_CURVE('',#858,#860,#460,.T.);
#1084=EDGE_CURVE('',#860,#856,#461,.T.);
#1085=EDGE_CURVE('',#859,#854,#462,.T.);
#1086=EDGE_CURVE('',#857,#853,#463,.T.);
#1087=EDGE_CURVE('',#858,#855,#464,.T.);
#1088=EDGE_CURVE('',#861,#862,#465,.T.);
#1089=EDGE_CURVE('',#863,#861,#466,.T.);
#1090=EDGE_CURVE('',#864,#863,#467,.T.);
#1091=EDGE_CURVE('',#862,#864,#468,.T.);
#1092=EDGE_CURVE('',#865,#866,#469,.T.);
#1093=EDGE_CURVE('',#867,#865,#470,.T.);
#1094=EDGE_CURVE('',#868,#867,#471,.T.);
#1095=EDGE_CURVE('',#866,#868,#472,.T.);
#1096=EDGE_CURVE('',#868,#864,#473,.T.);
#1097=EDGE_CURVE('',#867,#862,#474,.T.);
#1098=EDGE_CURVE('',#865,#861,#475,.T.);
#1099=EDGE_CURVE('',#869,#869,#129,.T.);
#1100=EDGE_CURVE('',#870,#870,#130,.T.);
#1101=EDGE_CURVE('',#866,#863,#476,.T.);
#1102=EDGE_CURVE('',#871,#871,#131,.T.);
#1103=EDGE_CURVE('',#872,#872,#132,.T.);
#1104=EDGE_CURVE('',#870,#872,#477,.T.);
#1105=EDGE_CURVE('',#869,#871,#478,.T.);
#1106=EDGE_CURVE('',#873,#874,#479,.T.);
#1107=EDGE_CURVE('',#875,#874,#480,.T.);
#1108=EDGE_CURVE('',#875,#876,#481,.T.);
#1109=EDGE_CURVE('',#876,#873,#482,.T.);
#1110=EDGE_CURVE('',#874,#877,#483,.T.);
#1111=EDGE_CURVE('',#878,#877,#484,.T.);
#1112=EDGE_CURVE('',#878,#875,#485,.T.);
#1113=EDGE_CURVE('',#877,#879,#486,.T.);
#1114=EDGE_CURVE('',#880,#879,#487,.T.);
#1115=EDGE_CURVE('',#880,#878,#488,.T.);
#1116=EDGE_CURVE('',#879,#873,#489,.T.);
#1117=EDGE_CURVE('',#876,#880,#490,.T.);
#1118=EDGE_CURVE('',#881,#882,#491,.T.);
#1119=EDGE_CURVE('',#882,#883,#492,.T.);
#1120=EDGE_CURVE('',#884,#883,#493,.T.);
#1121=EDGE_CURVE('',#881,#884,#494,.T.);
#1122=EDGE_CURVE('',#885,#881,#495,.T.);
#1123=EDGE_CURVE('',#886,#884,#496,.T.);
#1124=EDGE_CURVE('',#885,#886,#497,.T.);
#1125=EDGE_CURVE('',#887,#885,#498,.T.);
#1126=EDGE_CURVE('',#888,#886,#499,.T.);
#1127=EDGE_CURVE('',#887,#888,#500,.T.);
#1128=EDGE_CURVE('',#889,#887,#501,.T.);
#1129=EDGE_CURVE('',#890,#888,#502,.T.);
#1130=EDGE_CURVE('',#889,#890,#503,.T.);
#1131=EDGE_CURVE('',#891,#889,#504,.T.);
#1132=EDGE_CURVE('',#892,#890,#505,.T.);
#1133=EDGE_CURVE('',#891,#892,#506,.T.);
#1134=EDGE_CURVE('',#882,#891,#507,.T.);
#1135=EDGE_CURVE('',#883,#892,#508,.T.);
#1136=EDGE_CURVE('',#893,#894,#509,.T.);
#1137=EDGE_CURVE('',#895,#893,#510,.T.);
#1138=EDGE_CURVE('',#896,#895,#511,.T.);
#1139=EDGE_CURVE('',#894,#896,#512,.T.);
#1140=EDGE_CURVE('',#894,#897,#513,.T.);
#1141=EDGE_CURVE('',#897,#898,#514,.T.);
#1142=EDGE_CURVE('',#898,#893,#515,.T.);
#1143=EDGE_CURVE('',#896,#899,#516,.T.);
#1144=EDGE_CURVE('',#899,#897,#517,.T.);
#1145=EDGE_CURVE('',#900,#898,#518,.T.);
#1146=EDGE_CURVE('',#900,#895,#519,.T.);
#1147=EDGE_CURVE('',#899,#900,#520,.T.);
#1148=EDGE_CURVE('',#901,#902,#521,.T.);
#1149=EDGE_CURVE('',#903,#901,#522,.T.);
#1150=EDGE_CURVE('',#904,#903,#523,.T.);
#1151=EDGE_CURVE('',#905,#904,#524,.T.);
#1152=EDGE_CURVE('',#905,#902,#525,.T.);
#1153=EDGE_CURVE('',#906,#907,#526,.T.);
#1154=EDGE_CURVE('',#906,#901,#527,.T.);
#1155=EDGE_CURVE('',#902,#907,#528,.T.);
#1156=EDGE_CURVE('',#907,#908,#529,.T.);
#1157=EDGE_CURVE('',#908,#909,#530,.T.);
#1158=EDGE_CURVE('',#909,#906,#531,.T.);
#1159=EDGE_CURVE('',#904,#910,#532,.T.);
#1160=EDGE_CURVE('',#911,#910,#533,.T.);
#1161=EDGE_CURVE('',#911,#905,#534,.T.);
#1162=EDGE_CURVE('',#910,#912,#535,.T.);
#1163=EDGE_CURVE('',#913,#912,#536,.T.);
#1164=EDGE_CURVE('',#913,#911,#537,.T.);
#1165=EDGE_CURVE('',#914,#905,#538,.T.);
#1166=EDGE_CURVE('',#914,#913,#539,.T.);
#1167=EDGE_CURVE('',#915,#903,#540,.T.);
#1168=EDGE_CURVE('',#912,#915,#541,.T.);
#1169=EDGE_CURVE('',#915,#916,#542,.T.);
#1170=EDGE_CURVE('',#917,#916,#543,.T.);
#1171=EDGE_CURVE('',#917,#914,#544,.T.);
#1172=EDGE_CURVE('',#916,#909,#545,.T.);
#1173=EDGE_CURVE('',#908,#917,#546,.T.);
#1174=EDGE_CURVE('',#918,#919,#547,.T.);
#1175=EDGE_CURVE('',#920,#918,#548,.T.);
#1176=EDGE_CURVE('',#919,#920,#549,.T.);
#1177=EDGE_CURVE('',#921,#920,#550,.T.);
#1178=EDGE_CURVE('',#922,#921,#551,.T.);
#1179=EDGE_CURVE('',#922,#919,#552,.T.);
#1180=EDGE_CURVE('',#923,#918,#553,.T.);
#1181=EDGE_CURVE('',#921,#923,#554,.T.);
#1182=EDGE_CURVE('',#923,#922,#555,.T.);
#1183=ORIENTED_EDGE('',*,*,#924,.F.);
#1184=ORIENTED_EDGE('',*,*,#925,.F.);
#1185=ORIENTED_EDGE('',*,*,#926,.F.);
#1186=ORIENTED_EDGE('',*,*,#927,.F.);
#1187=ORIENTED_EDGE('',*,*,#928,.F.);
#1188=ORIENTED_EDGE('',*,*,#929,.F.);
#1189=ORIENTED_EDGE('',*,*,#930,.F.);
#1190=ORIENTED_EDGE('',*,*,#931,.F.);
#1191=ORIENTED_EDGE('',*,*,#929,.T.);
#1192=ORIENTED_EDGE('',*,*,#932,.T.);
#1193=ORIENTED_EDGE('',*,*,#933,.T.);
#1194=ORIENTED_EDGE('',*,*,#934,.T.);
#1195=ORIENTED_EDGE('',*,*,#928,.T.);
#1196=ORIENTED_EDGE('',*,*,#935,.T.);
#1197=ORIENTED_EDGE('',*,*,#936,.F.);
#1198=ORIENTED_EDGE('',*,*,#937,.F.);
#1199=ORIENTED_EDGE('',*,*,#938,.F.);
#1200=ORIENTED_EDGE('',*,*,#932,.F.);
#1201=ORIENTED_EDGE('',*,*,#927,.T.);
#1202=ORIENTED_EDGE('',*,*,#939,.F.);
#1203=ORIENTED_EDGE('',*,*,#935,.F.);
#1204=ORIENTED_EDGE('',*,*,#926,.T.);
#1205=ORIENTED_EDGE('',*,*,#940,.F.);
#1206=ORIENTED_EDGE('',*,*,#941,.F.);
#1207=ORIENTED_EDGE('',*,*,#939,.T.);
#1208=ORIENTED_EDGE('',*,*,#930,.T.);
#1209=ORIENTED_EDGE('',*,*,#934,.F.);
#1210=ORIENTED_EDGE('',*,*,#942,.T.);
#1211=ORIENTED_EDGE('',*,*,#943,.F.);
#1212=ORIENTED_EDGE('',*,*,#944,.F.);
#1213=ORIENTED_EDGE('',*,*,#945,.T.);
#1214=ORIENTED_EDGE('',*,*,#946,.T.);
#1215=ORIENTED_EDGE('',*,*,#947,.T.);
#1216=ORIENTED_EDGE('',*,*,#948,.F.);
#1217=ORIENTED_EDGE('',*,*,#949,.F.);
#1218=ORIENTED_EDGE('',*,*,#949,.T.);
#1219=ORIENTED_EDGE('',*,*,#950,.T.);
#1220=ORIENTED_EDGE('',*,*,#951,.F.);
#1221=ORIENTED_EDGE('',*,*,#952,.F.);
#1222=ORIENTED_EDGE('',*,*,#953,.F.);
#1223=ORIENTED_EDGE('',*,*,#954,.F.);
#1224=ORIENTED_EDGE('',*,*,#936,.T.);
#1225=ORIENTED_EDGE('',*,*,#941,.T.);
#1226=ORIENTED_EDGE('',*,*,#955,.F.);
#1227=ORIENTED_EDGE('',*,*,#956,.T.);
#1228=ORIENTED_EDGE('',*,*,#957,.T.);
#1229=ORIENTED_EDGE('',*,*,#958,.T.);
#1230=ORIENTED_EDGE('',*,*,#937,.T.);
#1231=ORIENTED_EDGE('',*,*,#954,.T.);
#1232=ORIENTED_EDGE('',*,*,#933,.F.);
#1233=ORIENTED_EDGE('',*,*,#938,.T.);
#1234=ORIENTED_EDGE('',*,*,#958,.F.);
#1235=ORIENTED_EDGE('',*,*,#959,.F.);
#1236=ORIENTED_EDGE('',*,*,#942,.F.);
#1237=ORIENTED_EDGE('',*,*,#960,.F.);
#1238=ORIENTED_EDGE('',*,*,#961,.T.);
#1239=ORIENTED_EDGE('',*,*,#962,.T.);
#1240=ORIENTED_EDGE('',*,*,#946,.F.);
#1241=ORIENTED_EDGE('',*,*,#963,.F.);
#1242=ORIENTED_EDGE('',*,*,#964,.T.);
#1243=ORIENTED_EDGE('',*,*,#955,.T.);
#1244=ORIENTED_EDGE('',*,*,#965,.F.);
#1245=ORIENTED_EDGE('',*,*,#966,.T.);
#1246=ORIENTED_EDGE('',*,*,#948,.T.);
#1247=ORIENTED_EDGE('',*,*,#967,.T.);
#1248=ORIENTED_EDGE('',*,*,#968,.T.);
#1249=ORIENTED_EDGE('',*,*,#969,.T.);
#1250=ORIENTED_EDGE('',*,*,#970,.T.);
#1251=ORIENTED_EDGE('',*,*,#971,.T.);
#1252=ORIENTED_EDGE('',*,*,#972,.T.);
#1253=ORIENTED_EDGE('',*,*,#943,.T.);
#1254=ORIENTED_EDGE('',*,*,#959,.T.);
#1255=ORIENTED_EDGE('',*,*,#957,.F.);
#1256=ORIENTED_EDGE('',*,*,#973,.T.);
#1257=ORIENTED_EDGE('',*,*,#974,.F.);
#1258=ORIENTED_EDGE('',*,*,#974,.T.);
#1259=ORIENTED_EDGE('',*,*,#975,.T.);
#1260=ORIENTED_EDGE('',*,*,#963,.T.);
#1261=ORIENTED_EDGE('',*,*,#976,.T.);
#1262=ORIENTED_EDGE('',*,*,#977,.F.);
#1263=ORIENTED_EDGE('',*,*,#978,.T.);
#1264=ORIENTED_EDGE('',*,*,#960,.T.);
#1265=ORIENTED_EDGE('',*,*,#951,.T.);
#1266=ORIENTED_EDGE('',*,*,#979,.T.);
#1267=ORIENTED_EDGE('',*,*,#980,.T.);
#1268=ORIENTED_EDGE('',*,*,#965,.T.);
#1269=ORIENTED_EDGE('',*,*,#953,.T.);
#1270=ORIENTED_EDGE('',*,*,#981,.T.);
#1271=ORIENTED_EDGE('',*,*,#982,.F.);
#1272=ORIENTED_EDGE('',*,*,#979,.F.);
#1273=ORIENTED_EDGE('',*,*,#950,.F.);
#1274=ORIENTED_EDGE('',*,*,#966,.F.);
#1275=ORIENTED_EDGE('',*,*,#980,.F.);
#1276=ORIENTED_EDGE('',*,*,#973,.F.);
#1277=ORIENTED_EDGE('',*,*,#956,.F.);
#1278=ORIENTED_EDGE('',*,*,#964,.F.);
#1279=ORIENTED_EDGE('',*,*,#975,.F.);
#1280=ORIENTED_EDGE('',*,*,#962,.F.);
#1281=ORIENTED_EDGE('',*,*,#983,.T.);
#1282=ORIENTED_EDGE('',*,*,#968,.F.);
#1283=ORIENTED_EDGE('',*,*,#976,.F.);
#1284=ORIENTED_EDGE('',*,*,#967,.F.);
#1285=ORIENTED_EDGE('',*,*,#947,.F.);
#1286=ORIENTED_EDGE('',*,*,#924,.T.);
#1287=ORIENTED_EDGE('',*,*,#984,.T.);
#1288=ORIENTED_EDGE('',*,*,#985,.T.);
#1289=ORIENTED_EDGE('',*,*,#986,.F.);
#1290=ORIENTED_EDGE('',*,*,#925,.T.);
#1291=ORIENTED_EDGE('',*,*,#986,.T.);
#1292=ORIENTED_EDGE('',*,*,#987,.F.);
#1293=ORIENTED_EDGE('',*,*,#988,.F.);
#1294=ORIENTED_EDGE('',*,*,#989,.F.);
#1295=ORIENTED_EDGE('',*,*,#990,.T.);
#1296=ORIENTED_EDGE('',*,*,#991,.T.);
#1297=ORIENTED_EDGE('',*,*,#977,.T.);
#1298=ORIENTED_EDGE('',*,*,#982,.T.);
#1299=ORIENTED_EDGE('',*,*,#981,.F.);
#1300=ORIENTED_EDGE('',*,*,#952,.T.);
#1301=ORIENTED_EDGE('',*,*,#940,.T.);
#1302=ORIENTED_EDGE('',*,*,#931,.T.);
#1303=ORIENTED_EDGE('',*,*,#945,.F.);
#1304=ORIENTED_EDGE('',*,*,#992,.T.);
#1305=ORIENTED_EDGE('',*,*,#984,.F.);
#1306=ORIENTED_EDGE('',*,*,#970,.F.);
#1307=ORIENTED_EDGE('',*,*,#993,.T.);
#1308=ORIENTED_EDGE('',*,*,#990,.F.);
#1309=ORIENTED_EDGE('',*,*,#994,.F.);
#1310=ORIENTED_EDGE('',*,*,#995,.T.);
#1311=ORIENTED_EDGE('',*,*,#988,.T.);
#1312=ORIENTED_EDGE('',*,*,#996,.F.);
#1313=ORIENTED_EDGE('',*,*,#972,.F.);
#1314=ORIENTED_EDGE('',*,*,#971,.F.);
#1315=ORIENTED_EDGE('',*,*,#994,.T.);
#1316=ORIENTED_EDGE('',*,*,#989,.T.);
#1317=ORIENTED_EDGE('',*,*,#995,.F.);
#1318=ORIENTED_EDGE('',*,*,#987,.T.);
#1319=ORIENTED_EDGE('',*,*,#985,.F.);
#1320=ORIENTED_EDGE('',*,*,#992,.F.);
#1321=ORIENTED_EDGE('',*,*,#944,.T.);
#1322=ORIENTED_EDGE('',*,*,#996,.T.);
#1323=ORIENTED_EDGE('',*,*,#961,.F.);
#1324=ORIENTED_EDGE('',*,*,#978,.F.);
#1325=ORIENTED_EDGE('',*,*,#991,.F.);
#1326=ORIENTED_EDGE('',*,*,#993,.F.);
#1327=ORIENTED_EDGE('',*,*,#969,.F.);
#1328=ORIENTED_EDGE('',*,*,#983,.F.);
#1329=ORIENTED_EDGE('',*,*,#997,.F.);
#1330=ORIENTED_EDGE('',*,*,#998,.F.);
#1331=ORIENTED_EDGE('',*,*,#999,.F.);
#1332=ORIENTED_EDGE('',*,*,#1000,.F.);
#1333=ORIENTED_EDGE('',*,*,#1001,.F.);
#1334=ORIENTED_EDGE('',*,*,#1002,.F.);
#1335=ORIENTED_EDGE('',*,*,#1003,.F.);
#1336=ORIENTED_EDGE('',*,*,#1004,.F.);
#1337=ORIENTED_EDGE('',*,*,#999,.T.);
#1338=ORIENTED_EDGE('',*,*,#1005,.F.);
#1339=ORIENTED_EDGE('',*,*,#1006,.T.);
#1340=ORIENTED_EDGE('',*,*,#1007,.T.);
#1341=ORIENTED_EDGE('',*,*,#1008,.F.);
#1342=ORIENTED_EDGE('',*,*,#1009,.T.);
#1343=ORIENTED_EDGE('',*,*,#998,.T.);
#1344=ORIENTED_EDGE('',*,*,#1010,.T.);
#1345=ORIENTED_EDGE('',*,*,#1011,.F.);
#1346=ORIENTED_EDGE('',*,*,#1005,.T.);
#1347=ORIENTED_EDGE('',*,*,#997,.T.);
#1348=ORIENTED_EDGE('',*,*,#1012,.T.);
#1349=ORIENTED_EDGE('',*,*,#1013,.F.);
#1350=ORIENTED_EDGE('',*,*,#1010,.F.);
#1351=ORIENTED_EDGE('',*,*,#1004,.T.);
#1352=ORIENTED_EDGE('',*,*,#1014,.F.);
#1353=ORIENTED_EDGE('',*,*,#1015,.F.);
#1354=ORIENTED_EDGE('',*,*,#1016,.T.);
#1355=ORIENTED_EDGE('',*,*,#1017,.F.);
#1356=ORIENTED_EDGE('',*,*,#1018,.F.);
#1357=ORIENTED_EDGE('',*,*,#1019,.F.);
#1358=ORIENTED_EDGE('',*,*,#1020,.F.);
#1359=ORIENTED_EDGE('',*,*,#1021,.T.);
#1360=ORIENTED_EDGE('',*,*,#1022,.T.);
#1361=ORIENTED_EDGE('',*,*,#1023,.T.);
#1362=ORIENTED_EDGE('',*,*,#1012,.F.);
#1363=ORIENTED_EDGE('',*,*,#1001,.T.);
#1364=ORIENTED_EDGE('',*,*,#1024,.T.);
#1365=ORIENTED_EDGE('',*,*,#1025,.T.);
#1366=ORIENTED_EDGE('',*,*,#1026,.T.);
#1367=ORIENTED_EDGE('',*,*,#1027,.T.);
#1368=ORIENTED_EDGE('',*,*,#1028,.F.);
#1369=ORIENTED_EDGE('',*,*,#1029,.F.);
#1370=ORIENTED_EDGE('',*,*,#1030,.T.);
#1371=ORIENTED_EDGE('',*,*,#1031,.T.);
#1372=ORIENTED_EDGE('',*,*,#1032,.F.);
#1373=ORIENTED_EDGE('',*,*,#1030,.F.);
#1374=ORIENTED_EDGE('',*,*,#1033,.T.);
#1375=ORIENTED_EDGE('',*,*,#1034,.F.);
#1376=ORIENTED_EDGE('',*,*,#1015,.T.);
#1377=ORIENTED_EDGE('',*,*,#1035,.F.);
#1378=ORIENTED_EDGE('',*,*,#1027,.F.);
#1379=ORIENTED_EDGE('',*,*,#1036,.T.);
#1380=ORIENTED_EDGE('',*,*,#1037,.T.);
#1381=ORIENTED_EDGE('',*,*,#1000,.T.);
#1382=ORIENTED_EDGE('',*,*,#1009,.F.);
#1383=ORIENTED_EDGE('',*,*,#1038,.F.);
#1384=ORIENTED_EDGE('',*,*,#1024,.F.);
#1385=ORIENTED_EDGE('',*,*,#1039,.T.);
#1386=ORIENTED_EDGE('',*,*,#1036,.F.);
#1387=ORIENTED_EDGE('',*,*,#1026,.F.);
#1388=ORIENTED_EDGE('',*,*,#1040,.F.);
#1389=ORIENTED_EDGE('',*,*,#1041,.F.);
#1390=ORIENTED_EDGE('',*,*,#1042,.F.);
#1391=ORIENTED_EDGE('',*,*,#1038,.T.);
#1392=ORIENTED_EDGE('',*,*,#1008,.T.);
#1393=ORIENTED_EDGE('',*,*,#1043,.T.);
#1394=ORIENTED_EDGE('',*,*,#1040,.T.);
#1395=ORIENTED_EDGE('',*,*,#1025,.F.);
#1396=ORIENTED_EDGE('',*,*,#1044,.T.);
#1397=ORIENTED_EDGE('',*,*,#1029,.T.);
#1398=ORIENTED_EDGE('',*,*,#1045,.F.);
#1399=ORIENTED_EDGE('',*,*,#1046,.F.);
#1400=ORIENTED_EDGE('',*,*,#1047,.T.);
#1401=ORIENTED_EDGE('',*,*,#1048,.F.);
#1402=ORIENTED_EDGE('',*,*,#1031,.F.);
#1403=ORIENTED_EDGE('',*,*,#1049,.F.);
#1404=ORIENTED_EDGE('',*,*,#1050,.T.);
#1405=ORIENTED_EDGE('',*,*,#1039,.F.);
#1406=ORIENTED_EDGE('',*,*,#1051,.F.);
#1407=ORIENTED_EDGE('',*,*,#1052,.F.);
#1408=ORIENTED_EDGE('',*,*,#1053,.T.);
#1409=ORIENTED_EDGE('',*,*,#1054,.F.);
#1410=ORIENTED_EDGE('',*,*,#1041,.T.);
#1411=ORIENTED_EDGE('',*,*,#1043,.F.);
#1412=ORIENTED_EDGE('',*,*,#1007,.F.);
#1413=ORIENTED_EDGE('',*,*,#1055,.F.);
#1414=ORIENTED_EDGE('',*,*,#1056,.F.);
#1415=ORIENTED_EDGE('',*,*,#1057,.F.);
#1416=ORIENTED_EDGE('',*,*,#1058,.F.);
#1417=ORIENTED_EDGE('',*,*,#1053,.F.);
#1418=ORIENTED_EDGE('',*,*,#1059,.F.);
#1419=ORIENTED_EDGE('',*,*,#1047,.F.);
#1420=ORIENTED_EDGE('',*,*,#1060,.F.);
#1421=ORIENTED_EDGE('',*,*,#1018,.T.);
#1422=ORIENTED_EDGE('',*,*,#1061,.F.);
#1423=ORIENTED_EDGE('',*,*,#1033,.F.);
#1424=ORIENTED_EDGE('',*,*,#1044,.F.);
#1425=ORIENTED_EDGE('',*,*,#1062,.F.);
#1426=ORIENTED_EDGE('',*,*,#1063,.F.);
#1427=ORIENTED_EDGE('',*,*,#1016,.F.);
#1428=ORIENTED_EDGE('',*,*,#1037,.F.);
#1429=ORIENTED_EDGE('',*,*,#1050,.F.);
#1430=ORIENTED_EDGE('',*,*,#1017,.T.);
#1431=ORIENTED_EDGE('',*,*,#1063,.T.);
#1432=ORIENTED_EDGE('',*,*,#1049,.T.);
#1433=ORIENTED_EDGE('',*,*,#1034,.T.);
#1434=ORIENTED_EDGE('',*,*,#1061,.T.);
#1435=ORIENTED_EDGE('',*,*,#1054,.T.);
#1436=ORIENTED_EDGE('',*,*,#1060,.T.);
#1437=ORIENTED_EDGE('',*,*,#1051,.T.);
#1438=ORIENTED_EDGE('',*,*,#1042,.T.);
#1439=ORIENTED_EDGE('',*,*,#1045,.T.);
#1440=ORIENTED_EDGE('',*,*,#1032,.T.);
#1441=ORIENTED_EDGE('',*,*,#1048,.T.);
#1442=ORIENTED_EDGE('',*,*,#1059,.T.);
#1443=ORIENTED_EDGE('',*,*,#1052,.T.);
#1444=ORIENTED_EDGE('',*,*,#1064,.F.);
#1445=ORIENTED_EDGE('',*,*,#1002,.T.);
#1446=ORIENTED_EDGE('',*,*,#1028,.T.);
#1447=ORIENTED_EDGE('',*,*,#1065,.T.);
#1448=ORIENTED_EDGE('',*,*,#1003,.T.);
#1449=ORIENTED_EDGE('',*,*,#1065,.F.);
#1450=ORIENTED_EDGE('',*,*,#1035,.T.);
#1451=ORIENTED_EDGE('',*,*,#1014,.T.);
#1452=ORIENTED_EDGE('',*,*,#1057,.T.);
#1453=ORIENTED_EDGE('',*,*,#1066,.T.);
#1454=ORIENTED_EDGE('',*,*,#1020,.T.);
#1455=ORIENTED_EDGE('',*,*,#1067,.F.);
#1456=ORIENTED_EDGE('',*,*,#1068,.F.);
#1457=ORIENTED_EDGE('',*,*,#1055,.T.);
#1458=ORIENTED_EDGE('',*,*,#1069,.T.);
#1459=ORIENTED_EDGE('',*,*,#1022,.F.);
#1460=ORIENTED_EDGE('',*,*,#1056,.T.);
#1461=ORIENTED_EDGE('',*,*,#1068,.T.);
#1462=ORIENTED_EDGE('',*,*,#1021,.F.);
#1463=ORIENTED_EDGE('',*,*,#1066,.F.);
#1464=ORIENTED_EDGE('',*,*,#1023,.F.);
#1465=ORIENTED_EDGE('',*,*,#1069,.F.);
#1466=ORIENTED_EDGE('',*,*,#1006,.F.);
#1467=ORIENTED_EDGE('',*,*,#1011,.T.);
#1468=ORIENTED_EDGE('',*,*,#1013,.T.);
#1469=ORIENTED_EDGE('',*,*,#1046,.T.);
#1470=ORIENTED_EDGE('',*,*,#1064,.T.);
#1471=ORIENTED_EDGE('',*,*,#1058,.T.);
#1472=ORIENTED_EDGE('',*,*,#1067,.T.);
#1473=ORIENTED_EDGE('',*,*,#1019,.T.);
#1474=ORIENTED_EDGE('',*,*,#1062,.T.);
#1475=ORIENTED_EDGE('',*,*,#1070,.F.);
#1476=ORIENTED_EDGE('',*,*,#1071,.T.);
#1477=ORIENTED_EDGE('',*,*,#1072,.F.);
#1478=ORIENTED_EDGE('',*,*,#1071,.F.);
#1479=ORIENTED_EDGE('',*,*,#1073,.F.);
#1480=ORIENTED_EDGE('',*,*,#1074,.T.);
#1481=ORIENTED_EDGE('',*,*,#1075,.F.);
#1482=ORIENTED_EDGE('',*,*,#1074,.F.);
#1483=ORIENTED_EDGE('',*,*,#1076,.F.);
#1484=ORIENTED_EDGE('',*,*,#1077,.F.);
#1485=ORIENTED_EDGE('',*,*,#1078,.F.);
#1486=ORIENTED_EDGE('',*,*,#1079,.F.);
#1487=ORIENTED_EDGE('',*,*,#1080,.F.);
#1488=ORIENTED_EDGE('',*,*,#1081,.F.);
#1489=ORIENTED_EDGE('',*,*,#1082,.F.);
#1490=ORIENTED_EDGE('',*,*,#1083,.F.);
#1491=ORIENTED_EDGE('',*,*,#1079,.T.);
#1492=ORIENTED_EDGE('',*,*,#1084,.F.);
#1493=ORIENTED_EDGE('',*,*,#1082,.T.);
#1494=ORIENTED_EDGE('',*,*,#1085,.T.);
#1495=ORIENTED_EDGE('',*,*,#1072,.T.);
#1496=ORIENTED_EDGE('',*,*,#1075,.T.);
#1497=ORIENTED_EDGE('',*,*,#1076,.T.);
#1498=ORIENTED_EDGE('',*,*,#1085,.F.);
#1499=ORIENTED_EDGE('',*,*,#1081,.T.);
#1500=ORIENTED_EDGE('',*,*,#1086,.T.);
#1501=ORIENTED_EDGE('',*,*,#1077,.T.);
#1502=ORIENTED_EDGE('',*,*,#1086,.F.);
#1503=ORIENTED_EDGE('',*,*,#1080,.T.);
#1504=ORIENTED_EDGE('',*,*,#1087,.T.);
#1505=ORIENTED_EDGE('',*,*,#1070,.T.);
#1506=ORIENTED_EDGE('',*,*,#1073,.T.);
#1507=ORIENTED_EDGE('',*,*,#1078,.T.);
#1508=ORIENTED_EDGE('',*,*,#1087,.F.);
#1509=ORIENTED_EDGE('',*,*,#1083,.T.);
#1510=ORIENTED_EDGE('',*,*,#1084,.T.);
#1511=ORIENTED_EDGE('',*,*,#1088,.F.);
#1512=ORIENTED_EDGE('',*,*,#1089,.F.);
#1513=ORIENTED_EDGE('',*,*,#1090,.F.);
#1514=ORIENTED_EDGE('',*,*,#1091,.F.);
#1515=ORIENTED_EDGE('',*,*,#1092,.F.);
#1516=ORIENTED_EDGE('',*,*,#1093,.F.);
#1517=ORIENTED_EDGE('',*,*,#1094,.F.);
#1518=ORIENTED_EDGE('',*,*,#1095,.F.);
#1519=ORIENTED_EDGE('',*,*,#1091,.T.);
#1520=ORIENTED_EDGE('',*,*,#1096,.F.);
#1521=ORIENTED_EDGE('',*,*,#1094,.T.);
#1522=ORIENTED_EDGE('',*,*,#1097,.T.);
#1523=ORIENTED_EDGE('',*,*,#1088,.T.);
#1524=ORIENTED_EDGE('',*,*,#1097,.F.);
#1525=ORIENTED_EDGE('',*,*,#1093,.T.);
#1526=ORIENTED_EDGE('',*,*,#1098,.T.);
#1527=ORIENTED_EDGE('',*,*,#1099,.T.);
#1528=ORIENTED_EDGE('',*,*,#1100,.T.);
#1529=ORIENTED_EDGE('',*,*,#1089,.T.);
#1530=ORIENTED_EDGE('',*,*,#1098,.F.);
#1531=ORIENTED_EDGE('',*,*,#1092,.T.);
#1532=ORIENTED_EDGE('',*,*,#1101,.T.);
#1533=ORIENTED_EDGE('',*,*,#1090,.T.);
#1534=ORIENTED_EDGE('',*,*,#1101,.F.);
#1535=ORIENTED_EDGE('',*,*,#1095,.T.);
#1536=ORIENTED_EDGE('',*,*,#1096,.T.);
#1537=ORIENTED_EDGE('',*,*,#1102,.T.);
#1538=ORIENTED_EDGE('',*,*,#1103,.T.);
#1539=ORIENTED_EDGE('',*,*,#1100,.F.);
#1540=ORIENTED_EDGE('',*,*,#1104,.T.);
#1541=ORIENTED_EDGE('',*,*,#1103,.F.);
#1542=ORIENTED_EDGE('',*,*,#1104,.F.);
#1543=ORIENTED_EDGE('',*,*,#1099,.F.);
#1544=ORIENTED_EDGE('',*,*,#1105,.T.);
#1545=ORIENTED_EDGE('',*,*,#1102,.F.);
#1546=ORIENTED_EDGE('',*,*,#1105,.F.);
#1547=ORIENTED_EDGE('',*,*,#1106,.T.);
#1548=ORIENTED_EDGE('',*,*,#1107,.F.);
#1549=ORIENTED_EDGE('',*,*,#1108,.T.);
#1550=ORIENTED_EDGE('',*,*,#1109,.T.);
#1551=ORIENTED_EDGE('',*,*,#1110,.T.);
#1552=ORIENTED_EDGE('',*,*,#1111,.F.);
#1553=ORIENTED_EDGE('',*,*,#1112,.T.);
#1554=ORIENTED_EDGE('',*,*,#1107,.T.);
#1555=ORIENTED_EDGE('',*,*,#1113,.T.);
#1556=ORIENTED_EDGE('',*,*,#1114,.F.);
#1557=ORIENTED_EDGE('',*,*,#1115,.T.);
#1558=ORIENTED_EDGE('',*,*,#1111,.T.);
#1559=ORIENTED_EDGE('',*,*,#1116,.T.);
#1560=ORIENTED_EDGE('',*,*,#1109,.F.);
#1561=ORIENTED_EDGE('',*,*,#1117,.T.);
#1562=ORIENTED_EDGE('',*,*,#1114,.T.);
#1563=ORIENTED_EDGE('',*,*,#1112,.F.);
#1564=ORIENTED_EDGE('',*,*,#1115,.F.);
#1565=ORIENTED_EDGE('',*,*,#1117,.F.);
#1566=ORIENTED_EDGE('',*,*,#1108,.F.);
#1567=ORIENTED_EDGE('',*,*,#1113,.F.);
#1568=ORIENTED_EDGE('',*,*,#1110,.F.);
#1569=ORIENTED_EDGE('',*,*,#1106,.F.);
#1570=ORIENTED_EDGE('',*,*,#1116,.F.);
#1571=ORIENTED_EDGE('',*,*,#1118,.T.);
#1572=ORIENTED_EDGE('',*,*,#1119,.T.);
#1573=ORIENTED_EDGE('',*,*,#1120,.F.);
#1574=ORIENTED_EDGE('',*,*,#1121,.F.);
#1575=ORIENTED_EDGE('',*,*,#1122,.T.);
#1576=ORIENTED_EDGE('',*,*,#1121,.T.);
#1577=ORIENTED_EDGE('',*,*,#1123,.F.);
#1578=ORIENTED_EDGE('',*,*,#1124,.F.);
#1579=ORIENTED_EDGE('',*,*,#1125,.T.);
#1580=ORIENTED_EDGE('',*,*,#1124,.T.);
#1581=ORIENTED_EDGE('',*,*,#1126,.F.);
#1582=ORIENTED_EDGE('',*,*,#1127,.F.);
#1583=ORIENTED_EDGE('',*,*,#1128,.T.);
#1584=ORIENTED_EDGE('',*,*,#1127,.T.);
#1585=ORIENTED_EDGE('',*,*,#1129,.F.);
#1586=ORIENTED_EDGE('',*,*,#1130,.F.);
#1587=ORIENTED_EDGE('',*,*,#1131,.T.);
#1588=ORIENTED_EDGE('',*,*,#1130,.T.);
#1589=ORIENTED_EDGE('',*,*,#1132,.F.);
#1590=ORIENTED_EDGE('',*,*,#1133,.F.);
#1591=ORIENTED_EDGE('',*,*,#1134,.T.);
#1592=ORIENTED_EDGE('',*,*,#1133,.T.);
#1593=ORIENTED_EDGE('',*,*,#1135,.F.);
#1594=ORIENTED_EDGE('',*,*,#1119,.F.);
#1595=ORIENTED_EDGE('',*,*,#1135,.T.);
#1596=ORIENTED_EDGE('',*,*,#1132,.T.);
#1597=ORIENTED_EDGE('',*,*,#1129,.T.);
#1598=ORIENTED_EDGE('',*,*,#1126,.T.);
#1599=ORIENTED_EDGE('',*,*,#1123,.T.);
#1600=ORIENTED_EDGE('',*,*,#1120,.T.);
#1601=ORIENTED_EDGE('',*,*,#1134,.F.);
#1602=ORIENTED_EDGE('',*,*,#1118,.F.);
#1603=ORIENTED_EDGE('',*,*,#1122,.F.);
#1604=ORIENTED_EDGE('',*,*,#1125,.F.);
#1605=ORIENTED_EDGE('',*,*,#1128,.F.);
#1606=ORIENTED_EDGE('',*,*,#1131,.F.);
#1607=ORIENTED_EDGE('',*,*,#1136,.F.);
#1608=ORIENTED_EDGE('',*,*,#1137,.F.);
#1609=ORIENTED_EDGE('',*,*,#1138,.F.);
#1610=ORIENTED_EDGE('',*,*,#1139,.F.);
#1611=ORIENTED_EDGE('',*,*,#1136,.T.);
#1612=ORIENTED_EDGE('',*,*,#1140,.T.);
#1613=ORIENTED_EDGE('',*,*,#1141,.T.);
#1614=ORIENTED_EDGE('',*,*,#1142,.T.);
#1615=ORIENTED_EDGE('',*,*,#1139,.T.);
#1616=ORIENTED_EDGE('',*,*,#1143,.T.);
#1617=ORIENTED_EDGE('',*,*,#1144,.T.);
#1618=ORIENTED_EDGE('',*,*,#1140,.F.);
#1619=ORIENTED_EDGE('',*,*,#1137,.T.);
#1620=ORIENTED_EDGE('',*,*,#1142,.F.);
#1621=ORIENTED_EDGE('',*,*,#1145,.F.);
#1622=ORIENTED_EDGE('',*,*,#1146,.T.);
#1623=ORIENTED_EDGE('',*,*,#1147,.T.);
#1624=ORIENTED_EDGE('',*,*,#1145,.T.);
#1625=ORIENTED_EDGE('',*,*,#1141,.F.);
#1626=ORIENTED_EDGE('',*,*,#1144,.F.);
#1627=ORIENTED_EDGE('',*,*,#1138,.T.);
#1628=ORIENTED_EDGE('',*,*,#1146,.F.);
#1629=ORIENTED_EDGE('',*,*,#1147,.F.);
#1630=ORIENTED_EDGE('',*,*,#1143,.F.);
#1631=ORIENTED_EDGE('',*,*,#1148,.F.);
#1632=ORIENTED_EDGE('',*,*,#1149,.F.);
#1633=ORIENTED_EDGE('',*,*,#1150,.F.);
#1634=ORIENTED_EDGE('',*,*,#1151,.F.);
#1635=ORIENTED_EDGE('',*,*,#1152,.T.);
#1636=ORIENTED_EDGE('',*,*,#1153,.F.);
#1637=ORIENTED_EDGE('',*,*,#1154,.T.);
#1638=ORIENTED_EDGE('',*,*,#1148,.T.);
#1639=ORIENTED_EDGE('',*,*,#1155,.T.);
#1640=ORIENTED_EDGE('',*,*,#1153,.T.);
#1641=ORIENTED_EDGE('',*,*,#1156,.T.);
#1642=ORIENTED_EDGE('',*,*,#1157,.T.);
#1643=ORIENTED_EDGE('',*,*,#1158,.T.);
#1644=ORIENTED_EDGE('',*,*,#1159,.T.);
#1645=ORIENTED_EDGE('',*,*,#1160,.F.);
#1646=ORIENTED_EDGE('',*,*,#1161,.T.);
#1647=ORIENTED_EDGE('',*,*,#1151,.T.);
#1648=ORIENTED_EDGE('',*,*,#1162,.T.);
#1649=ORIENTED_EDGE('',*,*,#1163,.F.);
#1650=ORIENTED_EDGE('',*,*,#1164,.T.);
#1651=ORIENTED_EDGE('',*,*,#1160,.T.);
#1652=ORIENTED_EDGE('',*,*,#1165,.T.);
#1653=ORIENTED_EDGE('',*,*,#1161,.F.);
#1654=ORIENTED_EDGE('',*,*,#1164,.F.);
#1655=ORIENTED_EDGE('',*,*,#1166,.F.);
#1656=ORIENTED_EDGE('',*,*,#1167,.F.);
#1657=ORIENTED_EDGE('',*,*,#1168,.F.);
#1658=ORIENTED_EDGE('',*,*,#1162,.F.);
#1659=ORIENTED_EDGE('',*,*,#1159,.F.);
#1660=ORIENTED_EDGE('',*,*,#1150,.T.);
#1661=ORIENTED_EDGE('',*,*,#1169,.T.);
#1662=ORIENTED_EDGE('',*,*,#1170,.F.);
#1663=ORIENTED_EDGE('',*,*,#1171,.T.);
#1664=ORIENTED_EDGE('',*,*,#1166,.T.);
#1665=ORIENTED_EDGE('',*,*,#1163,.T.);
#1666=ORIENTED_EDGE('',*,*,#1168,.T.);
#1667=ORIENTED_EDGE('',*,*,#1172,.T.);
#1668=ORIENTED_EDGE('',*,*,#1157,.F.);
#1669=ORIENTED_EDGE('',*,*,#1173,.T.);
#1670=ORIENTED_EDGE('',*,*,#1170,.T.);
#1671=ORIENTED_EDGE('',*,*,#1165,.F.);
#1672=ORIENTED_EDGE('',*,*,#1171,.F.);
#1673=ORIENTED_EDGE('',*,*,#1173,.F.);
#1674=ORIENTED_EDGE('',*,*,#1156,.F.);
#1675=ORIENTED_EDGE('',*,*,#1155,.F.);
#1676=ORIENTED_EDGE('',*,*,#1152,.F.);
#1677=ORIENTED_EDGE('',*,*,#1169,.F.);
#1678=ORIENTED_EDGE('',*,*,#1167,.T.);
#1679=ORIENTED_EDGE('',*,*,#1149,.T.);
#1680=ORIENTED_EDGE('',*,*,#1154,.F.);
#1681=ORIENTED_EDGE('',*,*,#1158,.F.);
#1682=ORIENTED_EDGE('',*,*,#1172,.F.);
#1683=ORIENTED_EDGE('',*,*,#1174,.F.);
#1684=ORIENTED_EDGE('',*,*,#1175,.F.);
#1685=ORIENTED_EDGE('',*,*,#1176,.F.);
#1686=ORIENTED_EDGE('',*,*,#1176,.T.);
#1687=ORIENTED_EDGE('',*,*,#1177,.F.);
#1688=ORIENTED_EDGE('',*,*,#1178,.F.);
#1689=ORIENTED_EDGE('',*,*,#1179,.T.);
#1690=ORIENTED_EDGE('',*,*,#1175,.T.);
#1691=ORIENTED_EDGE('',*,*,#1180,.F.);
#1692=ORIENTED_EDGE('',*,*,#1181,.F.);
#1693=ORIENTED_EDGE('',*,*,#1177,.T.);
#1694=ORIENTED_EDGE('',*,*,#1174,.T.);
#1695=ORIENTED_EDGE('',*,*,#1179,.F.);
#1696=ORIENTED_EDGE('',*,*,#1182,.F.);
#1697=ORIENTED_EDGE('',*,*,#1180,.T.);
#1698=ORIENTED_EDGE('',*,*,#1178,.T.);
#1699=ORIENTED_EDGE('',*,*,#1181,.T.);
#1700=ORIENTED_EDGE('',*,*,#1182,.T.);
#1701=PLANE('',#1926);
#1702=PLANE('',#1927);
#1703=PLANE('',#1929);
#1704=PLANE('',#1930);
#1705=PLANE('',#1931);
#1706=PLANE('',#1932);
#1707=PLANE('',#1934);
#1708=PLANE('',#1936);
#1709=PLANE('',#1937);
#1710=PLANE('',#1940);
#1711=PLANE('',#1948);
#1712=PLANE('',#1949);
#1713=PLANE('',#1952);
#1714=PLANE('',#1956);
#1715=PLANE('',#1957);
#1716=PLANE('',#1960);
#1717=PLANE('',#1963);
#1718=PLANE('',#1964);
#1719=PLANE('',#1966);
#1720=PLANE('',#1967);
#1721=PLANE('',#1968);
#1722=PLANE('',#1970);
#1723=PLANE('',#1972);
#1724=PLANE('',#1973);
#1725=PLANE('',#1977);
#1726=PLANE('',#1978);
#1727=PLANE('',#1980);
#1728=PLANE('',#1981);
#1729=PLANE('',#1983);
#1730=PLANE('',#1986);
#1731=PLANE('',#1994);
#1732=PLANE('',#1995);
#1733=PLANE('',#1997);
#1734=PLANE('',#2001);
#1735=PLANE('',#2002);
#1736=PLANE('',#2004);
#1737=PLANE('',#2005);
#1738=PLANE('',#2007);
#1739=PLANE('',#2014);
#1740=PLANE('',#2015);
#1741=PLANE('',#2016);
#1742=PLANE('',#2017);
#1743=PLANE('',#2018);
#1744=PLANE('',#2019);
#1745=PLANE('',#2020);
#1746=PLANE('',#2021);
#1747=PLANE('',#2022);
#1748=PLANE('',#2023);
#1749=PLANE('',#2026);
#1750=PLANE('',#2027);
#1751=PLANE('',#2032);
#1752=PLANE('',#2033);
#1753=PLANE('',#2034);
#1754=PLANE('',#2035);
#1755=PLANE('',#2036);
#1756=PLANE('',#2037);
#1757=PLANE('',#2038);
#1758=PLANE('',#2039);
#1759=PLANE('',#2040);
#1760=PLANE('',#2041);
#1761=PLANE('',#2042);
#1762=PLANE('',#2043);
#1763=PLANE('',#2044);
#1764=PLANE('',#2045);
#1765=PLANE('',#2046);
#1766=PLANE('',#2047);
#1767=PLANE('',#2048);
#1768=PLANE('',#2049);
#1769=PLANE('',#2050);
#1770=PLANE('',#2051);
#1771=PLANE('',#2052);
#1772=PLANE('',#2053);
#1773=PLANE('',#2054);
#1774=PLANE('',#2055);
#1775=PLANE('',#2056);
#1776=PLANE('',#2057);
#1777=PLANE('',#2058);
#1778=PLANE('',#2059);
#1779=PLANE('',#2060);
#1780=PLANE('',#2061);
#1781=PLANE('',#2062);
#1782=PLANE('',#2063);
#1783=PLANE('',#2064);
#1784=PLANE('',#2065);
#1785=PLANE('',#2066);
#1786=PLANE('',#2067);
#1787=ADVANCED_FACE('',(#133),#1701,.F.);
#1788=ADVANCED_FACE('',(#134),#1702,.T.);
#1789=ADVANCED_FACE('',(#135),#1703,.T.);
#1790=ADVANCED_FACE('',(#136),#1704,.F.);
#1791=ADVANCED_FACE('',(#137),#1705,.F.);
#1792=ADVANCED_FACE('',(#138),#1706,.T.);
#1793=ADVANCED_FACE('',(#139),#1707,.F.);
#1794=ADVANCED_FACE('',(#140),#71,.T.);
#1795=ADVANCED_FACE('',(#141),#1708,.F.);
#1796=ADVANCED_FACE('',(#142),#1709,.T.);
#1797=ADVANCED_FACE('',(#143),#69,.T.);
#1798=ADVANCED_FACE('',(#144),#1710,.T.);
#1799=ADVANCED_FACE('',(#145),#51,.F.);
#1800=ADVANCED_FACE('',(#146),#52,.T.);
#1801=ADVANCED_FACE('',(#147),#1711,.T.);
#1802=ADVANCED_FACE('',(#148),#1712,.F.);
#1803=ADVANCED_FACE('',(#149),#53,.F.);
#1804=ADVANCED_FACE('',(#150),#1713,.F.);
#1805=ADVANCED_FACE('',(#151),#54,.T.);
#1806=ADVANCED_FACE('',(#152),#55,.T.);
#1807=ADVANCED_FACE('',(#153),#1714,.F.);
#1808=ADVANCED_FACE('',(#154),#1715,.T.);
#1809=ADVANCED_FACE('',(#155),#1716,.F.);
#1810=ADVANCED_FACE('',(#156),#56,.T.);
#1811=ADVANCED_FACE('',(#157),#1717,.F.);
#1812=ADVANCED_FACE('',(#158),#1718,.F.);
#1813=ADVANCED_FACE('',(#159),#57,.F.);
#1814=ADVANCED_FACE('',(#160),#1719,.F.);
#1815=ADVANCED_FACE('',(#161),#1720,.F.);
#1816=ADVANCED_FACE('',(#162),#1721,.F.);
#1817=ADVANCED_FACE('',(#163),#1722,.T.);
#1818=ADVANCED_FACE('',(#164),#1723,.T.);
#1819=ADVANCED_FACE('',(#165),#1724,.F.);
#1820=ADVANCED_FACE('',(#166),#1725,.F.);
#1821=ADVANCED_FACE('',(#167),#1726,.T.);
#1822=ADVANCED_FACE('',(#168),#72,.F.);
#1823=ADVANCED_FACE('',(#169),#1727,.T.);
#1824=ADVANCED_FACE('',(#170),#1728,.F.);
#1825=ADVANCED_FACE('',(#171),#1729,.F.);
#1826=ADVANCED_FACE('',(#172),#70,.T.);
#1827=ADVANCED_FACE('',(#173),#1730,.F.);
#1828=ADVANCED_FACE('',(#174),#58,.F.);
#1829=ADVANCED_FACE('',(#175),#59,.T.);
#1830=ADVANCED_FACE('',(#176),#1731,.F.);
#1831=ADVANCED_FACE('',(#177),#1732,.T.);
#1832=ADVANCED_FACE('',(#178),#60,.F.);
#1833=ADVANCED_FACE('',(#179),#1733,.T.);
#1834=ADVANCED_FACE('',(#180),#61,.T.);
#1835=ADVANCED_FACE('',(#181),#62,.T.);
#1836=ADVANCED_FACE('',(#182),#1734,.T.);
#1837=ADVANCED_FACE('',(#183),#1735,.T.);
#1838=ADVANCED_FACE('',(#184),#63,.T.);
#1839=ADVANCED_FACE('',(#185),#1736,.T.);
#1840=ADVANCED_FACE('',(#186),#1737,.T.);
#1841=ADVANCED_FACE('',(#187),#64,.F.);
#1842=ADVANCED_FACE('',(#188),#1738,.T.);
#1843=ADVANCED_FACE('',(#189),#65,.F.);
#1844=ADVANCED_FACE('',(#190),#66,.F.);
#1845=ADVANCED_FACE('',(#191),#1739,.T.);
#1846=ADVANCED_FACE('',(#192),#1740,.F.);
#1847=ADVANCED_FACE('',(#193,#25,#26),#1741,.T.);
#1848=ADVANCED_FACE('',(#194),#1742,.T.);
#1849=ADVANCED_FACE('',(#195,#27,#28),#1743,.T.);
#1850=ADVANCED_FACE('',(#196),#1744,.T.);
#1851=ADVANCED_FACE('',(#197),#1745,.T.);
#1852=ADVANCED_FACE('',(#198),#1746,.F.);
#1853=ADVANCED_FACE('',(#199),#1747,.T.);
#1854=ADVANCED_FACE('',(#200,#29,#30),#1748,.T.);
#1855=ADVANCED_FACE('',(#201),#1749,.T.);
#1856=ADVANCED_FACE('',(#202,#31,#32),#1750,.T.);
#1857=ADVANCED_FACE('',(#203),#67,.F.);
#1858=ADVANCED_FACE('',(#204),#68,.F.);
#1859=ADVANCED_FACE('',(#205),#1751,.T.);
#1860=ADVANCED_FACE('',(#206),#1752,.T.);
#1861=ADVANCED_FACE('',(#207),#1753,.T.);
#1862=ADVANCED_FACE('',(#208),#1754,.T.);
#1863=ADVANCED_FACE('',(#209),#1755,.F.);
#1864=ADVANCED_FACE('',(#210),#1756,.T.);
#1865=ADVANCED_FACE('',(#211),#1757,.T.);
#1866=ADVANCED_FACE('',(#212),#1758,.T.);
#1867=ADVANCED_FACE('',(#213),#1759,.T.);
#1868=ADVANCED_FACE('',(#214),#1760,.T.);
#1869=ADVANCED_FACE('',(#215),#1761,.T.);
#1870=ADVANCED_FACE('',(#216),#1762,.T.);
#1871=ADVANCED_FACE('',(#217),#1763,.T.);
#1872=ADVANCED_FACE('',(#218),#1764,.F.);
#1873=ADVANCED_FACE('',(#219),#1765,.F.);
#1874=ADVANCED_FACE('',(#220),#1766,.T.);
#1875=ADVANCED_FACE('',(#221),#1767,.T.);
#1876=ADVANCED_FACE('',(#222),#1768,.T.);
#1877=ADVANCED_FACE('',(#223),#1769,.T.);
#1878=ADVANCED_FACE('',(#224),#1770,.F.);
#1879=ADVANCED_FACE('',(#225),#1771,.T.);
#1880=ADVANCED_FACE('',(#226),#1772,.F.);
#1881=ADVANCED_FACE('',(#227),#1773,.T.);
#1882=ADVANCED_FACE('',(#228),#1774,.T.);
#1883=ADVANCED_FACE('',(#229),#1775,.T.);
#1884=ADVANCED_FACE('',(#230),#1776,.F.);
#1885=ADVANCED_FACE('',(#231),#1777,.T.);
#1886=ADVANCED_FACE('',(#232),#1778,.T.);
#1887=ADVANCED_FACE('',(#233),#1779,.T.);
#1888=ADVANCED_FACE('',(#234),#1780,.F.);
#1889=ADVANCED_FACE('',(#235),#1781,.T.);
#1890=ADVANCED_FACE('',(#236),#1782,.F.);
#1891=ADVANCED_FACE('',(#237),#1783,.T.);
#1892=ADVANCED_FACE('',(#238),#1784,.T.);
#1893=ADVANCED_FACE('',(#239),#1785,.T.);
#1894=ADVANCED_FACE('',(#240),#1786,.T.);
#1895=CLOSED_SHELL('',(#1787,#1788,#1789,#1790,#1791,#1792,#1793,#1794,
#1795,#1796,#1797,#1798,#1799,#1800,#1801,#1802,#1803,#1804,#1805,#1806,
#1807,#1808,#1809,#1810,#1811,#1812,#1813,#1814));
#1896=CLOSED_SHELL('',(#1815,#1816,#1817,#1818,#1819,#1820,#1821,#1822,
#1823,#1824,#1825,#1826,#1827,#1828,#1829,#1830,#1831,#1832,#1833,#1834,
#1835,#1836,#1837,#1838,#1839,#1840,#1841,#1842));
#1897=CLOSED_SHELL('',(#1843,#1844,#1845,#1846,#1847,#1848,#1849,#1850));
#1898=CLOSED_SHELL('',(#1851,#1852,#1853,#1854,#1855,#1856,#1857,#1858));
#1899=CLOSED_SHELL('',(#1859,#1860,#1861,#1862,#1863,#1864));
#1900=CLOSED_SHELL('',(#1865,#1866,#1867,#1868,#1869,#1870,#1871,#1872));
#1901=CLOSED_SHELL('',(#1873,#1874,#1875,#1876,#1877,#1878));
#1902=CLOSED_SHELL('',(#1879,#1880,#1881,#1882,#1883,#1884,#1885,#1886,
#1887,#1888,#1889));
#1903=CLOSED_SHELL('',(#1890,#1891,#1892,#1893,#1894));
#1904=DERIVED_UNIT_ELEMENT(#1907,1.);
#1905=DERIVED_UNIT_ELEMENT(#3337,-3.);
#1906=DIMENSIONAL_EXPONENTS(0.,1.,0.,0.,0.,0.,0.);
#1907=(
CONVERSION_BASED_UNIT('gram',#1909)
MASS_UNIT()
NAMED_UNIT(#1906)
);
#1908=(
MASS_UNIT()
NAMED_UNIT(*)
SI_UNIT(.KILO.,.GRAM.)
);
#1909=MASS_MEASURE_WITH_UNIT(MASS_MEASURE(0.001),#1908);
#1910=DERIVED_UNIT((#1904,#1905));
#1911=MEASURE_REPRESENTATION_ITEM('density measure',
POSITIVE_RATIO_MEASURE(1.),#1910);
#1912=PROPERTY_DEFINITION_REPRESENTATION(#1917,#1914);
#1913=PROPERTY_DEFINITION_REPRESENTATION(#1918,#1915);
#1914=REPRESENTATION('material name',(#1916),#3334);
#1915=REPRESENTATION('density',(#1911),#3334);
#1916=DESCRIPTIVE_REPRESENTATION_ITEM('\X2\4E00822C\X0\','\X2\4E00822C\X0\');
#1917=PROPERTY_DEFINITION('material property','material name',#3344);
#1918=PROPERTY_DEFINITION('material property','density of part',#3344);
#1919=DATE_TIME_ROLE('creation_date');
#1920=APPLIED_DATE_AND_TIME_ASSIGNMENT(#1921,#1919,(#3344));
#1921=DATE_AND_TIME(#1922,#1923);
#1922=CALENDAR_DATE(2025,8,4);
#1923=LOCAL_TIME(11,29,12.,#1924);
#1924=COORDINATED_UNIVERSAL_TIME_OFFSET(0,0,.BEHIND.);
#1925=AXIS2_PLACEMENT_3D('',#2553,#2068,#2069);
#1926=AXIS2_PLACEMENT_3D('',#2554,#2070,#2071);
#1927=AXIS2_PLACEMENT_3D('',#2571,#2080,#2081);
#1928=AXIS2_PLACEMENT_3D('',#2575,#2083,#2084);
#1929=AXIS2_PLACEMENT_3D('',#2577,#2086,#2087);
#1930=AXIS2_PLACEMENT_3D('',#2587,#2091,#2092);
#1931=AXIS2_PLACEMENT_3D('',#2589,#2094,#2095);
#1932=AXIS2_PLACEMENT_3D('',#2593,#2098,#2099);
#1933=AXIS2_PLACEMENT_3D('',#2601,#2101,#2102);
#1934=AXIS2_PLACEMENT_3D('',#2603,#2104,#2105);
#1935=AXIS2_PLACEMENT_3D('',#2608,#2107,#2108);
#1936=AXIS2_PLACEMENT_3D('',#2635,#2111,#2112);
#1937=AXIS2_PLACEMENT_3D('',#2641,#2116,#2117);
#1938=AXIS2_PLACEMENT_3D('',#2651,#2121,#2122);
#1939=AXIS2_PLACEMENT_3D('',#2652,#2123,#2124);
#1940=AXIS2_PLACEMENT_3D('',#2653,#2125,#2126);
#1941=AXIS2_PLACEMENT_3D('',#2659,#2130,#2131);
#1942=AXIS2_PLACEMENT_3D('',#2662,#2132,#2133);
#1943=AXIS2_PLACEMENT_3D('',#2726,#2134,#2135);
#1944=AXIS2_PLACEMENT_3D('',#2740,#2136,#2137);
#1945=AXIS2_PLACEMENT_3D('',#2755,#2138,#2139);
#1946=AXIS2_PLACEMENT_3D('',#2756,#2140,#2141);
#1947=AXIS2_PLACEMENT_3D('',#2768,#2142,#2143);
#1948=AXIS2_PLACEMENT_3D('',#2769,#2144,#2145);
#1949=AXIS2_PLACEMENT_3D('',#2772,#2148,#2149);
#1950=AXIS2_PLACEMENT_3D('',#2778,#2153,#2154);
#1951=AXIS2_PLACEMENT_3D('',#2781,#2156,#2157);
#1952=AXIS2_PLACEMENT_3D('',#2782,#2158,#2159);
#1953=AXIS2_PLACEMENT_3D('',#2784,#2161,#2162);
#1954=AXIS2_PLACEMENT_3D('',#2785,#2163,#2164);
#1955=AXIS2_PLACEMENT_3D('',#2786,#2165,#2166);
#1956=AXIS2_PLACEMENT_3D('',#2787,#2167,#2168);
#1957=AXIS2_PLACEMENT_3D('',#2793,#2172,#2173);
#1958=AXIS2_PLACEMENT_3D('',#2795,#2174,#2175);
#1959=AXIS2_PLACEMENT_3D('',#2801,#2178,#2179);
#1960=AXIS2_PLACEMENT_3D('',#2803,#2181,#2182);
#1961=AXIS2_PLACEMENT_3D('',#2804,#2183,#2184);
#1962=AXIS2_PLACEMENT_3D('',#2805,#2185,#2186);
#1963=AXIS2_PLACEMENT_3D('',#2808,#2189,#2190);
#1964=AXIS2_PLACEMENT_3D('',#2811,#2193,#2194);
#1965=AXIS2_PLACEMENT_3D('',#2812,#2195,#2196);
#1966=AXIS2_PLACEMENT_3D('',#2813,#2197,#2198);
#1967=AXIS2_PLACEMENT_3D('',#2814,#2199,#2200);
#1968=AXIS2_PLACEMENT_3D('',#2831,#2209,#2210);
#1969=AXIS2_PLACEMENT_3D('',#2835,#2212,#2213);
#1970=AXIS2_PLACEMENT_3D('',#2843,#2216,#2217);
#1971=AXIS2_PLACEMENT_3D('',#2846,#2219,#2220);
#1972=AXIS2_PLACEMENT_3D('',#2847,#2221,#2222);
#1973=AXIS2_PLACEMENT_3D('',#2851,#2225,#2226);
#1974=AXIS2_PLACEMENT_3D('',#2857,#2229,#2230);
#1975=AXIS2_PLACEMENT_3D('',#2865,#2234,#2235);
#1976=AXIS2_PLACEMENT_3D('',#2870,#2238,#2239);
#1977=AXIS2_PLACEMENT_3D('',#2871,#2240,#2241);
#1978=AXIS2_PLACEMENT_3D('',#2883,#2246,#2247);
#1979=AXIS2_PLACEMENT_3D('',#2897,#2250,#2251);
#1980=AXIS2_PLACEMENT_3D('',#2915,#2253,#2254);
#1981=AXIS2_PLACEMENT_3D('',#2920,#2258,#2259);
#1982=AXIS2_PLACEMENT_3D('',#2921,#2260,#2261);
#1983=AXIS2_PLACEMENT_3D('',#2922,#2262,#2263);
#1984=AXIS2_PLACEMENT_3D('',#2932,#2267,#2268);
#1985=AXIS2_PLACEMENT_3D('',#2933,#2269,#2270);
#1986=AXIS2_PLACEMENT_3D('',#2934,#2271,#2272);
#1987=AXIS2_PLACEMENT_3D('',#2940,#2276,#2277);
#1988=AXIS2_PLACEMENT_3D('',#2943,#2278,#2279);
#1989=AXIS2_PLACEMENT_3D('',#3007,#2280,#2281);
#1990=AXIS2_PLACEMENT_3D('',#3021,#2282,#2283);
#1991=AXIS2_PLACEMENT_3D('',#3033,#2284,#2285);
#1992=AXIS2_PLACEMENT_3D('',#3035,#2286,#2287);
#1993=AXIS2_PLACEMENT_3D('',#3049,#2288,#2289);
#1994=AXIS2_PLACEMENT_3D('',#3050,#2290,#2291);
#1995=AXIS2_PLACEMENT_3D('',#3053,#2294,#2295);
#1996=AXIS2_PLACEMENT_3D('',#3056,#2298,#2299);
#1997=AXIS2_PLACEMENT_3D('',#3058,#2301,#2302);
#1998=AXIS2_PLACEMENT_3D('',#3059,#2303,#2304);
#1999=AXIS2_PLACEMENT_3D('',#3060,#2305,#2306);
#2000=AXIS2_PLACEMENT_3D('',#3061,#2307,#2308);
#2001=AXIS2_PLACEMENT_3D('',#3062,#2309,#2310);
#2002=AXIS2_PLACEMENT_3D('',#3064,#2312,#2313);
#2003=AXIS2_PLACEMENT_3D('',#3065,#2314,#2315);
#2004=AXIS2_PLACEMENT_3D('',#3068,#2318,#2319);
#2005=AXIS2_PLACEMENT_3D('',#3071,#2322,#2323);
#2006=AXIS2_PLACEMENT_3D('',#3072,#2324,#2325);
#2007=AXIS2_PLACEMENT_3D('',#3073,#2326,#2327);
#2008=AXIS2_PLACEMENT_3D('',#3074,#2328,#2329);
#2009=AXIS2_PLACEMENT_3D('',#3076,#2330,#2331);
#2010=AXIS2_PLACEMENT_3D('',#3079,#2333,#2334);
#2011=AXIS2_PLACEMENT_3D('',#3080,#2335,#2336);
#2012=AXIS2_PLACEMENT_3D('',#3082,#2337,#2338);
#2013=AXIS2_PLACEMENT_3D('',#3085,#2340,#2341);
#2014=AXIS2_PLACEMENT_3D('',#3086,#2342,#2343);
#2015=AXIS2_PLACEMENT_3D('',#3095,#2348,#2349);
#2016=AXIS2_PLACEMENT_3D('',#3104,#2354,#2355);
#2017=AXIS2_PLACEMENT_3D('',#3107,#2358,#2359);
#2018=AXIS2_PLACEMENT_3D('',#3109,#2361,#2362);
#2019=AXIS2_PLACEMENT_3D('',#3111,#2364,#2365);
#2020=AXIS2_PLACEMENT_3D('',#3112,#2366,#2367);
#2021=AXIS2_PLACEMENT_3D('',#3121,#2372,#2373);
#2022=AXIS2_PLACEMENT_3D('',#3130,#2378,#2379);
#2023=AXIS2_PLACEMENT_3D('',#3133,#2382,#2383);
#2024=AXIS2_PLACEMENT_3D('',#3136,#2385,#2386);
#2025=AXIS2_PLACEMENT_3D('',#3138,#2387,#2388);
#2026=AXIS2_PLACEMENT_3D('',#3139,#2389,#2390);
#2027=AXIS2_PLACEMENT_3D('',#3141,#2392,#2393);
#2028=AXIS2_PLACEMENT_3D('',#3143,#2394,#2395);
#2029=AXIS2_PLACEMENT_3D('',#3145,#2396,#2397);
#2030=AXIS2_PLACEMENT_3D('',#3146,#2398,#2399);
#2031=AXIS2_PLACEMENT_3D('',#3148,#2401,#2402);
#2032=AXIS2_PLACEMENT_3D('',#3150,#2404,#2405);
#2033=AXIS2_PLACEMENT_3D('',#3159,#2410,#2411);
#2034=AXIS2_PLACEMENT_3D('',#3165,#2415,#2416);
#2035=AXIS2_PLACEMENT_3D('',#3171,#2420,#2421);
#2036=AXIS2_PLACEMENT_3D('',#3174,#2424,#2425);
#2037=AXIS2_PLACEMENT_3D('',#3175,#2426,#2427);
#2038=AXIS2_PLACEMENT_3D('',#3176,#2428,#2429);
#2039=AXIS2_PLACEMENT_3D('',#3185,#2434,#2435);
#2040=AXIS2_PLACEMENT_3D('',#3191,#2439,#2440);
#2041=AXIS2_PLACEMENT_3D('',#3197,#2444,#2445);
#2042=AXIS2_PLACEMENT_3D('',#3203,#2449,#2450);
#2043=AXIS2_PLACEMENT_3D('',#3209,#2454,#2455);
#2044=AXIS2_PLACEMENT_3D('',#3212,#2458,#2459);
#2045=AXIS2_PLACEMENT_3D('',#3213,#2460,#2461);
#2046=AXIS2_PLACEMENT_3D('',#3214,#2462,#2463);
#2047=AXIS2_PLACEMENT_3D('',#3223,#2468,#2469);
#2048=AXIS2_PLACEMENT_3D('',#3229,#2473,#2474);
#2049=AXIS2_PLACEMENT_3D('',#3233,#2477,#2478);
#2050=AXIS2_PLACEMENT_3D('',#3237,#2481,#2482);
#2051=AXIS2_PLACEMENT_3D('',#3239,#2484,#2485);
#2052=AXIS2_PLACEMENT_3D('',#3240,#2486,#2487);
#2053=AXIS2_PLACEMENT_3D('',#3251,#2493,#2494);
#2054=AXIS2_PLACEMENT_3D('',#3257,#2498,#2499);
#2055=AXIS2_PLACEMENT_3D('',#3263,#2503,#2504);
#2056=AXIS2_PLACEMENT_3D('',#3269,#2508,#2509);
#2057=AXIS2_PLACEMENT_3D('',#3275,#2513,#2514);
#2058=AXIS2_PLACEMENT_3D('',#3279,#2517,#2518);
#2059=AXIS2_PLACEMENT_3D('',#3283,#2521,#2522);
#2060=AXIS2_PLACEMENT_3D('',#3289,#2526,#2527);
#2061=AXIS2_PLACEMENT_3D('',#3292,#2530,#2531);
#2062=AXIS2_PLACEMENT_3D('',#3293,#2532,#2533);
#2063=AXIS2_PLACEMENT_3D('',#3294,#2534,#2535);
#2064=AXIS2_PLACEMENT_3D('',#3301,#2539,#2540);
#2065=AXIS2_PLACEMENT_3D('',#3307,#2544,#2545);
#2066=AXIS2_PLACEMENT_3D('',#3311,#2548,#2549);
#2067=AXIS2_PLACEMENT_3D('',#3313,#2551,#2552);
#2068=DIRECTION('axis',(0.,0.,1.));
#2069=DIRECTION('refdir',(1.,0.,0.));
#2070=DIRECTION('center_axis',(-0.996194698091746,0.,0.0871557427476526));
#2071=DIRECTION('ref_axis',(-0.0871557427476526,0.,-0.996194698091746));
#2072=DIRECTION('',(0.0871557427476526,3.65184218158051E-17,0.996194698091746));
#2073=DIRECTION('',(-1.81429335612658E-18,-1.,-2.07374679530805E-17));
#2074=DIRECTION('',(-0.0871557427476526,-5.54901557615353E-16,-0.996194698091746));
#2075=DIRECTION('',(1.81429335612658E-18,1.,2.07374679530805E-17));
#2076=DIRECTION('',(-0.0871557427476526,-1.13603811522549E-16,-0.996194698091746));
#2077=DIRECTION('',(0.,1.,0.));
#2078=DIRECTION('',(0.0871541315397454,0.00608052080509852,0.996176281901096));
#2079=DIRECTION('',(1.81429335612658E-18,1.,2.07374679530805E-17));
#2080=DIRECTION('center_axis',(0.,0.,1.));
#2081=DIRECTION('ref_axis',(1.,0.,0.));
#2082=DIRECTION('',(-0.992602145245472,-0.121412442748208,0.));
#2083=DIRECTION('center_axis',(0.,0.,1.));
#2084=DIRECTION('ref_axis',(1.,0.,0.));
#2085=DIRECTION('',(0.997575100836221,0.0695982628490387,0.));
#2086=DIRECTION('center_axis',(-0.121405593760131,0.992546151641322,0.0106216131426443));
#2087=DIRECTION('ref_axis',(0.,-0.0107007668976048,0.999942745154843));
#2088=DIRECTION('',(-0.988769213876451,-0.121869343405148,0.0865060970576232));
#2089=DIRECTION('',(-0.0871557427476517,0.,-0.996194698091746));
#2090=DIRECTION('',(0.,0.010700766897605,-0.999942745154843));
#2091=DIRECTION('center_axis',(-0.0871557427476521,2.08166817117217E-17,
-0.996194698091746));
#2092=DIRECTION('ref_axis',(-0.996194698091746,0.,0.0871557427476521));
#2093=DIRECTION('',(0.672685844962426,0.737583995692985,-0.0588523855485655));
#2094=DIRECTION('center_axis',(0.734777265906677,-0.675255395607892,-0.0642846809834031));
#2095=DIRECTION('ref_axis',(-0.0871557427476521,0.,-0.996194698091746));
#2096=DIRECTION('',(0.672685844962426,0.737583995692985,-0.0588523855485655));
#2097=DIRECTION('',(-0.0871557427476517,0.,-0.996194698091746));
#2098=DIRECTION('center_axis',(0.0695982628490387,-0.997575100836221,0.));
#2099=DIRECTION('ref_axis',(0.,0.,-1.));
#2100=DIRECTION('',(0.,0.,1.));
#2101=DIRECTION('center_axis',(0.0697223380288707,-0.99756643660435,-1.18442927580588E-5));
#2102=DIRECTION('ref_axis',(0.993089151015183,0.0694105333185174,-0.0946367581882508));
#2103=DIRECTION('',(0.993797309955966,0.0693346960434395,-0.0869459984636998));
#2104=DIRECTION('center_axis',(0.747124462400395,-0.664684163857483,0.));
#2105=DIRECTION('ref_axis',(0.,0.,-1.));
#2106=DIRECTION('',(0.,0.,-1.));
#2107=DIRECTION('center_axis',(0.747124462400395,-0.664684163857483,0.));
#2108=DIRECTION('ref_axis',(-0.664684163857483,-0.747124462400395,0.));
#2109=DIRECTION('',(0.,0.,-1.));
#2110=DIRECTION('',(0.,1.,0.));
#2111=DIRECTION('center_axis',(0.996194698091746,0.,-0.0871557427476517));
#2112=DIRECTION('ref_axis',(-0.0871557427476517,0.,-0.996194698091746));
#2113=DIRECTION('',(0.,1.,0.));
#2114=DIRECTION('',(0.0871557427476515,0.,0.996194698091746));
#2115=DIRECTION('',(0.,-1.,0.));
#2116=DIRECTION('center_axis',(-1.,0.,0.));
#2117=DIRECTION('ref_axis',(0.,0.,1.));
#2118=DIRECTION('',(0.,0.,-1.));
#2119=DIRECTION('',(0.,-1.,0.));
#2120=DIRECTION('',(0.,0.,-1.));
#2121=DIRECTION('center_axis',(0.,0.,-1.));
#2122=DIRECTION('ref_axis',(0.944665990397451,0.328033788787684,0.));
#2123=DIRECTION('center_axis',(0.,0.,1.));
#2124=DIRECTION('ref_axis',(1.,0.,0.));
#2125=DIRECTION('center_axis',(-1.,0.,0.));
#2126=DIRECTION('ref_axis',(0.,0.,1.));
#2127=DIRECTION('',(0.,1.,0.));
#2128=DIRECTION('',(0.,-0.0107007668976037,-0.999942745154843));
#2129=DIRECTION('',(0.,-1.,0.));
#2130=DIRECTION('center_axis',(0.,0.,-1.));
#2131=DIRECTION('ref_axis',(0.999927742586824,0.0120212147979489,0.));
#2132=DIRECTION('center_axis',(0.,0.,1.));
#2133=DIRECTION('ref_axis',(1.,0.,0.));
#2134=DIRECTION('center_axis',(0.,0.,-1.));
#2135=DIRECTION('ref_axis',(0.999990338424573,0.00439579998492517,0.));
#2136=DIRECTION('center_axis',(0.121405593760118,0.992546151641324,-0.0106216131426432));
#2137=DIRECTION('ref_axis',(-0.00128959599757465,-0.0105430359913552,-0.999943589076028));
#2138=DIRECTION('center_axis',(-0.996194698091746,0.,0.0871557427476522));
#2139=DIRECTION('ref_axis',(-0.0871557427476522,0.,-0.996194698091746));
#2140=DIRECTION('center_axis',(-0.0648580786602986,0.997878365044017,0.0056743466208484));
#2141=DIRECTION('ref_axis',(-0.000368033144532638,0.00566239888899211,-0.999983900765621));
#2142=DIRECTION('center_axis',(0.,0.,1.));
#2143=DIRECTION('ref_axis',(1.,0.,0.));
#2144=DIRECTION('center_axis',(0.,0.,1.));
#2145=DIRECTION('ref_axis',(1.,0.,0.));
#2146=DIRECTION('',(0.,-1.,0.));
#2147=DIRECTION('',(0.,-1.,0.));
#2148=DIRECTION('center_axis',(0.996194698091746,0.,-0.0871557427476517));
#2149=DIRECTION('ref_axis',(-0.0871557427476517,0.,-0.996194698091746));
#2150=DIRECTION('',(0.,1.,0.));
#2151=DIRECTION('',(0.0871557427476517,-5.94823692012045E-16,0.996194698091746));
#2152=DIRECTION('',(-0.0871557427476517,5.74312530218526E-16,-0.996194698091746));
#2153=DIRECTION('center_axis',(0.0871557427476515,0.,0.996194698091746));
#2154=DIRECTION('ref_axis',(0.996194698091746,0.,-0.0871557427476514));
#2155=DIRECTION('',(0.0871557427476514,0.,0.996194698091746));
#2156=DIRECTION('center_axis',(-0.0871557427476521,2.08166817117217E-17,
-0.996194698091746));
#2157=DIRECTION('ref_axis',(-0.996194698091746,0.,0.0871557427476521));
#2158=DIRECTION('center_axis',(0.70441602640276,-0.707106781186546,-0.0616284167162147));
#2159=DIRECTION('ref_axis',(-0.0871557427476515,0.,-0.996194698091746));
#2160=DIRECTION('',(0.704416026402754,0.707106781186553,-0.0616284167162113));
#2161=DIRECTION('center_axis',(0.,-1.,0.));
#2162=DIRECTION('ref_axis',(0.,0.,-1.));
#2163=DIRECTION('center_axis',(0.,-1.,0.));
#2164=DIRECTION('ref_axis',(0.,0.,-1.));
#2165=DIRECTION('center_axis',(0.121405593760118,0.992546151641324,-0.0106216131426432));
#2166=DIRECTION('ref_axis',(0.988769213876453,-0.121869343405135,-0.0865060970576232));
#2167=DIRECTION('center_axis',(-0.0695969726500648,0.99755660798426,0.00608894612260403));
#2168=DIRECTION('ref_axis',(0.,-0.00610374654307545,0.999981371965567));
#2169=DIRECTION('',(-0.993760603920306,-0.0698628217790968,0.0869427871016967));
#2170=DIRECTION('',(-0.0871557427476523,0.,-0.996194698091746));
#2171=DIRECTION('',(-0.993760603920306,-0.0698628217790968,0.0869427871016966));
#2172=DIRECTION('center_axis',(-0.0871557427476521,2.08166817117217E-17,
-0.996194698091746));
#2173=DIRECTION('ref_axis',(-0.996194698091746,0.,0.0871557427476521));
#2174=DIRECTION('center_axis',(-0.0871557427476521,2.08166817117217E-17,
-0.996194698091746));
#2175=DIRECTION('ref_axis',(-0.996194698091746,1.1617897384059E-16,0.0871557427476521));
#2176=DIRECTION('',(0.99408113659731,0.0651058259841545,-0.0869708300772258));
#2177=DIRECTION('',(0.,1.,0.));
#2178=DIRECTION('center_axis',(-0.0871557427476522,3.46944695195361E-17,
-0.996194698091746));
#2179=DIRECTION('ref_axis',(-0.996194698091746,0.,0.0871557427476521));
#2180=DIRECTION('',(0.988769213876453,-0.121869343405136,-0.0865060970576144));
#2181=DIRECTION('center_axis',(-0.0871557427476521,2.08166817117217E-17,
-0.996194698091746));
#2182=DIRECTION('ref_axis',(-0.996194698091746,0.,0.0871557427476521));
#2183=DIRECTION('center_axis',(-0.0871557427476521,2.08166817117217E-17,
-0.996194698091746));
#2184=DIRECTION('ref_axis',(-0.996194698091746,1.1617897384059E-16,0.0871557427476521));
#2185=DIRECTION('center_axis',(-0.0871557427476522,2.08166817117217E-17,
-0.996194698091746));
#2186=DIRECTION('ref_axis',(-0.996194698091746,0.,0.0871557427476521));
#2187=DIRECTION('',(-0.0871557427476521,3.2290119375556E-17,-0.996194698091746));
#2188=DIRECTION('',(-0.0871557427476522,2.39806104467357E-17,-0.996194698091746));
#2189=DIRECTION('center_axis',(-0.0648580786602986,0.997878365044017,0.0056743466208484));
#2190=DIRECTION('ref_axis',(0.,-0.00568631917583879,0.999983832756425));
#2191=DIRECTION('',(-0.0871557427476522,1.14094496923052E-17,-0.996194698091746));
#2192=DIRECTION('',(-0.0871557427476522,3.03403404133938E-17,-0.996194698091746));
#2193=DIRECTION('center_axis',(-0.996194698091746,0.,0.0871557427476522));
#2194=DIRECTION('ref_axis',(0.0871557427476522,0.,0.996194698091746));
#2195=DIRECTION('center_axis',(0.0871557427476526,0.,0.996194698091746));
#2196=DIRECTION('ref_axis',(0.657678375111352,-0.751098110848712,-0.0575394020683896));
#2197=DIRECTION('center_axis',(0.121405593760118,0.992546151641324,-0.0106216131426432));
#2198=DIRECTION('ref_axis',(0.,0.0107007668976037,0.999942745154843));
#2199=DIRECTION('center_axis',(0.996194698091746,0.,-0.0871557427476517));
#2200=DIRECTION('ref_axis',(0.0871557427476517,0.,0.996194698091746));
#2201=DIRECTION('',(-0.0871557427476517,3.39099631146762E-17,-0.996194698091746));
#2202=DIRECTION('',(-1.81429335612656E-18,-1.,-2.07374679530805E-17));
#2203=DIRECTION('',(-0.0871541315397445,-0.00608052080509845,-0.996176281901096));
#2204=DIRECTION('',(0.,-1.,0.));
#2205=DIRECTION('',(0.0871557427476517,-8.7387547325038E-18,0.996194698091746));
#2206=DIRECTION('',(-1.81429335612656E-18,-1.,-2.07374679530805E-17));
#2207=DIRECTION('',(0.0871557427476517,-5.54901557615353E-16,0.996194698091746));
#2208=DIRECTION('',(1.81429335612656E-18,1.,2.07374679530805E-17));
#2209=DIRECTION('center_axis',(0.068540908849915,0.997575100836221,-0.0120856115125187));
#2210=DIRECTION('ref_axis',(-0.173648177666917,0.,-0.98480775301221));
#2211=DIRECTION('',(-0.993797309955966,0.0693346960434395,0.086945998463699));
#2212=DIRECTION('center_axis',(0.0686651557888231,0.99756643660435,-0.0120954925900531));
#2213=DIRECTION('ref_axis',(-0.994435395951761,0.0694105333185174,0.0792491081508416));
#2214=DIRECTION('',(0.173648177666917,0.,0.98480775301221));
#2215=DIRECTION('',(-0.982419693515448,0.0695982628490387,0.173227098346101));
#2216=DIRECTION('center_axis',(0.0871557427476512,-2.08166817117217E-17,
0.996194698091746));
#2217=DIRECTION('ref_axis',(0.996194698091746,0.,-0.0871557427476512));
#2218=DIRECTION('',(0.993760603920306,-0.0698628217790968,-0.0869427871016957));
#2219=DIRECTION('center_axis',(0.0871557427476512,-2.08166817117217E-17,
0.996194698091746));
#2220=DIRECTION('ref_axis',(0.996194698091746,1.1617897384059E-16,-0.0871557427476512));
#2221=DIRECTION('center_axis',(-0.0695969726500648,-0.99755660798426,0.00608894612260397));
#2222=DIRECTION('ref_axis',(0.173644942942685,-0.00610374654307545,0.984789407979477));
#2223=DIRECTION('',(0.993760603920306,-0.0698628217790968,-0.0869427871016958));
#2224=DIRECTION('',(-0.0871557427476511,0.,-0.996194698091746));
#2225=DIRECTION('center_axis',(0.0871557427476512,-2.08166817117217E-17,
0.996194698091746));
#2226=DIRECTION('ref_axis',(0.996194698091746,0.,-0.0871557427476512));
#2227=DIRECTION('',(-0.672685844962426,0.737583995692985,0.0588523855485649));
#2228=DIRECTION('',(0.,1.,0.));
#2229=DIRECTION('center_axis',(0.0871557427476512,-2.08166817117217E-17,
0.996194698091746));
#2230=DIRECTION('ref_axis',(0.996194698091746,0.,-0.0871557427476512));
#2231=DIRECTION('',(-0.704416026402753,0.707106781186553,0.0616284167162172));
#2232=DIRECTION('',(0.,1.,0.));
#2233=DIRECTION('',(-0.988769213876452,-0.121869343405136,0.0865060970576313));
#2234=DIRECTION('center_axis',(0.0871557427476512,-3.46944695195361E-17,
0.996194698091746));
#2235=DIRECTION('ref_axis',(0.996194698091746,0.,-0.0871557427476512));
#2236=DIRECTION('',(0.,1.,0.));
#2237=DIRECTION('',(-0.99408113659731,0.0651058259841545,0.0869708300772215));
#2238=DIRECTION('center_axis',(0.0871557427476512,-2.08166817117217E-17,
0.996194698091746));
#2239=DIRECTION('ref_axis',(0.996194698091746,1.1617897384059E-16,-0.0871557427476512));
#2240=DIRECTION('center_axis',(-0.121405593760131,-0.992546151641322,0.0106216131426443));
#2241=DIRECTION('ref_axis',(0.173638235467393,-0.0107007668976048,0.984751367996802));
#2242=DIRECTION('',(0.977522288294293,-0.121412442748208,-0.172363553670149));
#2243=DIRECTION('',(-0.173638235467393,0.010700766897605,-0.984751367996802));
#2244=DIRECTION('',(-0.0871557427476517,0.,-0.996194698091746));
#2245=DIRECTION('',(0.988769213876451,-0.121869343405148,-0.0865060970576223));
#2246=DIRECTION('center_axis',(0.735773963036988,0.664684163857483,-0.129736801386204));
#2247=DIRECTION('ref_axis',(-0.173648177666917,0.,-0.98480775301221));
#2248=DIRECTION('',(-0.173648177666917,0.,-0.98480775301221));
#2249=DIRECTION('',(-0.173648177666918,0.,-0.98480775301221));
#2250=DIRECTION('center_axis',(0.735773963036988,0.664684163857483,-0.129736801386204));
#2251=DIRECTION('ref_axis',(0.654586117871287,-0.747124462400395,-0.115421193777911));
#2252=DIRECTION('',(0.,1.,0.));
#2253=DIRECTION('center_axis',(0.996194698091746,0.,-0.0871557427476517));
#2254=DIRECTION('ref_axis',(-0.0871557427476517,0.,-0.996194698091746));
#2255=DIRECTION('',(-0.0871557427476516,0.,-0.996194698091746));
#2256=DIRECTION('',(0.,-1.,0.));
#2257=DIRECTION('',(0.0871557427476519,0.,0.996194698091746));
#2258=DIRECTION('center_axis',(-0.173648177666918,0.,-0.98480775301221));
#2259=DIRECTION('ref_axis',(-0.98480775301221,0.,0.173648177666917));
#2260=DIRECTION('center_axis',(-0.173648177666918,0.,-0.98480775301221));
#2261=DIRECTION('ref_axis',(-0.98480775301221,0.,0.173648177666917));
#2262=DIRECTION('center_axis',(-0.98480775301221,0.,0.173648177666918));
#2263=DIRECTION('ref_axis',(0.173648177666917,0.,0.98480775301221));
#2264=DIRECTION('',(-0.173648177666918,0.,-0.98480775301221));
#2265=DIRECTION('',(-0.173648177666917,0.,-0.98480775301221));
#2266=DIRECTION('',(0.,-1.,0.));
#2267=DIRECTION('center_axis',(-0.173648177666918,0.,-0.98480775301221));
#2268=DIRECTION('ref_axis',(-0.930314391350368,0.328033788787683,0.164039527736431));
#2269=DIRECTION('center_axis',(-0.173648177666918,0.,-0.98480775301221));
#2270=DIRECTION('ref_axis',(-0.98480775301221,0.,0.173648177666917));
#2271=DIRECTION('center_axis',(-0.98480775301221,0.,0.173648177666918));
#2272=DIRECTION('ref_axis',(0.173648177666917,0.,0.98480775301221));
#2273=DIRECTION('',(0.,1.,0.));
#2274=DIRECTION('',(0.,-1.,0.));
#2275=DIRECTION('',(-0.173638235467393,-0.0107007668976037,-0.984751367996802));
#2276=DIRECTION('center_axis',(0.173648177666918,0.,0.98480775301221));
#2277=DIRECTION('ref_axis',(-0.984736593351502,0.0120212147979489,0.173635630298797));
#2278=DIRECTION('center_axis',(-0.173648177666918,0.,-0.98480775301221));
#2279=DIRECTION('ref_axis',(-0.98480775301221,0.,0.173648177666918));
#2280=DIRECTION('center_axis',(0.173648177666918,0.,0.98480775301221));
#2281=DIRECTION('ref_axis',(-0.984798238217824,0.00439579998492339,0.173646499951951));
#2282=DIRECTION('center_axis',(-0.173648177666918,0.,-0.98480775301221));
#2283=DIRECTION('ref_axis',(-0.98480775301221,0.,0.173648177666917));
#2284=DIRECTION('center_axis',(-0.0648580786602986,-0.997878365044017,0.0056743466208483));
#2285=DIRECTION('ref_axis',(-0.173282940170104,0.00566239888899211,-0.984855806646245));
#2286=DIRECTION('center_axis',(-0.996194698091746,0.,0.0871557427476512));
#2287=DIRECTION('ref_axis',(-0.0871557427476512,0.,-0.996194698091746));
#2288=DIRECTION('center_axis',(0.121405593760118,-0.992546151641324,-0.0106216131426432));
#2289=DIRECTION('ref_axis',(-0.172368377876104,-0.0105430359913552,-0.984976135091833));
#2290=DIRECTION('center_axis',(-0.173648177666918,0.,-0.98480775301221));
#2291=DIRECTION('ref_axis',(-0.98480775301221,0.,0.173648177666917));
#2292=DIRECTION('',(0.,-1.,0.));
#2293=DIRECTION('',(0.,-1.,0.));
#2294=DIRECTION('center_axis',(0.996194698091746,0.,-0.0871557427476517));
#2295=DIRECTION('ref_axis',(-0.0871557427476517,0.,-0.996194698091746));
#2296=DIRECTION('',(-0.0871557427476517,5.74312530218526E-16,-0.996194698091746));
#2297=DIRECTION('',(0.0871557427476517,-5.94823692012045E-16,0.996194698091746));
#2298=DIRECTION('center_axis',(-0.0871557427476519,0.,-0.996194698091746));
#2299=DIRECTION('ref_axis',(-0.996194698091746,0.,0.0871557427476519));
#2300=DIRECTION('',(0.0871557427476519,0.,0.996194698091746));
#2301=DIRECTION('center_axis',(0.70441602640276,0.707106781186546,-0.061628416716215));
#2302=DIRECTION('ref_axis',(-0.0871557427476519,0.,-0.996194698091746));
#2303=DIRECTION('center_axis',(0.,1.,0.));
#2304=DIRECTION('ref_axis',(-0.173648177666918,0.,-0.98480775301221));
#2305=DIRECTION('center_axis',(0.,1.,0.));
#2306=DIRECTION('ref_axis',(-0.173648177666918,0.,-0.98480775301221));
#2307=DIRECTION('center_axis',(0.121405593760118,-0.992546151641324,-0.0106216131426432));
#2308=DIRECTION('ref_axis',(-0.988769213876453,-0.121869343405135,0.0865060970576226));
#2309=DIRECTION('center_axis',(0.0871557427476512,-2.08166817117217E-17,
0.996194698091746));
#2310=DIRECTION('ref_axis',(0.996194698091746,0.,-0.0871557427476512));
#2311=DIRECTION('',(-0.672685844962426,0.737583995692985,0.0588523855485649));
#2312=DIRECTION('center_axis',(0.734777265906677,0.675255395607892,-0.0642846809834025));
#2313=DIRECTION('ref_axis',(-0.0871557427476513,0.,-0.996194698091746));
#2314=DIRECTION('center_axis',(0.0871557427476512,-2.08166817117217E-17,
0.996194698091746));
#2315=DIRECTION('ref_axis',(0.996194698091746,0.,-0.0871557427476512));
#2316=DIRECTION('',(-0.0871557427476512,2.39806104467357E-17,-0.996194698091746));
#2317=DIRECTION('',(-0.0871557427476512,3.2290119375556E-17,-0.996194698091746));
#2318=DIRECTION('center_axis',(-0.0648580786602986,-0.997878365044017,0.0056743466208483));
#2319=DIRECTION('ref_axis',(0.173645370254533,-0.00568631917583879,0.984791831385393));
#2320=DIRECTION('',(-0.0871557427476512,1.14094496923052E-17,-0.996194698091746));
#2321=DIRECTION('',(-0.0871557427476512,3.03403404133938E-17,-0.996194698091746));
#2322=DIRECTION('center_axis',(-0.996194698091746,0.,0.0871557427476512));
#2323=DIRECTION('ref_axis',(0.0871557427476512,0.,0.996194698091746));
#2324=DIRECTION('center_axis',(-0.0871557427476508,0.,-0.996194698091746));
#2325=DIRECTION('ref_axis',(-0.657678375111352,-0.751098110848712,0.0575394020683889));
#2326=DIRECTION('center_axis',(0.121405593760118,-0.992546151641324,-0.0106216131426432));
#2327=DIRECTION('ref_axis',(0.173638235467393,0.0107007668976037,0.984751367996802));
#2328=DIRECTION('center_axis',(0.996194698091746,-4.16333634234434E-17,
-0.0871557427476519));
#2329=DIRECTION('ref_axis',(-0.0841859828293632,-0.258819045102521,-0.962250186899059));
#2330=DIRECTION('center_axis',(-0.996194698091746,3.81639164714897E-17,
0.0871557427476519));
#2331=DIRECTION('ref_axis',(-0.0841859828293632,-0.258819045102521,-0.962250186899059));
#2332=DIRECTION('',(-0.996194698091746,4.16333634234434E-17,0.0871557427476519));
#2333=DIRECTION('center_axis',(0.996194698091746,-8.32667268468867E-17,
-0.087155742747652));
#2334=DIRECTION('ref_axis',(-0.0841859828293632,-0.258819045102521,-0.962250186899059));
#2335=DIRECTION('center_axis',(0.996194698091746,-4.16333634234434E-17,
-0.0871557427476519));
#2336=DIRECTION('ref_axis',(-0.0841859828293632,-0.258819045102521,-0.962250186899059));
#2337=DIRECTION('center_axis',(-0.996194698091746,3.81639164714897E-17,
0.0871557427476519));
#2338=DIRECTION('ref_axis',(-0.0841859828293632,-0.258819045102521,-0.962250186899059));
#2339=DIRECTION('',(-0.996194698091746,4.16333634234434E-17,0.0871557427476519));
#2340=DIRECTION('center_axis',(0.996194698091746,-8.32667268468867E-17,
-0.087155742747652));
#2341=DIRECTION('ref_axis',(-0.0841859828293632,-0.258819045102521,-0.962250186899059));
#2342=DIRECTION('center_axis',(-0.0225575661131482,0.965925826289068,-0.2578341604963));
#2343=DIRECTION('ref_axis',(0.,0.257899784197095,0.966171672794795));
#2344=DIRECTION('',(-0.996194698091746,2.08166817117217E-17,0.0871557427476518));
#2345=DIRECTION('',(0.0841859828293631,0.258819045102521,0.962250186899059));
#2346=DIRECTION('',(0.996194698091746,-6.93889390390723E-18,-0.0871557427476517));
#2347=DIRECTION('',(-0.0841859828293633,-0.258819045102521,-0.962250186899059));
#2348=DIRECTION('center_axis',(-0.0225575661131482,0.965925826289068,-0.2578341604963));
#2349=DIRECTION('ref_axis',(0.,0.257899784197095,0.966171672794795));
#2350=DIRECTION('',(-0.0841859828293631,-0.258819045102521,-0.962250186899059));
#2351=DIRECTION('',(0.996194698091746,-1.73472347597681E-17,-0.0871557427476518));
#2352=DIRECTION('',(0.0841859828293633,0.258819045102521,0.962250186899059));
#2353=DIRECTION('',(-0.996194698091746,0.,0.0871557427476518));
#2354=DIRECTION('center_axis',(-0.996194698091746,8.32667268468867E-17,
0.087155742747652));
#2355=DIRECTION('ref_axis',(0.0841859828293633,0.258819045102521,0.962250186899059));
#2356=DIRECTION('',(-0.0225575661131482,0.965925826289068,-0.2578341604963));
#2357=DIRECTION('',(-0.0225575661131482,0.965925826289068,-0.2578341604963));
#2358=DIRECTION('center_axis',(0.0841859828293631,0.258819045102521,0.962250186899059));
#2359=DIRECTION('ref_axis',(0.996194698091746,-1.73472347597681E-17,-0.0871557427476518));
#2360=DIRECTION('',(-0.0225575661131482,0.965925826289068,-0.2578341604963));
#2361=DIRECTION('center_axis',(0.996194698091746,-3.81639164714897E-17,
-0.0871557427476519));
#2362=DIRECTION('ref_axis',(-0.0841859828293631,-0.258819045102521,-0.962250186899059));
#2363=DIRECTION('',(-0.0225575661131482,0.965925826289068,-0.2578341604963));
#2364=DIRECTION('center_axis',(-0.084185982829363,-0.258819045102521,-0.962250186899059));
#2365=DIRECTION('ref_axis',(-0.996194698091746,0.,0.0871557427476518));
#2366=DIRECTION('center_axis',(-0.0225575661131482,0.965925826289068,-0.2578341604963));
#2367=DIRECTION('ref_axis',(0.,0.257899784197095,0.966171672794795));
#2368=DIRECTION('',(0.0841859828293629,0.258819045102521,0.962250186899059));
#2369=DIRECTION('',(0.996194698091746,-6.93889390390723E-18,-0.0871557427476517));
#2370=DIRECTION('',(-0.0841859828293629,-0.258819045102521,-0.962250186899059));
#2371=DIRECTION('',(-0.996194698091746,-9.36750677027475E-17,0.0871557427476514));
#2372=DIRECTION('center_axis',(-0.0225575661131482,0.965925826289068,-0.2578341604963));
#2373=DIRECTION('ref_axis',(0.,0.257899784197095,0.966171672794795));
#2374=DIRECTION('',(-0.996194698091746,0.,0.0871557427476518));
#2375=DIRECTION('',(-0.0841859828293629,-0.258819045102521,-0.962250186899059));
#2376=DIRECTION('',(0.996194698091746,9.8300996972019E-17,-0.0871557427476514));
#2377=DIRECTION('',(0.0841859828293629,0.258819045102521,0.962250186899059));
#2378=DIRECTION('center_axis',(0.0841859828293626,0.258819045102521,0.962250186899059));
#2379=DIRECTION('ref_axis',(0.996194698091746,9.8300996972019E-17,-0.0871557427476514));
#2380=DIRECTION('',(-0.0225575661131482,0.965925826289068,-0.2578341604963));
#2381=DIRECTION('',(-0.0225575661131482,0.965925826289068,-0.2578341604963));
#2382=DIRECTION('center_axis',(0.996194698091746,1.73472347597681E-17,-0.0871557427476517));
#2383=DIRECTION('ref_axis',(-0.0841859828293629,-0.258819045102521,-0.962250186899059));
#2384=DIRECTION('',(-0.0225575661131482,0.965925826289068,-0.2578341604963));
#2385=DIRECTION('center_axis',(-0.996194698091746,-1.73472347597681E-17,
0.0871557427476517));
#2386=DIRECTION('ref_axis',(-0.0841859828293632,-0.258819045102521,-0.962250186899059));
#2387=DIRECTION('center_axis',(-0.996194698091746,-1.73472347597681E-17,
0.0871557427476517));
#2388=DIRECTION('ref_axis',(-0.0841859828293632,-0.258819045102521,-0.962250186899059));
#2389=DIRECTION('center_axis',(-0.084185982829363,-0.258819045102521,-0.962250186899059));
#2390=DIRECTION('ref_axis',(-0.996194698091746,0.,0.0871557427476518));
#2391=DIRECTION('',(-0.0225575661131482,0.965925826289068,-0.2578341604963));
#2392=DIRECTION('center_axis',(-0.996194698091746,-1.38777878078145E-17,
0.0871557427476517));
#2393=DIRECTION('ref_axis',(0.0841859828293629,0.258819045102521,0.962250186899059));
#2394=DIRECTION('center_axis',(0.996194698091746,1.38777878078145E-17,-0.0871557427476517));
#2395=DIRECTION('ref_axis',(-0.0841859828293632,-0.258819045102521,-0.962250186899059));
#2396=DIRECTION('center_axis',(0.996194698091746,1.38777878078145E-17,-0.0871557427476517));
#2397=DIRECTION('ref_axis',(-0.0841859828293632,-0.258819045102521,-0.962250186899059));
#2398=DIRECTION('center_axis',(0.996194698091746,-4.16333634234434E-17,
-0.0871557427476519));
#2399=DIRECTION('ref_axis',(-0.0841859828293632,-0.258819045102521,-0.962250186899059));
#2400=DIRECTION('',(-0.996194698091746,4.16333634234434E-17,0.0871557427476519));
#2401=DIRECTION('center_axis',(0.996194698091746,-4.16333634234434E-17,
-0.0871557427476519));
#2402=DIRECTION('ref_axis',(-0.0841859828293632,-0.258819045102521,-0.962250186899059));
#2403=DIRECTION('',(-0.996194698091746,4.16333634234434E-17,0.0871557427476519));
#2404=DIRECTION('center_axis',(-0.0225575661131482,0.965925826289068,-0.2578341604963));
#2405=DIRECTION('ref_axis',(-0.0841859828293633,-0.258819045102521,-0.962250186899059));
#2406=DIRECTION('',(0.0841859828293638,0.258819045102521,0.962250186899059));
#2407=DIRECTION('',(-0.996194698091746,7.85214976262475E-17,0.087155742747652));
#2408=DIRECTION('',(-0.0841859828293633,-0.258819045102521,-0.962250186899059));
#2409=DIRECTION('',(-0.996194698091746,7.85214976262475E-17,0.087155742747652));
#2410=DIRECTION('center_axis',(0.0841859828293633,0.258819045102521,0.962250186899059));
#2411=DIRECTION('ref_axis',(-0.0225575661131482,0.965925826289068,-0.2578341604963));
#2412=DIRECTION('',(0.0225575661131484,-0.965925826289068,0.2578341604963));
#2413=DIRECTION('',(-0.996194698091746,7.85214976262475E-17,0.087155742747652));
#2414=DIRECTION('',(-0.0225575661131482,0.965925826289068,-0.2578341604963));
#2415=DIRECTION('center_axis',(0.0225575661131482,-0.965925826289068,0.2578341604963));
#2416=DIRECTION('ref_axis',(0.0841859828293633,0.258819045102521,0.962250186899059));
#2417=DIRECTION('',(-0.0841859828293638,-0.258819045102521,-0.962250186899059));
#2418=DIRECTION('',(-0.996194698091746,7.85214976262475E-17,0.087155742747652));
#2419=DIRECTION('',(0.0841859828293633,0.258819045102521,0.962250186899059));
#2420=DIRECTION('center_axis',(-0.0841859828293633,-0.258819045102521,-0.962250186899059));
#2421=DIRECTION('ref_axis',(0.0225575661131482,-0.965925826289068,0.2578341604963));
#2422=DIRECTION('',(-0.0225575661131484,0.965925826289068,-0.2578341604963));
#2423=DIRECTION('',(0.0225575661131482,-0.965925826289068,0.2578341604963));
#2424=DIRECTION('center_axis',(-0.996194698091746,8.32667268468867E-17,
0.087155742747652));
#2425=DIRECTION('ref_axis',(0.087155742747652,0.,0.996194698091746));
#2426=DIRECTION('center_axis',(-0.996194698091746,0.,0.0871557427476526));
#2427=DIRECTION('ref_axis',(0.0871557427476526,0.,0.996194698091746));
#2428=DIRECTION('center_axis',(-0.996194698091746,4.5102810375397E-16,0.0871557427476517));
#2429=DIRECTION('ref_axis',(-0.0225575661131477,0.965925826289068,-0.2578341604963));
#2430=DIRECTION('',(-0.0225575661131477,0.965925826289068,-0.2578341604963));
#2431=DIRECTION('',(-0.084185982829363,-0.258819045102521,-0.962250186899059));
#2432=DIRECTION('',(-0.0225575661131478,0.965925826289068,-0.2578341604963));
#2433=DIRECTION('',(-0.084185982829363,-0.258819045102521,-0.962250186899059));
#2434=DIRECTION('center_axis',(0.0225575661131485,-0.965925826289068,0.257834160496299));
#2435=DIRECTION('ref_axis',(-0.996194698091746,-3.29121251333299E-16,0.0871557427476519));
#2436=DIRECTION('',(-0.996194698091746,-3.29121251333299E-16,0.0871557427476519));
#2437=DIRECTION('',(-0.996194698091746,-2.30964529928099E-16,0.0871557427476518));
#2438=DIRECTION('',(-0.084185982829363,-0.258819045102521,-0.962250186899059));
#2439=DIRECTION('center_axis',(0.996194698091746,1.59594559789866E-16,-0.0871557427476519));
#2440=DIRECTION('ref_axis',(0.0225575661131484,-0.965925826289068,0.2578341604963));
#2441=DIRECTION('',(0.0225575661131484,-0.965925826289068,0.2578341604963));
#2442=DIRECTION('',(0.0225575661131485,-0.965925826289068,0.2578341604963));
#2443=DIRECTION('',(-0.084185982829363,-0.258819045102521,-0.962250186899059));
#2444=DIRECTION('center_axis',(-0.0225575661131483,0.965925826289068,-0.257834160496299));
#2445=DIRECTION('ref_axis',(0.996194698091746,1.71538972733616E-16,-0.0871557427476518));
#2446=DIRECTION('',(0.996194698091746,1.71538972733616E-16,-0.0871557427476518));
#2447=DIRECTION('',(0.996194698091746,7.33822513284164E-17,-0.0871557427476518));
#2448=DIRECTION('',(-0.084185982829363,-0.258819045102521,-0.962250186899059));
#2449=DIRECTION('center_axis',(-0.996194698091746,-3.05311331771918E-16,
0.0871557427476519));
#2450=DIRECTION('ref_axis',(-0.0225575661131485,0.965925826289068,-0.2578341604963));
#2451=DIRECTION('',(-0.0225575661131485,0.965925826289068,-0.2578341604963));
#2452=DIRECTION('',(-0.0225575661131486,0.965925826289068,-0.2578341604963));
#2453=DIRECTION('',(-0.084185982829363,-0.258819045102521,-0.962250186899059));
#2454=DIRECTION('center_axis',(-0.0225575661131482,0.965925826289068,-0.257834160496299));
#2455=DIRECTION('ref_axis',(0.996194698091746,-7.19320933741746E-18,-0.0871557427476518));
#2456=DIRECTION('',(0.996194698091746,-7.19320933741746E-18,-0.0871557427476518));
#2457=DIRECTION('',(0.996194698091746,-1.05349930742617E-16,-0.0871557427476518));
#2458=DIRECTION('center_axis',(-0.0841859828293631,-0.258819045102521,-0.962250186899059));
#2459=DIRECTION('ref_axis',(-0.996194698091746,0.,0.0871557427476518));
#2460=DIRECTION('center_axis',(-0.084185982829363,-0.258819045102521,-0.962250186899059));
#2461=DIRECTION('ref_axis',(-0.996194698091746,0.,0.0871557427476518));
#2462=DIRECTION('center_axis',(-0.0841859828293633,-0.258819045102521,-0.962250186899059));
#2463=DIRECTION('ref_axis',(-0.996194698091746,0.,0.087155742747652));
#2464=DIRECTION('',(0.996194698091746,7.28583859910259E-17,-0.087155742747652));
#2465=DIRECTION('',(-0.0225575661131483,0.965925826289068,-0.2578341604963));
#2466=DIRECTION('',(-0.996194698091746,7.28583859910259E-17,0.087155742747652));
#2467=DIRECTION('',(0.0225575661131483,-0.965925826289068,0.2578341604963));
#2468=DIRECTION('center_axis',(-0.0225575661131483,0.965925826289068,-0.257834160496299));
#2469=DIRECTION('ref_axis',(0.,0.257899784197095,0.966171672794795));
#2470=DIRECTION('',(-0.0841859828293636,-0.258819045102521,-0.962250186899059));
#2471=DIRECTION('',(-0.996194698091746,1.32998974103127E-17,0.0871557427476518));
#2472=DIRECTION('',(0.0841859828293631,0.258819045102521,0.962250186899059));
#2473=DIRECTION('center_axis',(0.996194698091746,-1.73472347597681E-17,
-0.0871557427476524));
#2474=DIRECTION('ref_axis',(-0.0841859828293636,-0.258819045102521,-0.962250186899059));
#2475=DIRECTION('',(-0.0841859828293636,-0.258819045102521,-0.962250186899059));
#2476=DIRECTION('',(-0.0225575661131483,0.965925826289068,-0.2578341604963));
#2477=DIRECTION('center_axis',(-0.996194698091746,-1.17961196366423E-16,
0.0871557427476519));
#2478=DIRECTION('ref_axis',(0.0841859828293631,0.258819045102521,0.962250186899059));
#2479=DIRECTION('',(-0.0225575661131483,0.965925826289068,-0.2578341604963));
#2480=DIRECTION('',(0.0841859828293631,0.258819045102521,0.962250186899059));
#2481=DIRECTION('center_axis',(-0.084185982829363,-0.258819045102521,-0.962250186899059));
#2482=DIRECTION('ref_axis',(-0.996194698091746,1.67561420691594E-17,0.0871557427476518));
#2483=DIRECTION('',(-0.996194698091746,1.67561420691594E-17,0.0871557427476518));
#2484=DIRECTION('center_axis',(-0.0225575661131482,0.965925826289068,-0.257834160496299));
#2485=DIRECTION('ref_axis',(0.,0.257899784197095,0.966171672794795));
#2486=DIRECTION('center_axis',(0.662840461664754,0.70649109447879,-0.248017853797296));
#2487=DIRECTION('ref_axis',(-0.744012931792929,0.658697984902323,-0.112079088194496));
#2488=DIRECTION('',(-0.744012931792929,0.658697984902323,-0.112079088194496));
#2489=DIRECTION('',(0.084185982829363,0.258819045102521,0.962250186899059));
#2490=DIRECTION('',(0.744012931792929,-0.658697984902323,0.112079088194496));
#2491=DIRECTION('',(-0.0841859828293629,-0.258819045102521,-0.962250186899059));
#2492=DIRECTION('',(0.084185982829363,0.258819045102521,0.962250186899059));
#2493=DIRECTION('center_axis',(-0.0841859828293633,-0.258819045102521,-0.962250186899059));
#2494=DIRECTION('ref_axis',(-0.996194698091746,0.,0.087155742747652));
#2495=DIRECTION('',(-0.996194698091746,8.67361737988404E-17,0.087155742747652));
#2496=DIRECTION('',(-0.0225575661131479,0.965925826289068,-0.2578341604963));
#2497=DIRECTION('',(0.0225575661131482,-0.965925826289068,0.2578341604963));
#2498=DIRECTION('center_axis',(-0.0225575661131481,0.965925826289068,-0.2578341604963));
#2499=DIRECTION('ref_axis',(0.0841859828293629,0.258819045102521,0.962250186899059));
#2500=DIRECTION('',(0.0841859828293629,0.258819045102521,0.962250186899059));
#2501=DIRECTION('',(0.996194698091746,1.16686821803932E-17,-0.0871557427476517));
#2502=DIRECTION('',(-0.084185982829363,-0.258819045102521,-0.962250186899059));
#2503=DIRECTION('center_axis',(-0.0225575661131476,0.965925826289068,-0.2578341604963));
#2504=DIRECTION('ref_axis',(0.996194698091746,-5.23886489744996E-16,-0.0871557427476515));
#2505=DIRECTION('',(-0.996194698091746,5.62050406216485E-16,0.0871557427476516));
#2506=DIRECTION('',(-0.0841859828293629,-0.258819045102521,-0.962250186899059));
#2507=DIRECTION('',(0.996194698091746,-5.23886489744996E-16,-0.0871557427476515));
#2508=DIRECTION('center_axis',(-0.996194698091746,5.23886489744996E-16,
0.0871557427476515));
#2509=DIRECTION('ref_axis',(-0.0225575661131476,0.965925826289068,-0.257834160496299));
#2510=DIRECTION('',(0.0225575661131476,-0.965925826289068,0.257834160496299));
#2511=DIRECTION('',(-0.0841859828293629,-0.258819045102521,-0.962250186899059));
#2512=DIRECTION('',(-0.0225575661131476,0.965925826289068,-0.257834160496299));
#2513=DIRECTION('center_axis',(-0.0841859828293629,-0.258819045102521,-0.962250186899059));
#2514=DIRECTION('ref_axis',(-0.996194698091746,0.,0.0871557427476517));
#2515=DIRECTION('',(-0.0225575661131482,0.965925826289068,-0.257834160496299));
#2516=DIRECTION('',(-0.996194698091746,2.39628710860507E-17,0.0871557427476516));
#2517=DIRECTION('center_axis',(-0.084185982829363,-0.258819045102521,-0.962250186899059));
#2518=DIRECTION('ref_axis',(-0.996194698091746,0.,0.0871557427476518));
#2519=DIRECTION('',(-0.0225575661131489,0.965925826289068,-0.257834160496299));
#2520=DIRECTION('',(0.996194698091746,-6.59194920871187E-17,-0.0871557427476518));
#2521=DIRECTION('center_axis',(0.0225575661131482,-0.965925826289068,0.2578341604963));
#2522=DIRECTION('ref_axis',(-0.0841859828293629,-0.258819045102521,-0.962250186899059));
#2523=DIRECTION('',(0.084185982829363,0.258819045102521,0.962250186899059));
#2524=DIRECTION('',(0.996194698091746,1.16686821803932E-17,-0.0871557427476517));
#2525=DIRECTION('',(-0.0841859828293629,-0.258819045102521,-0.962250186899059));
#2526=DIRECTION('center_axis',(0.0841859828293629,0.258819045102521,0.962250186899059));
#2527=DIRECTION('ref_axis',(0.0225575661131482,-0.965925826289068,0.2578341604963));
#2528=DIRECTION('',(-0.0225575661131482,0.965925826289068,-0.2578341604963));
#2529=DIRECTION('',(0.0225575661131482,-0.965925826289068,0.2578341604963));
#2530=DIRECTION('center_axis',(0.996194698091746,1.73472347597681E-17,-0.0871557427476517));
#2531=DIRECTION('ref_axis',(-0.0871557427476517,0.,-0.996194698091746));
#2532=DIRECTION('center_axis',(0.996194698091746,0.,-0.0871557427476517));
#2533=DIRECTION('ref_axis',(-0.0871557427476517,0.,-0.996194698091746));
#2534=DIRECTION('center_axis',(-0.0841859828293633,-0.258819045102521,-0.962250186899059));
#2535=DIRECTION('ref_axis',(-0.996194698091746,0.,0.087155742747652));
#2536=DIRECTION('',(0.649652212007165,0.717967012389622,-0.24995074025599));
#2537=DIRECTION('',(-0.996194698091746,6.59194920871187E-17,0.087155742747652));
#2538=DIRECTION('',(0.0225575661131484,-0.965925826289068,0.2578341604963));
#2539=DIRECTION('center_axis',(0.996194698091746,2.0122792321331E-16,-0.0871557427476519));
#2540=DIRECTION('ref_axis',(-0.0225575661131484,0.965925826289068,-0.257834160496299));
#2541=DIRECTION('',(0.0841859828293631,0.25881904510252,0.962250186899059));
#2542=DIRECTION('',(0.0225575661131484,-0.965925826289068,0.257834160496299));
#2543=DIRECTION('',(0.0841859828293631,0.25881904510252,0.962250186899059));
#2544=DIRECTION('center_axis',(0.0225575661131482,-0.965925826289068,0.257834160496299));
#2545=DIRECTION('ref_axis',(0.996194698091746,-1.07755073656618E-17,-0.0871557427476518));
#2546=DIRECTION('',(0.0841859828293631,0.25881904510252,0.962250186899059));
#2547=DIRECTION('',(-0.996194698091746,1.07755073656618E-17,0.0871557427476518));
#2548=DIRECTION('center_axis',(-0.755555903774996,0.646170311150659,-0.107699606583353));
#2549=DIRECTION('ref_axis',(-0.649652212007165,-0.717967012389622,0.24995074025599));
#2550=DIRECTION('',(0.649652212007165,0.717967012389622,-0.24995074025599));
#2551=DIRECTION('center_axis',(-0.084185982829363,-0.258819045102521,-0.962250186899059));
#2552=DIRECTION('ref_axis',(-0.996194698091746,0.,0.0871557427476518));
#2553=CARTESIAN_POINT('',(0.,0.,0.));
#2554=CARTESIAN_POINT('Origin',(3.31122425812854,18.,8.99391897738252));
#2555=CARTESIAN_POINT('',(1.98885489832806,-0.761378024001815,-6.12083196870697));
#2556=CARTESIAN_POINT('',(2.16316638382337,-0.761378024001814,-4.12844257252348));
#2557=CARTESIAN_POINT('',(2.6500395782283,-0.761378024001814,1.43654350433777));
#2558=CARTESIAN_POINT('',(1.98885489832806,6.0769625760786,-6.12083196870697));
#2559=CARTESIAN_POINT('',(1.98885489832806,9.,-6.12083196870697));
#2560=CARTESIAN_POINT('',(2.16316638382337,6.0769625760786,-4.12844257252348));
#2561=CARTESIAN_POINT('',(2.6500395782283,6.0769625760786,1.43654350433777));
#2562=CARTESIAN_POINT('',(2.16316638382337,2.45828650062583,-4.12844257252348));
#2563=CARTESIAN_POINT('',(2.16316638382337,9.,-4.12844257252348));
#2564=CARTESIAN_POINT('',(2.96180162456654,2.45828650062583,5.));
#2565=CARTESIAN_POINT('',(2.90820361381158,2.45828650062583,4.38737193374677));
#2566=CARTESIAN_POINT('',(2.96180162456654,-0.700339421541869,5.));
#2567=CARTESIAN_POINT('',(2.96180162456654,9.,5.));
#2568=CARTESIAN_POINT('',(2.16316638382337,-0.756058159268137,-4.12844257252348));
#2569=CARTESIAN_POINT('',(2.3490105060859,-0.743092290273076,-2.00423453490176));
#2570=CARTESIAN_POINT('',(2.16316638382337,9.,-4.12844257252348));
#2571=CARTESIAN_POINT('Origin',(0.,0.,5.));
#2572=CARTESIAN_POINT('',(1.55939092886731,2.28674737075729,5.));
#2573=CARTESIAN_POINT('',(7.39055677861906,3.,5.));
#2574=CARTESIAN_POINT('',(2.41498553451962,-0.738489381312585,4.99999999998736));
#2575=CARTESIAN_POINT('Origin',(-0.75,-1.91794902440325E-16,5.));
#2576=CARTESIAN_POINT('',(2.41498553451962,-0.738489381312585,5.));
#2577=CARTESIAN_POINT('Origin',(-1.21305797849794,2.,0.106128821318236));
#2578=CARTESIAN_POINT('',(-1.55507456416919,2.,-3.80313864131627));
#2579=CARTESIAN_POINT('',(6.55828016680149,3.,-4.51296520344058));
#2580=CARTESIAN_POINT('',(-0.55,2.,7.68491619531352));
#2581=CARTESIAN_POINT('',(-0.55,2.,7.68491619531352));
#2582=CARTESIAN_POINT('',(-0.55,1.99204048752115,8.42869996654742));
#2583=CARTESIAN_POINT('',(-0.55,1.99204048752115,8.42869996654742));
#2584=CARTESIAN_POINT('Ctrl Pts',(1.55939092886733,2.28674737075729,4.99999999999998));
#2585=CARTESIAN_POINT('Ctrl Pts',(0.249721069077426,2.0952278603514,7.92711715654852));
#2586=CARTESIAN_POINT('Ctrl Pts',(-0.550000000002025,1.99204048752089,8.4286999665487));
#2587=CARTESIAN_POINT('Origin',(-0.342016585671249,8.1688827145472E-17,
-3.90926746263451));
#2588=CARTESIAN_POINT('',(-1.55507456416919,2.,-3.80313864131627));
#2589=CARTESIAN_POINT('Origin',(-2.16859281276657,1.51842025264809,-5.75710242478442));
#2590=CARTESIAN_POINT('',(-1.7293860496645,2.,-5.79552803749976));
#2591=CARTESIAN_POINT('',(-1.7293860496645,2.,-5.79552803749976));
#2592=CARTESIAN_POINT('',(-1.55507456416919,2.,-3.80313864131627));
#2593=CARTESIAN_POINT('Origin',(0.0629709364908504,-0.902583423035522,-13.));
#2594=CARTESIAN_POINT('',(0.118828389163171,-0.898686391453732,10.4949548389093));
#2595=CARTESIAN_POINT('Ctrl Pts',(2.41498553450543,-0.738489381313576,5.0000000000247));
#2596=CARTESIAN_POINT('Ctrl Pts',(0.756649818416089,-0.854187221970972,
9.36482601298691));
#2597=CARTESIAN_POINT('Ctrl Pts',(0.118828389152652,-0.898686391454468,
10.494954838928));
#2598=CARTESIAN_POINT('',(0.118828389104424,-0.8986863914689,-1.36571549976529));
#2599=CARTESIAN_POINT('',(0.118828389163171,-0.898686391453732,-1.365715498781));
#2600=CARTESIAN_POINT('',(-0.124600954686825,-0.915669833670686,-3.92828886562566));
#2601=CARTESIAN_POINT('Origin',(-7981.42980769666,-558.757512028682,759.238594264209));
#2602=CARTESIAN_POINT('',(-0.124600953850265,-0.915669833989553,-3.92828886569217));
#2603=CARTESIAN_POINT('Origin',(-0.75,-1.04104542167992,5.));
#2604=CARTESIAN_POINT('',(-0.55,-0.816239565597997,7.68491619531352));
#2605=CARTESIAN_POINT('',(-0.55,-0.816239565597998,19.5));
#2606=CARTESIAN_POINT('',(-0.55,-0.816239565597998,19.5));
#2607=CARTESIAN_POINT('',(-0.42529431790098,-0.676066727485247,19.8303848891085));
#2608=CARTESIAN_POINT('Origin',(-0.05,-0.254224925393189,19.5));
#2609=CARTESIAN_POINT('',(-0.487631032880411,-0.699449708870973,7.64413435487953));
#2610=CARTESIAN_POINT('',(-0.42529431790098,-0.676066727485247,19.8303848891085));
#2611=CARTESIAN_POINT('Ctrl Pts',(-0.550000000000012,-0.816239565598012,
7.68491619531341));
#2612=CARTESIAN_POINT('Ctrl Pts',(-0.532029455948653,-0.796040147899393,
7.67714008433369));
#2613=CARTESIAN_POINT('Ctrl Pts',(-0.514164020830696,-0.775958875719553,
7.66883712743037));
#2614=CARTESIAN_POINT('Ctrl Pts',(-0.496404114450039,-0.75599622093036,
7.6600333529566));
#2615=CARTESIAN_POINT('Ctrl Pts',(-0.485816725986404,-0.744095686294163,
7.65478507189574));
#2616=CARTESIAN_POINT('Ctrl Pts',(-0.475269282684421,-0.732240051189274,
7.64936001993093));
#2617=CARTESIAN_POINT('Ctrl Pts',(-0.464761828204512,-0.720429364691284,
7.64376395884432));
#2618=CARTESIAN_POINT('Ctrl Pts',(-0.550000000000043,-0.816958069679179,
7.68491619531342));
#2619=CARTESIAN_POINT('Ctrl Pts',(-0.550000000000043,-0.671532843648399,
7.68491619531342));
#2620=CARTESIAN_POINT('Ctrl Pts',(-0.513485984667778,-0.816958069679179,
7.66911605956198));
#2621=CARTESIAN_POINT('Ctrl Pts',(-0.513485984667778,-0.671532843648399,
7.66911605956198));
#2622=CARTESIAN_POINT('Ctrl Pts',(-0.477754198671937,-0.816958069679179,
7.65129151813056));
#2623=CARTESIAN_POINT('Ctrl Pts',(-0.477754198671937,-0.671532843648399,
7.65129151813056));
#2624=CARTESIAN_POINT('Ctrl Pts',(-0.442838197613908,-0.816958069679179,
7.63180926415029));
#2625=CARTESIAN_POINT('Ctrl Pts',(-0.442838197613908,-0.671532843648399,
7.63180926415029));
#2626=CARTESIAN_POINT('',(-0.55,-0.802841614740042,7.68491619531352));
#2627=CARTESIAN_POINT('Ctrl Pts',(-0.467769707391402,-0.717476739535998,
7.64536064135767));
#2628=CARTESIAN_POINT('Ctrl Pts',(-0.481365440218643,-0.731647675139705,
7.65255395558773));
#2629=CARTESIAN_POINT('Ctrl Pts',(-0.495045273200153,-0.745878189516088,
7.65946959040902));
#2630=CARTESIAN_POINT('Ctrl Pts',(-0.508808570316394,-0.76016632479657,
7.66609235153553));
#2631=CARTESIAN_POINT('Ctrl Pts',(-0.522459149031108,-0.774337443365431,
7.67266087369288));
#2632=CARTESIAN_POINT('Ctrl Pts',(-0.536189861518752,-0.788563198874826,
7.67894035122273));
#2633=CARTESIAN_POINT('Ctrl Pts',(-0.550000000000031,-0.802841614740056,
7.68491619531342));
#2634=CARTESIAN_POINT('',(-0.55,-0.816239565597995,7.68491619531352));
#2635=CARTESIAN_POINT('Origin',(-1.21305797849794,-17.8665392058429,0.106128821318236));
#2636=CARTESIAN_POINT('',(-1.7293860496645,0.722841614740049,-5.79552803749976));
#2637=CARTESIAN_POINT('',(-1.7293860496645,0.722841614740049,-5.79552803749976));
#2638=CARTESIAN_POINT('',(-0.550000000000001,0.722841614740048,7.68491619531351));
#2639=CARTESIAN_POINT('',(-1.7293860496645,0.722841614740048,-5.79552803749976));
#2640=CARTESIAN_POINT('',(-0.55,2.,7.68491619531352));
#2641=CARTESIAN_POINT('Origin',(-0.55,0.,0.));
#2642=CARTESIAN_POINT('',(-0.55,0.722841614740048,19.5));
#2643=CARTESIAN_POINT('',(-0.55,0.722841614740048,19.5));
#2644=CARTESIAN_POINT('',(-0.55,1.23389626792531,19.5));
#2645=CARTESIAN_POINT('',(-0.55,1.23389626792531,19.5));
#2646=CARTESIAN_POINT('',(-0.55,1.23389626792531,10.4949548389093));
#2647=CARTESIAN_POINT('',(-0.55,1.23389626792531,19.5));
#2648=CARTESIAN_POINT('Ctrl Pts',(-0.55,1.23389626792529,10.4949548389094));
#2649=CARTESIAN_POINT('Ctrl Pts',(-0.55,1.52530591377371,9.70462806908496));
#2650=CARTESIAN_POINT('Ctrl Pts',(-0.55,1.99204048752115,8.42869996654742));
#2651=CARTESIAN_POINT('Origin',(-0.75,-1.91794902440325E-16,10.4949548389093));
#2652=CARTESIAN_POINT('Origin',(-0.75,-1.91794902440325E-16,10.4949548389093));
#2653=CARTESIAN_POINT('Origin',(-0.55,0.,0.));
#2654=CARTESIAN_POINT('',(-0.55,-1.22389626792531,7.68491619531352));
#2655=CARTESIAN_POINT('',(-0.55,-1.22389626792531,7.68491619531352));
#2656=CARTESIAN_POINT('',(-0.55,-1.09745857108495,19.5));
#2657=CARTESIAN_POINT('',(-0.55,-1.09745857108495,19.5));
#2658=CARTESIAN_POINT('',(-0.55,-0.816239565597998,19.5));
#2659=CARTESIAN_POINT('Origin',(-0.75,-1.91794902440325E-16,5.));
#2660=CARTESIAN_POINT('',(-0.05,0.269258240356726,20.));
#2661=CARTESIAN_POINT('',(-0.05,-0.269258240356726,20.));
#2662=CARTESIAN_POINT('Origin',(-0.75,-1.91794902440325E-16,20.));
#2663=CARTESIAN_POINT('Ctrl Pts',(-0.0500000000000001,0.269258240356726,
20.));
#2664=CARTESIAN_POINT('Ctrl Pts',(-0.0806553285223206,0.348953962713058,
20.));
#2665=CARTESIAN_POINT('Ctrl Pts',(-0.125455735613767,0.422730405824515,
19.9970724346536));
#2666=CARTESIAN_POINT('Ctrl Pts',(-0.225149089928824,0.541065597484281,
19.9710197842951));
#2667=CARTESIAN_POINT('Ctrl Pts',(-0.292100278261867,0.597550473366908,
19.9427711646605));
#2668=CARTESIAN_POINT('Ctrl Pts',(-0.37500689627517,0.650370859234543,19.8815518756734));
#2669=CARTESIAN_POINT('Ctrl Pts',(-0.402655053288708,0.665290107550339,
19.8565167770628));
#2670=CARTESIAN_POINT('Ctrl Pts',(-0.452814057363343,0.689176623892358,
19.7986674983673));
#2671=CARTESIAN_POINT('Ctrl Pts',(-0.475327625315781,0.698167086135408,
19.7658652575533));
#2672=CARTESIAN_POINT('Ctrl Pts',(-0.530440908085234,0.718207594375163,
19.6597772695648));
#2673=CARTESIAN_POINT('Ctrl Pts',(-0.55,0.722841614740048,19.5782177389679));
#2674=CARTESIAN_POINT('Ctrl Pts',(-0.55,0.722841614740048,19.5));
#2675=CARTESIAN_POINT('',(-0.532680190962807,-0.717824561156858,6.90742122467733));
#2676=CARTESIAN_POINT('Ctrl Pts',(-0.550000000000001,0.722841614740048,
7.68491619531354));
#2677=CARTESIAN_POINT('Ctrl Pts',(-0.550000000000001,0.722841614740048,
7.35118232592656));
#2678=CARTESIAN_POINT('Ctrl Pts',(-0.546291987131673,0.722568991637996,
6.99348866502303));
#2679=CARTESIAN_POINT('Ctrl Pts',(-0.498985461249136,0.706942441611123,
6.5032719368339));
#2680=CARTESIAN_POINT('Ctrl Pts',(-0.476346131904666,0.699740167937668,
6.34929933395275));
#2681=CARTESIAN_POINT('Ctrl Pts',(-0.415226135868751,0.671510210617856,
6.13909710145945));
#2682=CARTESIAN_POINT('Ctrl Pts',(-0.390228625883704,0.659167495204292,
6.07277137642022));
#2683=CARTESIAN_POINT('Ctrl Pts',(-0.32559514619142,0.619530140502292,5.94934800107787));
#2684=CARTESIAN_POINT('Ctrl Pts',(-0.285608753166939,0.592699384024622,
5.8922855693617));
#2685=CARTESIAN_POINT('Ctrl Pts',(-0.206392985750881,0.518406627289715,
5.81074864842483));
#2686=CARTESIAN_POINT('Ctrl Pts',(-0.172768812032768,0.481683953730234,
5.78275311206732));
#2687=CARTESIAN_POINT('Ctrl Pts',(-0.111703920933631,0.39723211911059,5.73876216601263));
#2688=CARTESIAN_POINT('Ctrl Pts',(-0.084463725582143,0.349526448295621,
5.72244413450246));
#2689=CARTESIAN_POINT('Ctrl Pts',(-0.0365465408324699,0.240949183685911,
5.69539472974035));
#2690=CARTESIAN_POINT('Ctrl Pts',(-0.0143233685427811,0.161470533952146,
5.6846485544928));
#2691=CARTESIAN_POINT('Ctrl Pts',(-0.00350835901875489,0.074709711301637,
5.67943750690458));
#2692=CARTESIAN_POINT('Ctrl Pts',(-0.00164769231038538,0.0529258949799539,
5.67855100936749));
#2693=CARTESIAN_POINT('Ctrl Pts',(-0.000301577664442439,0.0238754448346506,
5.67791062716741));
#2694=CARTESIAN_POINT('Ctrl Pts',(1.3343981883882E-16,0.0108544193537268,
5.67776755226786));
#2695=CARTESIAN_POINT('Ctrl Pts',(1.44115937317469E-16,-0.0108544193537264,
5.67776755226786));
#2696=CARTESIAN_POINT('Ctrl Pts',(-0.000301577664442311,-0.0238754448346502,
5.67791062716741));
#2697=CARTESIAN_POINT('Ctrl Pts',(-0.00164769231038523,-0.0529258949799538,
5.67855100936749));
#2698=CARTESIAN_POINT('Ctrl Pts',(-0.00350835901875487,-0.0747097113016371,
5.67943750690458));
#2699=CARTESIAN_POINT('Ctrl Pts',(-0.014323368542781,-0.161470533952146,
5.6846485544928));
#2700=CARTESIAN_POINT('Ctrl Pts',(-0.0365465408324696,-0.240949183685911,
5.69539472974035));
#2701=CARTESIAN_POINT('Ctrl Pts',(-0.0844637255821424,-0.34952644829562,
5.72244413450246));
#2702=CARTESIAN_POINT('Ctrl Pts',(-0.111703920933631,-0.39723211911059,
5.73876216601263));
#2703=CARTESIAN_POINT('Ctrl Pts',(-0.172768812032768,-0.481683953730234,
5.78275311206732));
#2704=CARTESIAN_POINT('Ctrl Pts',(-0.20639298575088,-0.518406627289715,
5.81074864842484));
#2705=CARTESIAN_POINT('Ctrl Pts',(-0.285608753166938,-0.592699384024621,
5.89228556936171));
#2706=CARTESIAN_POINT('Ctrl Pts',(-0.325595146191421,-0.619530140502293,
5.94934800107788));
#2707=CARTESIAN_POINT('Ctrl Pts',(-0.390228625883705,-0.659167495204293,
6.07277137642023));
#2708=CARTESIAN_POINT('Ctrl Pts',(-0.415226135868751,-0.671510210617856,
6.13909710145946));
#2709=CARTESIAN_POINT('Ctrl Pts',(-0.476346131904665,-0.699740167937668,
6.34929933395276));
#2710=CARTESIAN_POINT('Ctrl Pts',(-0.498985461249134,-0.706942441611122,
6.50327193683391));
#2711=CARTESIAN_POINT('Ctrl Pts',(-0.522349336599757,-0.714660124534926,
6.74538150456331));
#2712=CARTESIAN_POINT('Ctrl Pts',(-0.528125163599406,-0.716445536628668,
6.82589102776786));
#2713=CARTESIAN_POINT('Ctrl Pts',(-0.532680190962797,-0.717824561156857,
6.90742122467733));
#2714=CARTESIAN_POINT('Ctrl Pts',(-0.532680190962807,-0.717824561156858,
6.90742122467733));
#2715=CARTESIAN_POINT('Ctrl Pts',(-0.517025351288955,-0.71851182674224,
7.15293641062181));
#2716=CARTESIAN_POINT('Ctrl Pts',(-0.501378813910287,-0.719128725499256,
7.398452322923));
#2717=CARTESIAN_POINT('Ctrl Pts',(-0.48573887660686,-0.719675076032956,
7.64396881265596));
#2718=CARTESIAN_POINT('Ctrl Pts',(-0.425294317900981,-0.676066727485247,
19.8303848891085));
#2719=CARTESIAN_POINT('Ctrl Pts',(-0.400865707258534,-0.664333997032896,
19.8581340963833));
#2720=CARTESIAN_POINT('Ctrl Pts',(-0.374101894666348,-0.649794276383447,
19.8822201402384));
#2721=CARTESIAN_POINT('Ctrl Pts',(-0.292100278261866,-0.597550473366908,
19.9427711646605));
#2722=CARTESIAN_POINT('Ctrl Pts',(-0.225149089928824,-0.541065597484281,
19.9710197842951));
#2723=CARTESIAN_POINT('Ctrl Pts',(-0.125455735613767,-0.422730405824515,
19.9970724346536));
#2724=CARTESIAN_POINT('Ctrl Pts',(-0.0806553285223205,-0.348953962713059,
20.));
#2725=CARTESIAN_POINT('Ctrl Pts',(-0.05,-0.269258240356726,20.));
#2726=CARTESIAN_POINT('Origin',(-0.75,-1.91794902440325E-16,20.));
#2727=CARTESIAN_POINT('',(-0.05,-1.0356157588604,20.));
#2728=CARTESIAN_POINT('',(-0.221217915332828,-1.13264712374819,19.9697706094139));
#2729=CARTESIAN_POINT('Ctrl Pts',(-0.0500000000000001,-1.0356157588604,
20.));
#2730=CARTESIAN_POINT('Ctrl Pts',(-0.0718738547071996,-1.05040087405784,
20.));
#2731=CARTESIAN_POINT('Ctrl Pts',(-0.0940570640953117,-1.06438642970051,
19.9985672057514));
#2732=CARTESIAN_POINT('Ctrl Pts',(-0.11644616302744,-1.07755067175471,19.9955652403256));
#2733=CARTESIAN_POINT('Ctrl Pts',(-0.137482998209468,-1.08991981582924,
19.9927445885398));
#2734=CARTESIAN_POINT('Ctrl Pts',(-0.158702166395632,-1.10156386210587,
19.9885379473946));
#2735=CARTESIAN_POINT('Ctrl Pts',(-0.179978420658151,-1.11246476499135,
19.9828101181243));
#2736=CARTESIAN_POINT('Ctrl Pts',(-0.193716919833958,-1.11950369409324,
19.9791115452112));
#2737=CARTESIAN_POINT('Ctrl Pts',(-0.207478411898136,-1.1262327665171,19.9747782644026));
#2738=CARTESIAN_POINT('Ctrl Pts',(-0.221217915332819,-1.13264712374819,
19.9697706094139));
#2739=CARTESIAN_POINT('',(-0.539159911639174,-1.2320902796224,7.04312221157127));
#2740=CARTESIAN_POINT('Origin',(-0.75,-1.91794902440325E-16,119.766988475453));
#2741=CARTESIAN_POINT('',(0.0164556615247506,-0.987444033308551,5.67011599431003));
#2742=CARTESIAN_POINT('Ctrl Pts',(-0.539159911639094,-1.23209027962238,
7.04312221157127));
#2743=CARTESIAN_POINT('Ctrl Pts',(-0.533203708815944,-1.2310710309924,6.89529138254904));
#2744=CARTESIAN_POINT('Ctrl Pts',(-0.524211221088019,-1.22953808461108,
6.74929102166192));
#2745=CARTESIAN_POINT('Ctrl Pts',(-0.490067396006604,-1.22282550411909,
6.43826340671442));
#2746=CARTESIAN_POINT('Ctrl Pts',(-0.462884436622723,-1.21776045251861,
6.27771891539502));
#2747=CARTESIAN_POINT('Ctrl Pts',(-0.385496954965241,-1.19597411644301,
6.06207749804649));
#2748=CARTESIAN_POINT('Ctrl Pts',(-0.353297984587975,-1.18623934974832,
5.99455057193864));
#2749=CARTESIAN_POINT('Ctrl Pts',(-0.268795165436434,-1.15454674957087,
5.87123533344565));
#2750=CARTESIAN_POINT('Ctrl Pts',(-0.216205069977047,-1.1327080748483,5.81561280029309));
#2751=CARTESIAN_POINT('Ctrl Pts',(-0.0996095453569605,-1.06909362766653,
5.72898256492284));
#2752=CARTESIAN_POINT('Ctrl Pts',(-0.0403384228812837,-1.03152769381563,
5.69598217544752));
#2753=CARTESIAN_POINT('Ctrl Pts',(0.0164556615247475,-0.987444033308553,
5.67011599431002));
#2754=CARTESIAN_POINT('',(0.0678114550353415,-0.945348837209302,6.25711540018594));
#2755=CARTESIAN_POINT('Origin',(-0.75,-1.91794902440325E-16,-3.09051230466602));
#2756=CARTESIAN_POINT('Origin',(-0.75,-1.91794902440325E-16,-169.337521009544));
#2757=CARTESIAN_POINT('',(-0.05,1.0356157588604,20.));
#2758=CARTESIAN_POINT('Ctrl Pts',(-0.55,1.23389626792531,19.5));
#2759=CARTESIAN_POINT('Ctrl Pts',(-0.55,1.23389626792531,19.562379682821));
#2760=CARTESIAN_POINT('Ctrl Pts',(-0.537587373014794,1.23208459295895,19.6288864212879));
#2761=CARTESIAN_POINT('Ctrl Pts',(-0.487464964763771,1.22238576093629,19.7509532453749));
#2762=CARTESIAN_POINT('Ctrl Pts',(-0.44975575800601,1.2142232011354,19.8064915284304));
#2763=CARTESIAN_POINT('Ctrl Pts',(-0.359156199541521,1.18836364144826,19.8988404988604));
#2764=CARTESIAN_POINT('Ctrl Pts',(-0.29902997835464,1.16785806482842,19.9388414269304));
#2765=CARTESIAN_POINT('Ctrl Pts',(-0.173160074861825,1.1110905333837,19.9893151139003));
#2766=CARTESIAN_POINT('Ctrl Pts',(-0.107621309000734,1.07456352105446,20.));
#2767=CARTESIAN_POINT('Ctrl Pts',(-0.0500000000000002,1.0356157588604,20.));
#2768=CARTESIAN_POINT('Origin',(-0.75,-1.91794902440325E-16,20.));
#2769=CARTESIAN_POINT('Origin',(0.,0.,20.));
#2770=CARTESIAN_POINT('',(-0.05,1.0356157588604,20.));
#2771=CARTESIAN_POINT('',(-0.05,-0.269258240356726,20.));
#2772=CARTESIAN_POINT('Origin',(-1.21305797849794,-17.8665392058429,0.106128821318236));
#2773=CARTESIAN_POINT('',(-1.7293860496645,-1.2238962679253,-5.79552803749976));
#2774=CARTESIAN_POINT('',(-1.7293860496645,-0.802841614740035,-5.79552803749976));
#2775=CARTESIAN_POINT('',(-1.7293860496645,-1.2238962679253,-5.79552803749976));
#2776=CARTESIAN_POINT('',(-1.7293860496645,-1.2238962679253,-5.79552803749976));
#2777=CARTESIAN_POINT('',(-0.55,-0.802841614740044,7.68491619531352));
#2778=CARTESIAN_POINT('Origin',(-2.42663199164571,0.,-13.7650856222337));
#2779=CARTESIAN_POINT('',(-1.64469251163755,-0.717824561156858,-5.80293776195102));
#2780=CARTESIAN_POINT('',(-1.64469251163755,-0.717824561156858,-5.80293776195102));
#2781=CARTESIAN_POINT('Origin',(-1.7293860496645,0.,-5.79552803749976));
#2782=CARTESIAN_POINT('Origin',(-2.34193845361876,-0.717824561156857,-13.772495346685));
#2783=CARTESIAN_POINT('',(-1.7293860496645,-0.802841614740036,-5.79552803749976));
#2784=CARTESIAN_POINT('Origin',(-0.05,0.,19.5));
#2785=CARTESIAN_POINT('Origin',(-0.05,0.,19.5));
#2786=CARTESIAN_POINT('Origin',(-0.05,-1.15861723537444,19.5));
#2787=CARTESIAN_POINT('Origin',(-0.45124060825604,-0.932920301717354,-5.90735127396033));
#2788=CARTESIAN_POINT('',(-0.132832214442901,-0.922790078618336,-3.92756872370378));
#2789=CARTESIAN_POINT('',(12.1251133647408,-0.0610386024599426,-5.));
#2790=CARTESIAN_POINT('',(-0.307143699938205,-0.922790078618336,-5.91995811988727));
#2791=CARTESIAN_POINT('',(-0.132832214088181,-0.922790078593398,-3.92756872373481));
#2792=CARTESIAN_POINT('',(11.9508018792455,-0.0610386024599427,-6.99238939618349));
#2793=CARTESIAN_POINT('Origin',(-0.516328071166553,8.1688827145472E-17,
-5.901656858818));
#2794=CARTESIAN_POINT('',(-0.279825312974136,-0.898686391430122,-5.92234816905244));
#2795=CARTESIAN_POINT('Origin',(-1.20535165114962,-8.30366027568086E-17,
-5.84137510666743));
#2796=CARTESIAN_POINT('',(-0.992300063664911,-0.945348837209302,-5.86001470531855));
#2797=CARTESIAN_POINT('',(-0.992300063664911,-0.945348837209302,-5.86001470531855));
#2798=CARTESIAN_POINT('',(-0.992300063664911,-0.987444033308551,-5.86001470531855));
#2799=CARTESIAN_POINT('',(-0.992300063664911,-0.987444033308551,-5.86001470531855));
#2800=CARTESIAN_POINT('',(-1.66290512609632,-1.23209027962239,-5.80134436465271));
#2801=CARTESIAN_POINT('Origin',(-1.72938604966449,-1.66533453693773E-16,
-5.79552803749977));
#2802=CARTESIAN_POINT('',(-1.7293860496645,-1.2238962679253,-5.79552803749976));
#2803=CARTESIAN_POINT('Origin',(-0.342016585671249,8.1688827145472E-17,
-3.90926746263451));
#2804=CARTESIAN_POINT('Origin',(-1.03104016565432,-1.24669966180252E-16,
-3.84898571048394));
#2805=CARTESIAN_POINT('Origin',(-0.216060968336146,-5.27983032932499E-16,
11.501856793165));
#2806=CARTESIAN_POINT('',(-0.539159911639173,-1.23209027962239,7.04312221157127));
#2807=CARTESIAN_POINT('',(0.0164556615247511,-0.987444033308551,5.67011599431004));
#2808=CARTESIAN_POINT('Origin',(1.38196104344347,-0.945348837209303,21.2779139293441));
#2809=CARTESIAN_POINT('',(0.0678114550353415,-0.945348837209302,6.25711540018594));
#2810=CARTESIAN_POINT('',(0.118828389163199,-0.898686391453732,-1.36571549878099));
#2811=CARTESIAN_POINT('Origin',(1.38196104344347,-0.987444033308551,21.2779139293441));
#2812=CARTESIAN_POINT('Origin',(-0.7502377054818,0.0689193245677036,-1.26213300554552));
#2813=CARTESIAN_POINT('Origin',(-0.149580044767979,-1.23209027962239,11.496040466012));
#2814=CARTESIAN_POINT('Origin',(-5.72101331532761,18.,-5.44630590273329));
#2815=CARTESIAN_POINT('',(-5.54670182983231,-0.742158566606426,-3.45391650654979));
#2816=CARTESIAN_POINT('',(-5.72101331532761,-0.742158566606426,-5.44630590273329));
#2817=CARTESIAN_POINT('',(-5.72101331532761,-0.742158566606426,-5.44630590273329));
#2818=CARTESIAN_POINT('',(-5.54670182983231,-0.73698469524461,-3.45391650654979));
#2819=CARTESIAN_POINT('',(-5.54670182983231,9.,-3.45391650654979));
#2820=CARTESIAN_POINT('',(-4.7459740174258,-0.681119964146481,5.69844426953296));
#2821=CARTESIAN_POINT('',(-6.0220280495046,-0.770146989640351,-8.88692005827832));
#2822=CARTESIAN_POINT('',(-4.7459740174258,2.49198234244906,5.69844426953296));
#2823=CARTESIAN_POINT('',(-4.7459740174258,9.,5.69844426953296));
#2824=CARTESIAN_POINT('',(-5.54670182983231,2.49198234244906,-3.45391650654979));
#2825=CARTESIAN_POINT('',(-5.46284927974434,2.49198234244906,-2.49547747332429));
#2826=CARTESIAN_POINT('',(-5.54670182983231,6.37672415730603,-3.45391650654979));
#2827=CARTESIAN_POINT('',(-5.54670182983231,9.,-3.45391650654979));
#2828=CARTESIAN_POINT('',(-5.72101331532761,6.37672415730603,-5.44630590273329));
#2829=CARTESIAN_POINT('',(-5.72101331532761,6.37672415730603,-5.44630590273329));
#2830=CARTESIAN_POINT('',(-5.72101331532761,9.,-5.44630590273328));
#2831=CARTESIAN_POINT('Origin',(-4.74555653313645,-0.902583423035522,-12.5793083581547));
#2832=CARTESIAN_POINT('',(-2.98554817365272,-0.915669833670686,-3.67798841702015));
#2833=CARTESIAN_POINT('',(-2.98554817448812,-0.915669833989553,-3.67798841694038));
#2834=CARTESIAN_POINT('',(-2.78029308360958,-0.8986863914689,-1.11207523671825));
#2835=CARTESIAN_POINT('Origin',(7989.5882370938,-558.757512028682,-638.04442962282));
#2836=CARTESIAN_POINT('',(-0.720709293448527,-0.898686391453732,10.5684048687407));
#2837=CARTESIAN_POINT('',(-2.78029308349652,-0.898686391453732,-1.11207523573871));
#2838=CARTESIAN_POINT('',(-3.93617154647076,-0.738489381312585,5.55565424484638));
#2839=CARTESIAN_POINT('Ctrl Pts',(-3.9361715464503,-0.738489381313576,5.55565424488069));
#2840=CARTESIAN_POINT('Ctrl Pts',(-1.54508559316441,-0.854187221970972,
9.56620176793636));
#2841=CARTESIAN_POINT('Ctrl Pts',(-0.720709293434932,-0.898686391454468,
10.5684048687572));
#2842=CARTESIAN_POINT('',(-3.93617154646856,-0.738489381312585,5.55565424485882));
#2843=CARTESIAN_POINT('Origin',(-2.76813254266713,8.1688827145472E-17,-3.69700981999803));
#2844=CARTESIAN_POINT('',(-2.97731691389548,-0.922790078618336,-3.67870855892875));
#2845=CARTESIAN_POINT('',(-15.2352624930792,-0.0610386024599426,-2.60627728263255));
#2846=CARTESIAN_POINT('Origin',(-2.07910896268406,-1.24669966180252E-16,
-3.75729157214859));
#2847=CARTESIAN_POINT('Origin',(-3.00753149107295,-0.932920301717354,-5.68370480103919));
#2848=CARTESIAN_POINT('',(-3.15162839939078,-0.922790078618336,-5.67109795511224));
#2849=CARTESIAN_POINT('',(-15.4095739785745,-0.0610386024599427,-4.59866667881604));
#2850=CARTESIAN_POINT('',(-2.9773169142502,-0.922790078593398,-3.67870855889772));
#2851=CARTESIAN_POINT('Origin',(-2.94244402816244,8.1688827145472E-17,-5.68939921618153));
#2852=CARTESIAN_POINT('',(-1.72938604966449,2.,-5.79552803749976));
#2853=CARTESIAN_POINT('',(-1.72938604966449,2.,-5.79552803749976));
#2854=CARTESIAN_POINT('',(-1.72938604966449,0.722841614740049,-5.79552803749976));
#2855=CARTESIAN_POINT('',(-1.72938604966449,0.722841614740049,-5.79552803749976));
#2856=CARTESIAN_POINT('',(-1.81407958769144,-0.717824561156858,-5.7881183130485));
#2857=CARTESIAN_POINT('Origin',(-1.72938604966449,0.,-5.79552803749976));
#2858=CARTESIAN_POINT('',(-1.72938604966449,-0.802841614740035,-5.79552803749976));
#2859=CARTESIAN_POINT('',(-1.72938604966449,-0.802841614740036,-5.79552803749976));
#2860=CARTESIAN_POINT('',(-1.72938604966449,-1.2238962679253,-5.79552803749976));
#2861=CARTESIAN_POINT('',(-1.72938604966449,-1.2238962679253,-5.79552803749976));
#2862=CARTESIAN_POINT('',(-1.79586697323267,-1.23209027962239,-5.78971171034682));
#2863=CARTESIAN_POINT('',(-1.72938604966449,-1.2238962679253,-5.79552803749976));
#2864=CARTESIAN_POINT('',(-2.46647203566408,-0.987444033308551,-5.73104136968098));
#2865=CARTESIAN_POINT('Origin',(-1.7293860496645,-1.66533453693773E-16,
-5.79552803749977));
#2866=CARTESIAN_POINT('',(-2.46647203566408,-0.945348837209302,-5.73104136968097));
#2867=CARTESIAN_POINT('',(-2.46647203566408,-0.987444033308551,-5.73104136968097));
#2868=CARTESIAN_POINT('',(-3.17894678635485,-0.898686391430122,-5.66870790594708));
#2869=CARTESIAN_POINT('',(-2.46647203566408,-0.945348837209302,-5.73104136968097));
#2870=CARTESIAN_POINT('Origin',(-2.25342044817937,-8.30366027568086E-17,
-5.74968096833208));
#2871=CARTESIAN_POINT('Origin',(-1.21305797849794,2.,0.106128821318236));
#2872=CARTESIAN_POINT('',(-3.09357534538674,2.28674737075729,5.40708180076566));
#2873=CARTESIAN_POINT('',(-8.8361526833223,3.,6.41965312424861));
#2874=CARTESIAN_POINT('',(-0.420843303547006,1.99204048752115,8.41740021978933));
#2875=CARTESIAN_POINT('Ctrl Pts',(-3.09357534538676,2.28674737075729,5.40708180076563));
#2876=CARTESIAN_POINT('Ctrl Pts',(-1.29551375352703,2.0952278603514,8.06230768601189));
#2877=CARTESIAN_POINT('Ctrl Pts',(-0.420843303544789,1.99204048752089,8.41740021979023));
#2878=CARTESIAN_POINT('',(-0.55,2.,7.68491619531352));
#2879=CARTESIAN_POINT('',(-0.420843303547006,1.99204048752115,8.41740021978933));
#2880=CARTESIAN_POINT('',(-1.55507456416919,2.,-3.80313864131627));
#2881=CARTESIAN_POINT('',(-0.55,2.,7.68491619531352));
#2882=CARTESIAN_POINT('',(-9.66842929513987,3.,-3.09331207919197));
#2883=CARTESIAN_POINT('Origin',(-0.819269253902144,-1.04104542167992,5.00606027444734));
#2884=CARTESIAN_POINT('',(-0.55,-0.816239565597997,7.68491619531352));
#2885=CARTESIAN_POINT('',(1.50166777166572,-0.816239565597998,19.3205023286578));
#2886=CARTESIAN_POINT('',(1.50166777166572,-0.816239565597998,19.3205023286578));
#2887=CARTESIAN_POINT('',(-0.618503134640001,-0.699449708870973,7.6555841801553));
#2888=CARTESIAN_POINT('Ctrl Pts',(-0.550000000000007,-0.816239565598012,
7.68491619531341));
#2889=CARTESIAN_POINT('Ctrl Pts',(-0.569047838608597,-0.796040147899393,
7.6803787731585));
#2890=CARTESIAN_POINT('Ctrl Pts',(-0.588083650959205,-0.775958875719553,
7.67530425707865));
#2891=CARTESIAN_POINT('Ctrl Pts',(-0.60710250384961,-0.75599622093036,7.66971820709964));
#2892=CARTESIAN_POINT('Ctrl Pts',(-0.61844040053485,-0.744095686294163,
7.66638813993389));
#2893=CARTESIAN_POINT('Ctrl Pts',(-0.629769654860538,-0.732240051189274,
7.66287705100688));
#2894=CARTESIAN_POINT('Ctrl Pts',(-0.641089223306577,-0.720429364691284,
7.65919060698481));
#2895=CARTESIAN_POINT('',(1.4362273830123,-0.676066727485247,19.6675228433711));
#2896=CARTESIAN_POINT('',(1.4362273830123,-0.676066727485247,19.6675228433711));
#2897=CARTESIAN_POINT('Origin',(1.00926389515961,-0.254224925393189,19.4073264174912));
#2898=CARTESIAN_POINT('Ctrl Pts',(-0.549999999999975,-0.816958069679179,
7.68491619531342));
#2899=CARTESIAN_POINT('Ctrl Pts',(-0.549999999999975,-0.671532843648399,
7.68491619531342));
#2900=CARTESIAN_POINT('Ctrl Pts',(-0.588702950172924,-0.816958069679179,
7.6756966913485));
#2901=CARTESIAN_POINT('Ctrl Pts',(-0.588702950172924,-0.671532843648399,
7.6756966913485));
#2902=CARTESIAN_POINT('Ctrl Pts',(-0.626987089187915,-0.816958069679179,
7.66434770427592));
#2903=CARTESIAN_POINT('Ctrl Pts',(-0.626987089187915,-0.671532843648399,
7.66434770427592));
#2904=CARTESIAN_POINT('Ctrl Pts',(-0.664755695634562,-0.816958069679179,
7.65122452946513));
#2905=CARTESIAN_POINT('Ctrl Pts',(-0.664755695634562,-0.671532843648399,
7.65122452946513));
#2906=CARTESIAN_POINT('',(-0.55,-0.802841614740042,7.68491619531352));
#2907=CARTESIAN_POINT('',(-0.55,-0.816239565597995,7.68491619531352));
#2908=CARTESIAN_POINT('Ctrl Pts',(-0.637849779554449,-0.717476739535998,
7.66024071956361));
#2909=CARTESIAN_POINT('Ctrl Pts',(-0.623211490550864,-0.731647675139705,
7.66496387695773));
#2910=CARTESIAN_POINT('Ctrl Pts',(-0.608538597586633,-0.745878189516088,
7.66939896967871));
#2911=CARTESIAN_POINT('Ctrl Pts',(-0.593834365478807,-0.76016632479657,
7.67353114471952));
#2912=CARTESIAN_POINT('Ctrl Pts',(-0.579250557824864,-0.774337443365431,
7.677629478148));
#2913=CARTESIAN_POINT('Ctrl Pts',(-0.564638025882891,-0.788563198874826,
7.68142924310272));
#2914=CARTESIAN_POINT('Ctrl Pts',(-0.549999999999987,-0.802841614740056,
7.68491619531341));
#2915=CARTESIAN_POINT('Origin',(-1.21305797849794,-17.8665392058429,0.106128821318236));
#2916=CARTESIAN_POINT('',(-1.55507456416919,2.,-3.80313864131627));
#2917=CARTESIAN_POINT('',(-0.550000000000001,0.722841614740048,7.68491619531351));
#2918=CARTESIAN_POINT('',(-0.55,2.,7.68491619531352));
#2919=CARTESIAN_POINT('',(-1.72938604966449,0.722841614740048,-5.79552803749976));
#2920=CARTESIAN_POINT('Origin',(-1.5578750686613,0.,5.13629640769753));
#2921=CARTESIAN_POINT('Origin',(-0.819269253902144,-1.91794902440325E-16,
5.00606027444734));
#2922=CARTESIAN_POINT('Origin',(-1.88447169283917,0.,0.116751144919668));
#2923=CARTESIAN_POINT('',(1.50166777166572,0.722841614740048,19.3205023286578));
#2924=CARTESIAN_POINT('',(1.50166777166572,0.722841614740048,19.3205023286578));
#2925=CARTESIAN_POINT('',(-0.0620419103659681,1.23389626792531,10.4522640377906));
#2926=CARTESIAN_POINT('Ctrl Pts',(-0.0620419103659603,1.23389626792529,
10.4522640377906));
#2927=CARTESIAN_POINT('Ctrl Pts',(-0.199280713707354,1.52530591377371,9.67394410745445));
#2928=CARTESIAN_POINT('Ctrl Pts',(-0.420843303547006,1.99204048752115,8.41740021978932));
#2929=CARTESIAN_POINT('',(1.50166777166572,1.23389626792531,19.3205023286578));
#2930=CARTESIAN_POINT('',(1.50166777166572,1.23389626792531,19.3205023286578));
#2931=CARTESIAN_POINT('',(1.50166777166572,1.23389626792531,19.3205023286578));
#2932=CARTESIAN_POINT('Origin',(0.134919640236474,-1.91794902440325E-16,
10.4175344022572));
#2933=CARTESIAN_POINT('Origin',(0.134919640236474,-1.91794902440325E-16,
10.4175344022572));
#2934=CARTESIAN_POINT('Origin',(-1.88447169283917,0.,0.116751144919668));
#2935=CARTESIAN_POINT('',(-0.55,-1.22389626792531,7.68491619531352));
#2936=CARTESIAN_POINT('',(-0.55,-1.22389626792531,7.68491619531352));
#2937=CARTESIAN_POINT('',(1.50166777166572,-1.09745857108495,19.3205023286578));
#2938=CARTESIAN_POINT('',(1.50166777166572,-0.816239565597998,19.3205023286578));
#2939=CARTESIAN_POINT('',(1.50166777166572,-1.09745857108495,19.3205023286578));
#2940=CARTESIAN_POINT('Origin',(-0.819269253902144,-1.91794902440325E-16,
5.00606027444734));
#2941=CARTESIAN_POINT('',(1.09608798399307,0.269258240356726,19.8997302939973));
#2942=CARTESIAN_POINT('',(1.09608798399307,-0.269258240356726,19.8997302939973));
#2943=CARTESIAN_POINT('Origin',(1.78545341110162,-1.91794902440325E-16,
19.7781765696305));
#2944=CARTESIAN_POINT('Ctrl Pts',(1.43622738301231,-0.676066727485248,19.6675228433711));
#2945=CARTESIAN_POINT('Ctrl Pts',(1.41698849713128,-0.664333997032898,19.6990924615562));
#2946=CARTESIAN_POINT('Ctrl Pts',(1.39481378461297,-0.649794276383447,19.7274600715682));
#2947=CARTESIAN_POINT('Ctrl Pts',(1.32457253206506,-0.597550473366908,19.8013306211263));
#2948=CARTESIAN_POINT('Ctrl Pts',(1.26354380404246,-0.541065597484281,19.840776032601));
#2949=CARTESIAN_POINT('Ctrl Pts',(1.16988901104734,-0.422730405824515,19.8837444539629));
#2950=CARTESIAN_POINT('Ctrl Pts',(1.12627758919299,-0.348953962713059,19.8944070520637));
#2951=CARTESIAN_POINT('Ctrl Pts',(1.09608798399307,-0.269258240356726,19.8997302939973));
#2952=CARTESIAN_POINT('',(-0.702067267016686,-0.717824561156858,6.92224067357985));
#2953=CARTESIAN_POINT('Ctrl Pts',(-0.702067267016687,-0.717824561156858,
6.92224067357984));
#2954=CARTESIAN_POINT('Ctrl Pts',(-0.674851009870845,-0.71851182674224,
7.16674436656124));
#2955=CARTESIAN_POINT('Ctrl Pts',(-0.64762645042982,-0.719128725499256,
7.41124733318592));
#2956=CARTESIAN_POINT('Ctrl Pts',(-0.620395290913554,-0.719675076032956,
7.65574972237884));
#2957=CARTESIAN_POINT('Ctrl Pts',(-0.549999999999996,0.722841614740048,
7.68491619531354));
#2958=CARTESIAN_POINT('Ctrl Pts',(-0.607952278244773,0.722841614740048,
7.35625249329848));
#2959=CARTESIAN_POINT('Ctrl Pts',(-0.673716810444679,0.722568991637996,
7.00463689251471));
#2960=CARTESIAN_POINT('Ctrl Pts',(-0.805429885413754,0.706942441611123,
6.53008234994903));
#2961=CARTESIAN_POINT('Ctrl Pts',(-0.854462334376129,0.699740167937668,
6.38238021516448));
#2962=CARTESIAN_POINT('Ctrl Pts',(-0.951155014950352,0.671510210617856,
6.18598480283524));
#2963=CARTESIAN_POINT('Ctrl Pts',(-0.987290097875127,0.659167495204292,
6.12500748664757));
#2964=CARTESIAN_POINT('Ctrl Pts',(-1.07237389398994,0.619530140502292,6.01468267567232));
#2965=CARTESIAN_POINT('Ctrl Pts',(-1.1216615911362,0.592699384024622,5.96543071479268));
#2966=CARTESIAN_POINT('Ctrl Pts',(-1.21383263078161,0.518406627289715,5.8988881965516));
#2967=CARTESIAN_POINT('Ctrl Pts',(-1.25180735161912,0.481683953730234,5.87715675178869));
#2968=CARTESIAN_POINT('Ctrl Pts',(-1.31958347742664,0.39723211911059,5.84443793411048));
#2969=CARTESIAN_POINT('Ctrl Pts',(-1.34924342943721,0.349526448295621,5.83309802044744));
#2970=CARTESIAN_POINT('Ctrl Pts',(-1.40112972432512,0.240949183685911,5.81478028873406));
#2971=CARTESIAN_POINT('Ctrl Pts',(-1.42488133044116,0.161470533952146,5.80805638540513));
#2972=CARTESIAN_POINT('Ctrl Pts',(-1.43643692458675,0.074709711301637,5.80480251203424));
#2973=CARTESIAN_POINT('Ctrl Pts',(-1.43842326226874,0.0529258949799539,
5.80425258376984));
#2974=CARTESIAN_POINT('Ctrl Pts',(-1.43986012761056,0.0238754448346506,
5.80385568076951));
#2975=CARTESIAN_POINT('Ctrl Pts',(-1.44018196832822,0.0108544193537268,
5.80376714791102));
#2976=CARTESIAN_POINT('Ctrl Pts',(-1.44018196832822,-0.0108544193537264,
5.80376714791102));
#2977=CARTESIAN_POINT('Ctrl Pts',(-1.43986012761056,-0.0238754448346502,
5.80385568076951));
#2978=CARTESIAN_POINT('Ctrl Pts',(-1.43842326226874,-0.0529258949799538,
5.80425258376984));
#2979=CARTESIAN_POINT('Ctrl Pts',(-1.43643692458675,-0.0747097113016371,
5.80480251203424));
#2980=CARTESIAN_POINT('Ctrl Pts',(-1.42488133044116,-0.161470533952146,
5.80805638540513));
#2981=CARTESIAN_POINT('Ctrl Pts',(-1.40112972432512,-0.240949183685911,
5.81478028873406));
#2982=CARTESIAN_POINT('Ctrl Pts',(-1.34924342943721,-0.34952644829562,5.83309802044744));
#2983=CARTESIAN_POINT('Ctrl Pts',(-1.31958347742664,-0.39723211911059,5.84443793411048));
#2984=CARTESIAN_POINT('Ctrl Pts',(-1.25180735161912,-0.481683953730234,
5.87715675178869));
#2985=CARTESIAN_POINT('Ctrl Pts',(-1.21383263078161,-0.518406627289715,
5.8988881965516));
#2986=CARTESIAN_POINT('Ctrl Pts',(-1.1216615911362,-0.592699384024621,5.96543071479269));
#2987=CARTESIAN_POINT('Ctrl Pts',(-1.07237389398994,-0.619530140502293,
6.01468267567233));
#2988=CARTESIAN_POINT('Ctrl Pts',(-0.987290097875125,-0.659167495204293,
6.12500748664757));
#2989=CARTESIAN_POINT('Ctrl Pts',(-0.951155014950351,-0.671510210617856,
6.18598480283525));
#2990=CARTESIAN_POINT('Ctrl Pts',(-0.854462334376128,-0.699740167937668,
6.38238021516449));
#2991=CARTESIAN_POINT('Ctrl Pts',(-0.805429885413754,-0.706942441611122,
6.53008234994904));
#2992=CARTESIAN_POINT('Ctrl Pts',(-0.740379074596115,-0.714660124534926,
6.76445663494952));
#2993=CARTESIAN_POINT('Ctrl Pts',(-0.720710663397501,-0.716445536628668,
6.84274007575966));
#2994=CARTESIAN_POINT('Ctrl Pts',(-0.702067267016697,-0.717824561156857,
6.92224067357985));
#2995=CARTESIAN_POINT('Ctrl Pts',(1.09608798399307,0.269258240356726,19.8997302939973));
#2996=CARTESIAN_POINT('Ctrl Pts',(1.12627758919299,0.348953962713058,19.8944070520637));
#2997=CARTESIAN_POINT('Ctrl Pts',(1.16988901104734,0.422730405824515,19.8837444539629));
#2998=CARTESIAN_POINT('Ctrl Pts',(1.26354380404246,0.541065597484281,19.840776032601));
#2999=CARTESIAN_POINT('Ctrl Pts',(1.32457253206506,0.597550473366908,19.8013306211263));
#3000=CARTESIAN_POINT('Ctrl Pts',(1.39558899428991,0.650370859234543,19.7266448075633));
#3001=CARTESIAN_POINT('Ctrl Pts',(1.41846981442191,0.665290107550339,19.697188996273));
#3002=CARTESIAN_POINT('Ctrl Pts',(1.45782136869315,0.689176623892358,19.6315085584563));
#3003=CARTESIAN_POINT('Ctrl Pts',(1.47429685561994,0.698167086135408,19.5952952173388));
#3004=CARTESIAN_POINT('Ctrl Pts',(1.5101508579987,0.718207594375163,19.4812486231481));
#3005=CARTESIAN_POINT('Ctrl Pts',(1.51525013949873,0.722841614740048,19.3975317644165));
#3006=CARTESIAN_POINT('Ctrl Pts',(1.50166777166572,0.722841614740048,19.3205023286578));
#3007=CARTESIAN_POINT('Origin',(1.78545341110162,-1.91794902440325E-16,
19.7781765696305));
#3008=CARTESIAN_POINT('',(1.09608798399307,-1.0356157588604,19.8997302939973));
#3009=CARTESIAN_POINT('',(1.25945543588017,-1.13264712374819,19.8402284767978));
#3010=CARTESIAN_POINT('Ctrl Pts',(1.09608798399307,-1.0356157588604,19.8997302939973));
#3011=CARTESIAN_POINT('Ctrl Pts',(1.11762952569698,-1.05040087405784,19.8959319389889));
#3012=CARTESIAN_POINT('Ctrl Pts',(1.13922692017884,-1.06438642970051,19.8906688382193));
#3013=CARTESIAN_POINT('Ctrl Pts',(1.16075459256455,-1.07755067175471,19.8838246531645));
#3014=CARTESIAN_POINT('Ctrl Pts',(1.18098202990822,-1.08991981582924,19.8773938453241));
#3015=CARTESIAN_POINT('Ctrl Pts',(1.20114835568146,-1.10156386210587,19.869566442623));
#3016=CARTESIAN_POINT('Ctrl Pts',(1.22110674871948,-1.11246476499135,19.8602310491695));
#3017=CARTESIAN_POINT('Ctrl Pts',(1.23399427877623,-1.11950369409324,19.8542030005438));
#3018=CARTESIAN_POINT('Ctrl Pts',(1.24679423653832,-1.1262327665171,19.8475458939886));
#3019=CARTESIAN_POINT('Ctrl Pts',(1.25945543588016,-1.13264712374819,19.8402284767978));
#3020=CARTESIAN_POINT('',(1.09608798399307,1.0356157588604,19.8997302939973));
#3021=CARTESIAN_POINT('Origin',(1.78545341110162,-1.91794902440325E-16,
19.7781765696305));
#3022=CARTESIAN_POINT('Ctrl Pts',(1.50166777166572,1.23389626792531,19.3205023286578));
#3023=CARTESIAN_POINT('Ctrl Pts',(1.51249988991103,1.23389626792531,19.3819343239304));
#3024=CARTESIAN_POINT('Ctrl Pts',(1.51182461255809,1.23208459295895,19.4495861056561));
#3025=CARTESIAN_POINT('Ctrl Pts',(1.48366035786913,1.22238576093629,19.5785021252556));
#3026=CARTESIAN_POINT('Ctrl Pts',(1.4561681603375,1.2142232011354,19.6397447920325));
#3027=CARTESIAN_POINT('Ctrl Pts',(1.38298124316676,1.18836364144826,19.7464232223194));
#3028=CARTESIAN_POINT('Ctrl Pts',(1.33071456264694,1.16785806482842,19.7962572551495));
#3029=CARTESIAN_POINT('Ctrl Pts',(1.21552156957877,1.1110905333837,19.8678212127652));
#3030=CARTESIAN_POINT('Ctrl Pts',(1.15283389583571,1.07456352105446,19.8897244586946));
#3031=CARTESIAN_POINT('Ctrl Pts',(1.09608798399307,1.0356157588604,19.8997302939973));
#3032=CARTESIAN_POINT('',(-1.40636051696384,-0.945348837209302,6.38608873582351));
#3033=CARTESIAN_POINT('Origin',(-31.0926620761775,-1.91794902440325E-16,
-166.682882056681));
#3034=CARTESIAN_POINT('',(-1.45771631047443,-0.987444033308551,5.79908932994761));
#3035=CARTESIAN_POINT('Origin',(-2.22417197199917,-1.91794902440325E-16,
-2.96153896902845));
#3036=CARTESIAN_POINT('',(-0.672121758775512,-1.2320902796224,7.05475486587717));
#3037=CARTESIAN_POINT('Ctrl Pts',(-0.672121758775589,-1.23209027962238,
7.05475486587718));
#3038=CARTESIAN_POINT('Ctrl Pts',(-0.703658027557041,-1.2310710309924,6.91020420308792));
#3039=CARTESIAN_POINT('Ctrl Pts',(-0.737866595797131,-1.22953808461108,
6.76798344485035));
#3040=CARTESIAN_POINT('Ctrl Pts',(-0.825501077994522,-1.22282550411909,
6.46761005125312));
#3041=CARTESIAN_POINT('Ctrl Pts',(-0.880149325497659,-1.21776045251861,
6.31422486285898));
#3042=CARTESIAN_POINT('Ctrl Pts',(-0.993806856572122,-1.19597411644301,
6.11529771834766));
#3043=CARTESIAN_POINT('Ctrl Pts',(-1.03724257990074,-1.18623934974832,6.05438797050832));
#3044=CARTESIAN_POINT('Ctrl Pts',(-1.14187507779544,-1.15454674957087,5.94761992812926));
#3045=CARTESIAN_POINT('Ctrl Pts',(-1.20332496305465,-1.1327080748483,5.9019746004783));
#3046=CARTESIAN_POINT('Ctrl Pts',(-1.33319232216994,-1.06909362766653,5.8369070734148));
#3047=CARTESIAN_POINT('Ctrl Pts',(-1.39729344060841,-1.03152769381563,5.81470035641325));
#3048=CARTESIAN_POINT('Ctrl Pts',(-1.45771631047443,-0.987444033308553,
5.79908932994759));
#3049=CARTESIAN_POINT('Origin',(19.1098091511803,-1.91794902440325E-16,
118.029480314936));
#3050=CARTESIAN_POINT('Origin',(1.04684759634246,0.,19.9084127028807));
#3051=CARTESIAN_POINT('',(1.09608798399307,-0.269258240356726,19.8997302939973));
#3052=CARTESIAN_POINT('',(1.09608798399307,1.0356157588604,19.8997302939973));
#3053=CARTESIAN_POINT('Origin',(-1.21305797849794,-17.8665392058429,0.106128821318236));
#3054=CARTESIAN_POINT('',(-0.55,-0.802841614740044,7.68491619531352));
#3055=CARTESIAN_POINT('',(-1.7293860496645,-1.2238962679253,-5.79552803749976));
#3056=CARTESIAN_POINT('Origin',(-2.42663199164571,0.,-13.7650856222337));
#3057=CARTESIAN_POINT('',(-1.81407958769144,-0.717824561156858,-5.78811831304851));
#3058=CARTESIAN_POINT('Origin',(-2.51132552967266,-0.717824561156857,-13.7576758977825));
#3059=CARTESIAN_POINT('Origin',(1.00926389515961,0.,19.4073264174912));
#3060=CARTESIAN_POINT('Origin',(1.00926389515961,0.,19.4073264174912));
#3061=CARTESIAN_POINT('Origin',(1.00926389515961,-1.15861723537444,19.4073264174912));
#3062=CARTESIAN_POINT('Origin',(-2.76813254266713,8.1688827145472E-17,-3.69700981999803));
#3063=CARTESIAN_POINT('',(-1.55507456416919,2.,-3.80313864131627));
#3064=CARTESIAN_POINT('Origin',(-1.29017928656242,1.51842025264809,-5.83395365021511));
#3065=CARTESIAN_POINT('Origin',(-0.216060968336172,-5.27983032932499E-16,
11.501856793165));
#3066=CARTESIAN_POINT('',(-1.45771631047443,-0.987444033308551,5.79908932994761));
#3067=CARTESIAN_POINT('',(-0.672121758775513,-1.23209027962239,7.05475486587717));
#3068=CARTESIAN_POINT('Origin',(-0.0922109285557282,-0.945348837209303,
21.4068872649817));
#3069=CARTESIAN_POINT('',(-1.40636051696384,-0.945348837209302,6.38608873582351));
#3070=CARTESIAN_POINT('',(-2.78029308349654,-0.898686391453732,-1.1120752357387));
#3071=CARTESIAN_POINT('Origin',(-0.0922109285557282,-0.987444033308551,
21.4068872649817));
#3072=CARTESIAN_POINT('Origin',(-1.90644314442157,0.0689193245677036,-1.16097813693129));
#3073=CARTESIAN_POINT('Origin',(-0.282541891904339,-1.23209027962239,11.5076731203179));
#3074=CARTESIAN_POINT('Origin',(-30.679983091518,13.2438683654886,0.0254433315275931));
#3075=CARTESIAN_POINT('',(14.3633770728456,13.6579788376526,-2.36395524033007));
#3076=CARTESIAN_POINT('Origin',(14.2286795003186,13.2438683654886,-3.90355553936856));
#3077=CARTESIAN_POINT('',(11.3747929785703,13.6579788376526,-2.10248801208711));
#3078=CARTESIAN_POINT('',(-30.545285518991,13.6579788376526,1.56504363056609));
#3079=CARTESIAN_POINT('Origin',(11.2400954060433,13.2438683654886,-3.6420883111256));
#3080=CARTESIAN_POINT('Origin',(-30.5220801287259,6.48238758146509,1.83028245500169));
#3081=CARTESIAN_POINT('',(14.5212800356376,6.89649805362912,-0.559116116855972));
#3082=CARTESIAN_POINT('Origin',(14.3865824631106,6.48238758146509,-2.09871641589446));
#3083=CARTESIAN_POINT('',(11.5326959413624,6.89649805362912,-0.297648888613013));
#3084=CARTESIAN_POINT('',(-30.387382556199,6.89649805362912,3.36988275404019));
#3085=CARTESIAN_POINT('Origin',(11.3979983688354,6.48238758146509,-1.83724918765151));
#3086=CARTESIAN_POINT('Origin',(-2.47454377913869,17.2763835548928,-2.84902254322026));
#3087=CARTESIAN_POINT('',(14.7293506493453,18.9242225482194,1.81914188049074));
#3088=CARTESIAN_POINT('',(11.74076655507,18.9242225482194,2.08060910873369));
#3089=CARTESIAN_POINT('',(4.90110740259975,18.9242225482194,2.67900174695613));
#3090=CARTESIAN_POINT('',(13.6573541699217,15.6285063751359,-10.4338339476974));
#3091=CARTESIAN_POINT('',(14.4613546347112,18.1003030515561,-1.24406658370867));
#3092=CARTESIAN_POINT('',(10.6687700756465,15.6285063751359,-10.1723667194544));
#3093=CARTESIAN_POINT('',(5.32340297031382,15.6285063751359,-9.70470769535349));
#3094=CARTESIAN_POINT('',(10.9367723007242,16.4524449650143,-7.10908726955979));
#3095=CARTESIAN_POINT('Origin',(13.1050965525325,-0.110300411525585,0.464402469451538));
#3096=CARTESIAN_POINT('',(15.1353868393819,1.5375576750162,6.46015676942413));
#3097=CARTESIAN_POINT('',(14.0633903599584,-1.75815849806737,-5.79281905876401));
#3098=CARTESIAN_POINT('',(15.1353868393819,1.5375576750162,6.46015676942413));
#3099=CARTESIAN_POINT('',(12.1468027451067,1.5375576750162,6.72162399766709));
#3100=CARTESIAN_POINT('',(12.1468027451067,1.5375576750162,6.72162399766709));
#3101=CARTESIAN_POINT('',(11.0748062656831,-1.75815849806737,-5.53135183052105));
#3102=CARTESIAN_POINT('',(11.0748062656831,-1.75815849806737,-5.53135183052105));
#3103=CARTESIAN_POINT('',(14.0633903599584,-1.75815849806737,-5.79281905876401));
#3104=CARTESIAN_POINT('Origin',(11.0748062656831,-1.75815849806737,-5.53135183052105));
#3105=CARTESIAN_POINT('',(11.0748062656831,-1.75815849806737,-5.53135183052105));
#3106=CARTESIAN_POINT('',(12.1468027451067,1.5375576750162,6.72162399766709));
#3107=CARTESIAN_POINT('Origin',(12.1468027451067,1.5375576750162,6.72162399766709));
#3108=CARTESIAN_POINT('',(15.1353868393819,1.5375576750162,6.46015676942413));
#3109=CARTESIAN_POINT('Origin',(15.1353868393819,1.5375576750162,6.46015676942413));
#3110=CARTESIAN_POINT('',(14.0633903599584,-1.75815849806737,-5.79281905876401));
#3111=CARTESIAN_POINT('Origin',(14.0633903599584,-1.75815849806737,-5.79281905876401));
#3112=CARTESIAN_POINT('Origin',(-2.47454377913869,17.2763835548928,-2.84902254322026));
#3113=CARTESIAN_POINT('',(-16.6898532215678,15.633894398738,-7.75861214269983));
#3114=CARTESIAN_POINT('',(-15.61960930275,18.9242225482194,4.47433182610115));
#3115=CARTESIAN_POINT('',(-15.8876053173841,18.1003030515561,1.41112336190174));
#3116=CARTESIAN_POINT('',(-19.6784373158431,15.633894398738,-7.49714491445688));
#3117=CARTESIAN_POINT('',(-9.84932444512809,15.633894398738,-8.35708086316112));
#3118=CARTESIAN_POINT('',(-18.6081933970252,18.9242225482194,4.7357990543441));
#3119=CARTESIAN_POINT('',(-19.4113113710682,16.4551389768154,-4.4438813942558));
#3120=CARTESIAN_POINT('',(-10.2733725734479,18.9242225482194,4.00659671976134));
#3121=CARTESIAN_POINT('Origin',(-17.2429871192599,-0.107606399724494,3.12960834475553));
#3122=CARTESIAN_POINT('',(-16.2838170315312,-1.75277047446519,-3.11759725376644));
#3123=CARTESIAN_POINT('',(-19.2724011258064,-1.75277047446519,-2.85613002552348));
#3124=CARTESIAN_POINT('',(-16.2838170315312,-1.75277047446519,-3.11759725376644));
#3125=CARTESIAN_POINT('',(-15.2135731127133,1.5375576750162,9.11534671503454));
#3126=CARTESIAN_POINT('',(-15.2135731127133,1.5375576750162,9.11534671503454));
#3127=CARTESIAN_POINT('',(-18.2021572069886,1.5375576750162,9.3768139432775));
#3128=CARTESIAN_POINT('',(-18.2021572069886,1.5375576750162,9.3768139432775));
#3129=CARTESIAN_POINT('',(-19.2724011258064,-1.75277047446519,-2.85613002552348));
#3130=CARTESIAN_POINT('Origin',(-18.2021572069886,1.5375576750162,9.3768139432775));
#3131=CARTESIAN_POINT('',(-18.2021572069886,1.5375576750162,9.3768139432775));
#3132=CARTESIAN_POINT('',(-15.2135731127133,1.5375576750162,9.11534671503454));
#3133=CARTESIAN_POINT('Origin',(-15.2135731127133,1.5375576750162,9.11534671503454));
#3134=CARTESIAN_POINT('',(-16.2838170315312,-1.75277047446519,-3.11759725376644));
#3135=CARTESIAN_POINT('',(-15.9855828792497,13.6579788376526,0.291234705280348));
#3136=CARTESIAN_POINT('Origin',(-16.1202804517767,13.2438683654886,-1.24836559375815));
#3137=CARTESIAN_POINT('',(-15.8276799164577,6.89649805362912,2.09607382875445));
#3138=CARTESIAN_POINT('Origin',(-15.9623774889847,6.48238758146509,0.556473529715952));
#3139=CARTESIAN_POINT('Origin',(-16.2838170315312,-1.75277047446519,-3.11759725376644));
#3140=CARTESIAN_POINT('',(-19.2724011258064,-1.75277047446519,-2.85613002552348));
#3141=CARTESIAN_POINT('Origin',(-19.2724011258064,-1.75277047446519,-2.85613002552348));
#3142=CARTESIAN_POINT('',(-18.974166973525,13.6579788376526,0.552701933523304));
#3143=CARTESIAN_POINT('Origin',(-19.1088645460519,13.2438683654886,-0.98689836551519));
#3144=CARTESIAN_POINT('',(-18.8162640107329,6.89649805362912,2.3575410569974));
#3145=CARTESIAN_POINT('Origin',(-18.9509615832599,6.48238758146509,0.817940757958908));
#3146=CARTESIAN_POINT('Origin',(-30.5220801287259,6.48238758146509,1.83028245500169));
#3147=CARTESIAN_POINT('',(-30.387382556199,6.89649805362912,3.36988275404019));
#3148=CARTESIAN_POINT('Origin',(-30.679983091518,13.2438683654886,0.0254433315275931));
#3149=CARTESIAN_POINT('',(-30.545285518991,13.6579788376526,1.56504363056609));
#3150=CARTESIAN_POINT('Origin',(12.0678512637107,4.91829806702794,5.81920443593004));
#3151=CARTESIAN_POINT('',(2.03010250146141,1.62258189394436,-5.64936970752924));
#3152=CARTESIAN_POINT('',(3.10209898088497,4.91829806702794,6.60360612065891));
#3153=CARTESIAN_POINT('',(2.83409986102908,4.09436902375705,3.54036216361187));
#3154=CARTESIAN_POINT('',(12.0678512637107,4.91829806702794,5.81920443593004));
#3155=CARTESIAN_POINT('',(12.0678512637107,4.91829806702794,5.81920443593004));
#3156=CARTESIAN_POINT('',(10.9958547842871,1.62258189394436,-6.43377139225811));
#3157=CARTESIAN_POINT('',(12.0678512637107,4.91829806702794,5.81920443593004));
#3158=CARTESIAN_POINT('',(10.9958547842871,1.62258189394436,-6.43377139225811));
#3159=CARTESIAN_POINT('Origin',(12.1468027451067,1.5375576750162,6.72162399766709));
#3160=CARTESIAN_POINT('',(3.18105046228099,1.5375576750162,7.50602568239596));
#3161=CARTESIAN_POINT('',(3.16131259193199,2.38274277301914,7.28042079196169));
#3162=CARTESIAN_POINT('',(12.1468027451067,1.5375576750162,6.72162399766709));
#3163=CARTESIAN_POINT('',(12.1468027451067,1.5375576750162,6.72162399766709));
#3164=CARTESIAN_POINT('',(12.1468027451067,1.5375576750162,6.72162399766709));
#3165=CARTESIAN_POINT('Origin',(11.0748062656831,-1.75815849806737,-5.53135183052105));
#3166=CARTESIAN_POINT('',(2.10905398285743,-1.75815849806737,-4.74695014579219));
#3167=CARTESIAN_POINT('',(2.37705310271332,-0.934229454796477,-1.68370618874515));
#3168=CARTESIAN_POINT('',(11.0748062656831,-1.75815849806737,-5.53135183052105));
#3169=CARTESIAN_POINT('',(11.0748062656831,-1.75815849806737,-5.53135183052105));
#3170=CARTESIAN_POINT('',(11.0748062656831,-1.75815849806737,-5.53135183052105));
#3171=CARTESIAN_POINT('Origin',(10.9958547842871,1.62258189394436,-6.4337713922581));
#3172=CARTESIAN_POINT('',(2.04984037181041,0.77739679594143,-5.42376481709497));
#3173=CARTESIAN_POINT('',(10.6687700756465,15.6285063751359,-10.1723667194544));
#3174=CARTESIAN_POINT('Origin',(11.5713287646969,1.58006978448029,0.143926302704492));
#3175=CARTESIAN_POINT('Origin',(2.6055764818712,1.58006978448029,0.928327987433361));
#3176=CARTESIAN_POINT('Origin',(2.10905398285743,-1.75815849806737,-4.74695014579219));
#3177=CARTESIAN_POINT('',(2.10905398285743,-1.75815849806737,-4.74695014579219));
#3178=CARTESIAN_POINT('',(2.03010250146141,1.62258189394436,-5.64936970752924));
#3179=CARTESIAN_POINT('',(2.10905398285743,-1.75815849806737,-4.74695014579219));
#3180=CARTESIAN_POINT('',(1.94591651863205,1.36376284884184,-6.6116198944283));
#3181=CARTESIAN_POINT('',(2.03010250146141,1.62258189394436,-5.64936970752924));
#3182=CARTESIAN_POINT('',(2.02486800002807,-2.0169775431699,-5.70920033269125));
#3183=CARTESIAN_POINT('',(2.02486800002807,-2.01697754316989,-5.70920033269125));
#3184=CARTESIAN_POINT('',(2.10905398285743,-1.75815849806737,-4.74695014579219));
#3185=CARTESIAN_POINT('Origin',(14.0407910265766,-1.75815849806737,-5.79084187328986));
#3186=CARTESIAN_POINT('',(14.0407910265766,-1.75815849806737,-5.79084187328986));
#3187=CARTESIAN_POINT('',(14.0407910265766,-1.75815849806737,-5.79084187328986));
#3188=CARTESIAN_POINT('',(13.9566050437472,-2.01697754316989,-6.75309206018892));
#3189=CARTESIAN_POINT('',(13.9566050437472,-2.01697754316989,-6.75309206018892));
#3190=CARTESIAN_POINT('',(14.0407910265766,-1.75815849806737,-5.79084187328986));
#3191=CARTESIAN_POINT('Origin',(13.6350615584297,15.6153723963474,-10.4283509149804));
#3192=CARTESIAN_POINT('',(13.6350615584297,15.6153723963474,-10.4283509149804));
#3193=CARTESIAN_POINT('',(13.6350615584297,15.6153723963474,-10.4283509149804));
#3194=CARTESIAN_POINT('',(13.5508755756004,15.3565533512449,-11.3906011018795));
#3195=CARTESIAN_POINT('',(13.5508755756004,15.3565533512449,-11.3906011018795));
#3196=CARTESIAN_POINT('',(13.6350615584297,15.6153723963474,-10.4283509149804));
#3197=CARTESIAN_POINT('Origin',(10.6690767975363,15.6153723963474,-10.1688608722116));
#3198=CARTESIAN_POINT('',(10.6690767975363,15.6153723963474,-10.1688608722116));
#3199=CARTESIAN_POINT('',(10.6690767975363,15.6153723963474,-10.1688608722116));
#3200=CARTESIAN_POINT('',(10.5848908147069,15.3565533512449,-11.1311110591107));
#3201=CARTESIAN_POINT('',(10.5848908147069,15.3565533512449,-11.1311110591107));
#3202=CARTESIAN_POINT('',(10.6690767975363,15.6153723963474,-10.1688608722116));
#3203=CARTESIAN_POINT('Origin',(10.9958547842871,1.62258189394436,-6.4337713922581));
#3204=CARTESIAN_POINT('',(10.9958547842871,1.62258189394436,-6.4337713922581));
#3205=CARTESIAN_POINT('',(11.0748062656831,-1.75815849806737,-5.53135183052105));
#3206=CARTESIAN_POINT('',(10.9116688014578,1.36376284884184,-7.39602157915716));
#3207=CARTESIAN_POINT('',(10.9906202828538,-2.01697754316989,-6.49360201742011));
#3208=CARTESIAN_POINT('',(10.9958547842871,1.62258189394436,-6.4337713922581));
#3209=CARTESIAN_POINT('Origin',(2.03010250146141,1.62258189394436,-5.64936970752924));
#3210=CARTESIAN_POINT('',(2.03010250146141,1.62258189394436,-5.64936970752924));
#3211=CARTESIAN_POINT('',(1.94591651863205,1.36376284884184,-6.61161989442829));
#3212=CARTESIAN_POINT('Origin',(7.95010279769287,6.66622783176889,-8.56313652921907));
#3213=CARTESIAN_POINT('Origin',(8.03428878052224,6.92504687687141,-7.60088634232001));
#3214=CARTESIAN_POINT('Origin',(6.60416035243161,9.09295444402496,-6.29218199698958));
#3215=CARTESIAN_POINT('',(2.07170962476217,6.40924048891945,-5.17379811203418));
#3216=CARTESIAN_POINT('',(11.0374619075879,6.40924048891946,-5.95819979676305));
#3217=CARTESIAN_POINT('',(6.61070986246327,6.40924048891946,-5.57090917657447));
#3218=CARTESIAN_POINT('',(2.17321867227133,2.06257427061865,-4.01354438980083));
#3219=CARTESIAN_POINT('',(2.09112734535679,5.57776435732181,-4.95185255003713));
#3220=CARTESIAN_POINT('',(11.138970955097,2.06257427061865,-4.7979460745297));
#3221=CARTESIAN_POINT('',(6.71221890997244,2.06257427061865,-4.41065545434113));
#3222=CARTESIAN_POINT('',(11.0568796281825,5.57776435732181,-5.736254234766));
#3223=CARTESIAN_POINT('Origin',(6.49565557819447,6.22806715734769,-6.23957408522796));
#3224=CARTESIAN_POINT('',(10.8101597539486,5.71042906714265,-8.55627530139051));
#3225=CARTESIAN_POINT('',(11.1469036852661,6.74570524755273,-4.70727455379427));
#3226=CARTESIAN_POINT('',(1.84440747112288,5.71042906714265,-7.77187361666164));
#3227=CARTESIAN_POINT('',(10.8101597539486,5.71042906714265,-8.55627530139051));
#3228=CARTESIAN_POINT('',(1.84440747112288,5.71042906714265,-7.77187361666164));
#3229=CARTESIAN_POINT('Origin',(11.2484127327752,2.39903902925193,-3.54702083156093));
#3230=CARTESIAN_POINT('',(10.9116688014578,1.36376284884184,-7.39602157915716));
#3231=CARTESIAN_POINT('',(11.2484127327752,2.39903902925193,-3.54702083156093));
#3232=CARTESIAN_POINT('',(10.9116688014578,1.36376284884184,-7.39602157915716));
#3233=CARTESIAN_POINT('Origin',(1.94591651863205,1.36376284884184,-6.6116198944283));
#3234=CARTESIAN_POINT('',(1.94591651863205,1.36376284884184,-6.6116198944283));
#3235=CARTESIAN_POINT('',(1.94591651863205,1.36376284884184,-6.6116198944283));
#3236=CARTESIAN_POINT('',(1.94591651863205,1.36376284884184,-6.61161989442829));
#3237=CARTESIAN_POINT('Origin',(10.9116688014578,1.36376284884184,-7.39602157915716));
#3238=CARTESIAN_POINT('',(10.9116688014578,1.36376284884184,-7.39602157915716));
#3239=CARTESIAN_POINT('Origin',(6.59716462570364,1.88140093904689,-5.07932036299461));
#3240=CARTESIAN_POINT('Origin',(-5.8654607425328,5.71042906714266,-7.09734755068796));
#3241=CARTESIAN_POINT('',(-5.63815858889352,6.40924048891946,-4.49927204606049));
#3242=CARTESIAN_POINT('',(-16.5484896113636,16.0684987518101,-6.14281868435858));
#3243=CARTESIAN_POINT('',(-7.77546464743642,8.3014645803598,-4.82123864636783));
#3244=CARTESIAN_POINT('',(-5.8654607425328,5.71042906714266,-7.09734755068796));
#3245=CARTESIAN_POINT('',(-5.8654607425328,5.71042906714266,-7.09734755068796));
#3246=CARTESIAN_POINT('',(-16.7757917650029,15.3696873300333,-8.74089418898605));
#3247=CARTESIAN_POINT('',(-16.7757917650029,15.3696873300333,-8.74089418898605));
#3248=CARTESIAN_POINT('',(-16.6898532215678,15.633894398738,-7.75861214269982));
#3249=CARTESIAN_POINT('',(-16.6898532215678,15.633894398738,-7.75861214269982));
#3250=CARTESIAN_POINT('',(-16.7757917650029,15.3696873300333,-8.74089418898605));
#3251=CARTESIAN_POINT('Origin',(-11.0804325012864,8.9491317875151,-4.70629623284428));
#3252=CARTESIAN_POINT('',(-5.53664954138435,2.06257427061865,-3.33901832382714));
#3253=CARTESIAN_POINT('',(-16.221404902723,2.06257427061865,-2.40422335716224));
#3254=CARTESIAN_POINT('',(-13.570506742695,2.06257427061866,-2.6361468943264));
#3255=CARTESIAN_POINT('',(-5.61706150069399,5.50585302906687,-4.258131224504));
#3256=CARTESIAN_POINT('',(-16.465359216353,12.5088152696626,-5.19263392143727));
#3257=CARTESIAN_POINT('Origin',(-16.3627685129272,1.62796991754655,-4.02001681550348));
#3258=CARTESIAN_POINT('',(-15.2925245941094,4.91829806702794,8.21292715329749));
#3259=CARTESIAN_POINT('',(-16.3627685129272,1.62796991754655,-4.02001681550348));
#3260=CARTESIAN_POINT('',(-4.60776923277072,4.91829806702794,7.27813218663259));
#3261=CARTESIAN_POINT('',(-15.2925245941094,4.91829806702794,8.21292715329749));
#3262=CARTESIAN_POINT('',(-5.41045217188409,2.4505519549169,-1.89657578996814));
#3263=CARTESIAN_POINT('Origin',(-19.6784373158431,15.633894398738,-7.49714491445687));
#3264=CARTESIAN_POINT('',(-19.7643758592782,15.3696873300333,-8.47942696074309));
#3265=CARTESIAN_POINT('',(-16.3663316756814,15.3696873300333,-8.776717304968));
#3266=CARTESIAN_POINT('',(-19.6784373158431,15.633894398738,-7.49714491445687));
#3267=CARTESIAN_POINT('',(-19.6784373158431,15.633894398738,-7.49714491445687));
#3268=CARTESIAN_POINT('',(-19.6784373158431,15.633894398738,-7.49714491445687));
#3269=CARTESIAN_POINT('Origin',(-19.2724011258064,-1.75277047446518,-2.85613002552348));
#3270=CARTESIAN_POINT('',(-19.3583396692415,-2.01697754316988,-3.83841207180971));
#3271=CARTESIAN_POINT('',(-19.4584894989002,2.27148631328127,-4.98312986292083));
#3272=CARTESIAN_POINT('',(-19.2724011258064,-1.75277047446518,-2.85613002552348));
#3273=CARTESIAN_POINT('',(-19.2724011258064,-1.75277047446518,-2.85613002552348));
#3274=CARTESIAN_POINT('',(-19.2724011258064,-1.75277047446518,-2.85613002552348));
#3275=CARTESIAN_POINT('Origin',(-12.6766124179302,6.82415723843712,-5.74014629619552));
#3276=CARTESIAN_POINT('',(-16.2838170315312,-1.75277047446519,-3.11759725376643));
#3277=CARTESIAN_POINT('',(-16.2838170315312,-1.75277047446519,-3.11759725376643));
#3278=CARTESIAN_POINT('',(-5.59906167019253,-1.75277047446519,-4.05239222043133));
#3279=CARTESIAN_POINT('Origin',(-12.7625509613652,6.55995016973242,-6.72242834248175));
#3280=CARTESIAN_POINT('',(-5.68500021362761,-2.01697754316989,-5.03467426671756));
#3281=CARTESIAN_POINT('',(-5.82462578398428,3.96185650928714,-6.63060183869721));
#3282=CARTESIAN_POINT('',(-9.12362575783778,-2.01697754316989,-4.73383351348853));
#3283=CARTESIAN_POINT('Origin',(-15.2135731127133,1.5375576750162,9.11534671503454));
#3284=CARTESIAN_POINT('',(-4.5288177513747,1.5375576750162,8.18055174836964));
#3285=CARTESIAN_POINT('',(-4.79637873107916,0.714975637645854,5.1223157561694));
#3286=CARTESIAN_POINT('',(-15.2135731127133,1.5375576750162,9.11534671503454));
#3287=CARTESIAN_POINT('',(-15.2135731127133,1.5375576750162,9.11534671503454));
#3288=CARTESIAN_POINT('',(-15.2135731127133,1.5375576750162,9.11534671503454));
#3289=CARTESIAN_POINT('Origin',(-15.2925245941094,4.91829806702794,8.21292715329749));
#3290=CARTESIAN_POINT('',(-4.58803136242171,4.07311296902501,7.50373707706686));
#3291=CARTESIAN_POINT('',(-15.61960930275,18.9242225482194,4.47433182610115));
#3292=CARTESIAN_POINT('Origin',(-15.7881708128203,1.58276379628138,2.54766494976553));
#3293=CARTESIAN_POINT('Origin',(-5.10341545148162,1.58276379628138,1.61286998310063));
#3294=CARTESIAN_POINT('Origin',(6.60416035243161,9.09295444402496,-6.29218199698958));
#3295=CARTESIAN_POINT('',(2.07170962476217,6.40924048891946,-5.17379811203418));
#3296=CARTESIAN_POINT('',(10.8118862464564,16.0684987518102,-8.53654140172605));
#3297=CARTESIAN_POINT('',(8.11493680298032,13.0879490073308,-7.49890234290238));
#3298=CARTESIAN_POINT('',(11.0374619075879,6.40924048891946,-5.95819979676305));
#3299=CARTESIAN_POINT('',(4.36927179175684,6.40924048891946,-5.37480875539226));
#3300=CARTESIAN_POINT('',(11.0061251044279,7.75109746647221,-6.31638109588267));
#3301=CARTESIAN_POINT('Origin',(10.8101597539486,5.71042906714265,-8.55627530139051));
#3302=CARTESIAN_POINT('',(10.8101597539486,5.71042906714265,-8.55627530139051));
#3303=CARTESIAN_POINT('',(10.8101597539486,5.71042906714265,-8.55627530139051));
#3304=CARTESIAN_POINT('',(10.5845840928171,15.3696873300333,-11.1346169063535));
#3305=CARTESIAN_POINT('',(10.5845840928171,15.3696873300333,-11.1346169063535));
#3306=CARTESIAN_POINT('',(10.5845840928171,15.3696873300333,-11.1346169063535));
#3307=CARTESIAN_POINT('Origin',(1.84440747112288,5.71042906714265,-7.77187361666164));
#3308=CARTESIAN_POINT('',(1.84440747112288,5.71042906714265,-7.77187361666164));
#3309=CARTESIAN_POINT('',(1.84440747112288,5.71042906714265,-7.77187361666164));
#3310=CARTESIAN_POINT('',(10.8101597539486,5.71042906714265,-8.55627530139051));
#3311=CARTESIAN_POINT('Origin',(10.5845840928171,15.3696873300333,-11.1346169063535));
#3312=CARTESIAN_POINT('',(1.84440747112288,5.71042906714265,-7.77187361666164));
#3313=CARTESIAN_POINT('Origin',(6.32648425363321,10.5376006718015,-9.46238197557221));
#3314=CARTESIAN_POINT('polyline point',(-15.61960930275,18.9242225482194,
4.47433182610115));
#3315=CARTESIAN_POINT('polyline point',(-18.6081933970252,18.9242225482194,
4.73579905434411));
#3316=CARTESIAN_POINT('polyline point',(-18.6081933970252,18.9242225482194,
4.73579905434411));
#3317=CARTESIAN_POINT('polyline point',(-19.6784373158431,15.633894398738,
-7.49714491445687));
#3318=CARTESIAN_POINT('polyline point',(-19.6784373158431,15.633894398738,
-7.49714491445687));
#3319=CARTESIAN_POINT('polyline point',(-16.6898532215678,15.633894398738,
-7.75861214269983));
#3320=CARTESIAN_POINT('polyline point',(-16.6898532215678,15.633894398738,
-7.75861214269983));
#3321=CARTESIAN_POINT('polyline point',(-15.61960930275,18.9242225482194,
4.47433182610115));
#3322=CARTESIAN_POINT('',(-0.394263398111876,16.8825482628099,-4.50645126148349));
#3323=CARTESIAN_POINT('polyline point',(14.7293506493453,18.9242225482194,
1.81914188049074));
#3324=CARTESIAN_POINT('polyline point',(11.74076655507,18.9242225482194,
2.0806091087337));
#3325=CARTESIAN_POINT('polyline point',(11.74076655507,18.9242225482194,
2.0806091087337));
#3326=CARTESIAN_POINT('polyline point',(10.6687700756465,15.6285063751359,
-10.1723667194544));
#3327=CARTESIAN_POINT('polyline point',(10.6687700756465,15.6285063751359,
-10.1723667194544));
#3328=CARTESIAN_POINT('polyline point',(13.6573541699217,15.6285063751359,
-10.4338339476974));
#3329=CARTESIAN_POINT('polyline point',(13.6573541699217,15.6285063751359,
-10.4338339476974));
#3330=CARTESIAN_POINT('polyline point',(14.7293506493453,18.9242225482194,
1.81914188049074));
#3331=CARTESIAN_POINT('',(-0.394263398111878,16.8825482628099,-4.50645126148349));
#3332=UNCERTAINTY_MEASURE_WITH_UNIT(LENGTH_MEASURE(0.01),#3336,
'DISTANCE_ACCURACY_VALUE',
'Maximum model space distance between geometric entities at asserted c
onnectivities');
#3333=UNCERTAINTY_MEASURE_WITH_UNIT(LENGTH_MEASURE(0.01),#3336,
'DISTANCE_ACCURACY_VALUE',
'Maximum model space distance between geometric entities at asserted c
onnectivities');
#3334=(
GEOMETRIC_REPRESENTATION_CONTEXT(3)
GLOBAL_UNCERTAINTY_ASSIGNED_CONTEXT((#3332))
GLOBAL_UNIT_ASSIGNED_CONTEXT((#3336,#3338,#3339))
REPRESENTATION_CONTEXT('','3D')
);
#3335=(
GEOMETRIC_REPRESENTATION_CONTEXT(3)
GLOBAL_UNCERTAINTY_ASSIGNED_CONTEXT((#3333))
GLOBAL_UNIT_ASSIGNED_CONTEXT((#3336,#3338,#3339))
REPRESENTATION_CONTEXT('','3D')
);
#3336=(
LENGTH_UNIT()
NAMED_UNIT(*)
SI_UNIT(.MILLI.,.METRE.)
);
#3337=(
LENGTH_UNIT()
NAMED_UNIT(*)
SI_UNIT(.CENTI.,.METRE.)
);
#3338=(
NAMED_UNIT(*)
PLANE_ANGLE_UNIT()
SI_UNIT($,.RADIAN.)
);
#3339=(
NAMED_UNIT(*)
SI_UNIT($,.STERADIAN.)
SOLID_ANGLE_UNIT()
);
#3340=SHAPE_DEFINITION_REPRESENTATION(#3341,#3342);
#3341=PRODUCT_DEFINITION_SHAPE('',$,#3344);
#3342=SHAPE_REPRESENTATION('',(#1925),#3334);
#3343=PRODUCT_DEFINITION_CONTEXT('part definition',#3348,'design');
#3344=PRODUCT_DEFINITION('\X2\722A5B504E0B\X0\15\X2\5EA6\X0\',
'\X2\722A5B504E0B\X0\15\X2\5EA6\X0\',#3345,#3343);
#3345=PRODUCT_DEFINITION_FORMATION('',$,#3350);
#3346=PRODUCT_RELATED_PRODUCT_CATEGORY('\X2\722A5B504E0B\X0\15\X2\5EA6\X0\',
'\X2\722A5B504E0B\X0\15\X2\5EA6\X0\',(#3350));
#3347=APPLICATION_PROTOCOL_DEFINITION('international standard',
'automotive_design',2009,#3348);
#3348=APPLICATION_CONTEXT(
'Core Data for Automotive Mechanical Design Process');
#3349=PRODUCT_CONTEXT('part definition',#3348,'mechanical');
#3350=PRODUCT('\X2\722A5B504E0B\X0\15\X2\5EA6\X0\','\X2\722A5B504E0B\X0\1
5\X2\5EA6\X0\',$,(#3349));
#3351=PRESENTATION_STYLE_ASSIGNMENT((#3353));
#3352=PRESENTATION_STYLE_ASSIGNMENT((#3354));
#3353=SURFACE_STYLE_USAGE(.BOTH.,#3357);
#3354=SURFACE_STYLE_USAGE(.BOTH.,#3358);
#3355=SURFACE_STYLE_RENDERING_WITH_PROPERTIES($,#3365,(#3356));
#3356=SURFACE_STYLE_TRANSPARENT(0.);
#3357=SURFACE_SIDE_STYLE('',(#3359,#3355));
#3358=SURFACE_SIDE_STYLE('',(#3360));
#3359=SURFACE_STYLE_FILL_AREA(#3361);
#3360=SURFACE_STYLE_FILL_AREA(#3362);
#3361=FILL_AREA_STYLE('',(#3363));
#3362=FILL_AREA_STYLE('',(#3364));
#3363=FILL_AREA_STYLE_COLOUR('',#3365);
#3364=FILL_AREA_STYLE_COLOUR('',#3366);
#3365=COLOUR_RGB('',0.792156862745098,0.819607843137255,0.933333333333333);
#3366=COLOUR_RGB('',1.,1.,0.);
ENDSEC;
END-ISO-10303-21;
